draw_idx,number,freq_short,freq_medium,freq_long,freq_all,freq_trend,gap_since_last,recency_weighted,pair_score,triplet_score,adjacent_flag,is_odd,is_low,target
1,1,0,0,0,0,0.0,1,0.0,0,0,0,1,1,0
1,2,0,0,0,0,0.0,1,0.0,0,0,0,0,1,1
1,3,0,0,0,0,0.0,1,0.0,0,0,0,1,1,0
1,4,0,0,0,0,0.0,1,0.0,0,0,0,0,1,0
1,5,0,0,0,0,0.0,1,0.0,0,0,0,1,1,0
1,6,0,0,0,0,0.0,1,0.0,0,0,1,0,1,0
1,7,1,1,1,1,0.08,1,1.0,1,0,0,1,0,0
1,8,0,0,0,0,0.0,1,0.0,0,0,1,0,0,0
1,9,0,0,0,0,0.0,1,0.0,0,0,1,1,0,1
1,10,1,1,1,1,0.08,1,1.0,1,0,0,0,0,0
1,11,0,0,0,0,0.0,1,0.0,0,0,1,1,0,0
1,12,0,0,0,0,0.0,1,0.0,0,0,0,0,0,0
2,1,0,0,0,0,0.0,2,0.0,0,0,1,1,1,0
2,2,1,1,1,1,0.08,1,1.0,1,0,0,0,1,0
2,3,0,0,0,0,0.0,2,0.0,0,0,1,1,1,0
2,4,0,0,0,0,0.0,2,0.0,0,0,0,0,1,1
2,5,0,0,0,0,0.0,2,0.0,0,0,0,1,1,0
2,6,0,0,0,0,0.0,2,0.0,0,0,0,0,1,0
2,7,1,1,1,1,0.08,2,0.9330329915368074,0,0,0,1,0,0
2,8,0,0,0,0,0.0,2,0.0,0,0,1,0,0,0
2,9,1,1,1,1,0.08,1,1.0,1,0,0,1,0,1
2,10,1,1,1,1,0.08,2,0.9330329915368074,0,0,1,0,0,0
2,11,0,0,0,0,0.0,2,0.0,0,0,0,1,0,0
2,12,0,0,0,0,0.0,2,0.0,0,0,0,0,0,0
3,1,0,0,0,0,0.0,3,0.0,0,0,0,1,1,0
3,2,1,1,1,1,0.08,2,0.9330329915368074,1,0,0,0,1,0
3,3,0,0,0,0,0.0,3,0.0,0,0,1,1,1,1
3,4,1,1,1,1,0.08,1,1.0,1,0,0,0,1,0
3,5,0,0,0,0,0.0,3,0.0,0,0,1,1,1,1
3,6,0,0,0,0,0.0,3,0.0,0,0,0,0,1,0
3,7,1,1,1,1,0.08,3,0.8705505632961241,0,0,0,1,0,0
3,8,0,0,0,0,0.0,3,0.0,0,0,1,0,0,0
3,9,2,2,2,2,0.16,1,1.9330329915368074,1,0,0,1,0,0
3,10,1,1,1,1,0.08,3,0.8705505632961241,0,0,1,0,0,0
3,11,0,0,0,0,0.0,3,0.0,0,0,0,1,0,0
3,12,0,0,0,0,0.0,3,0.0,0,0,0,0,0,0
4,1,0,0,0,0,0.0,4,0.0,0,0,0,1,1,0
4,2,1,1,1,1,0.08,3,0.8705505632961241,0,0,1,0,1,0
4,3,1,1,1,1,0.08,1,1.0,1,0,0,1,1,0
4,4,1,1,1,1,0.08,2,0.9330329915368074,0,0,1,0,1,0
4,5,1,1,1,1,0.08,1,1.0,1,0,0,1,1,0
4,6,0,0,0,0,0.0,4,0.0,0,0,1,0,1,0
4,7,1,1,1,1,0.08,4,0.8122523963562355,0,0,0,1,0,1
4,8,0,0,0,0,0.0,4,0.0,0,0,0,0,0,1
4,9,2,2,2,2,0.16,2,1.8035835548329315,0,0,0,1,0,0
4,10,1,1,1,1,0.08,4,0.8122523963562355,0,0,0,0,0,0
4,11,0,0,0,0,0.0,4,0.0,0,0,0,1,0,0
4,12,0,0,0,0,0.0,4,0.0,0,0,0,0,0,0
5,1,0,0,0,0,0.0,5,0.0,0,0,0,1,1,0
5,2,1,1,1,1,0.08,4,0.8122523963562355,0,0,0,0,1,0
5,3,1,1,1,1,0.08,2,0.9330329915368074,0,0,0,1,1,0
5,4,1,1,1,1,0.08,3,0.8705505632961241,0,0,0,0,1,1
5,5,1,1,1,1,0.08,2,0.9330329915368074,0,0,0,1,1,0
5,6,0,0,0,0,0.0,5,0.0,0,0,1,0,1,0
5,7,2,2,2,2,0.16,1,1.757858283255199,1,0,1,1,0,0
5,8,1,1,1,1,0.08,1,1.0,1,0,1,0,0,1
5,9,2,2,2,2,0.16,3,1.6828029596523597,0,0,1,1,0,0
5,10,1,1,1,1,0.08,5,0.757858283255199,1,0,0,0,0,0
5,11,0,0,0,0,0.0,5,0.0,0,0,0,1,0,0
5,12,0,0,0,0,0.0,5,0.0,0,0,0,0,0,0
6,1,0,0,0,0,0.0,6,0.0,0,0,0,1,1,0
6,2,1,1,1,1,0.08,5,0.757858283255199,0,0,0,0,1,0
6,3,1,1,1,1,0.08,3,0.8705505632961241,0,0,1,1,1,0
6,4,2,2,2,2,0.16,1,1.8122523963562354,1,0,0,0,1,0
6,5,1,1,1,1,0.08,3,0.8705505632961241,0,0,1,1,1,0
6,6,0,0,0,0,0.0,6,0.0,0,0,0,0,1,0
6,7,2,2,2,2,0.16,2,1.6401397727233549,1,0,1,1,0,0
6,8,2,2,2,2,0.16,1,1.9330329915368074,1,0,0,0,0,0
6,9,2,2,2,2,0.16,4,1.5701106796114346,1,0,1,1,0,1
6,10,1,1,1,1,0.08,6,0.7071067811865475,0,0,0,0,0,1
6,11,0,0,0,0,0.0,6,0.0,0,0,0,1,0,0
6,12,0,0,0,0,0.0,6,0.0,0,0,0,0,0,0
7,1,0,0,0,0,0.0,7,0.0,0,0,0,1,1,0
7,2,1,1,1,1,0.08,6,0.7071067811865475,1,0,0,0,1,0
7,3,1,1,1,1,0.08,4,0.8122523963562355,0,0,0,1,1,0
7,4,2,2,2,2,0.16,2,1.6908912747920064,1,0,0,0,1,1
7,5,1,1,1,1,0.08,4,0.8122523963562355,0,0,0,1,1,0
7,6,0,0,0,0,0.0,7,0.0,0,0,0,0,1,0
7,7,2,2,2,2,0.16,3,1.5303045186825712,1,0,0,1,0,0
7,8,2,2,2,2,0.16,2,1.8035835548329315,0,0,1,0,0,0
7,9,3,3,3,3,0.24,1,2.4649650644417465,1,0,1,1,0,0
7,10,2,2,2,2,0.16,1,1.659753955386447,1,0,1,0,0,1
7,11,0,0,0,0,0.0,7,0.0,0,0,1,1,0,0
7,12,0,0,0,0,0.0,7,0.0,0,0,0,0,0,0
8,1,0,0,0,0,0.0,8,0.0,0,0,0,1,1,0
8,2,1,1,1,1,0.08,7,0.6597539553864471,0,0,0,0,1,0
8,3,1,1,1,1,0.08,5,0.757858283255199,0,0,1,1,1,1
8,4,3,3,3,3,0.24,1,2.5776573444826716,1,0,0,0,1,0
8,5,1,1,1,1,0.08,5,0.757858283255199,0,0,1,1,1,1
8,6,0,0,0,0,0.0,8,0.0,0,0,0,0,1,0
8,7,2,2,2,2,0.16,4,1.4278246030286936,1,0,0,1,0,0
8,8,2,2,2,2,0.16,3,1.6828029596523597,1,0,0,0,0,0
8,9,3,3,3,3,0.24,2,2.2998937281098017,2,0,1,1,0,0
8,10,3,3,3,3,0.24,1,2.5486051982092652,1,0,0,0,0,0
8,11,0,0,0,0,0.0,8,0.0,0,0,1,1,0,0
8,12,0,0,0,0,0.0,8,0.0,0,0,0,0,0,0
9,1,0,0,0,0,0.0,9,0.0,0,0,0,1,1,0
9,2,1,1,1,1,0.08,8,0.6155722066724582,0,0,1,0,1,0
9,3,2,2,2,2,0.16,1,1.7071067811865475,2,0,0,1,1,0
9,4,3,3,3,3,0.24,2,2.40503934327949,0,0,1,0,1,1
9,5,2,2,2,2,0.16,1,1.7071067811865475,2,0,0,1,1,0
9,6,0,0,0,0,0.0,9,0.0,0,0,1,0,1,0
9,7,2,2,2,2,0.16,5,1.3322074607537164,0,0,0,1,0,1
9,8,2,2,2,2,0.16,4,1.5701106796114346,0,0,0,0,0,0
9,9,3,3,3,3,0.24,3,2.1458767253550293,0,0,0,1,0,0
9,10,3,3,3,3,0.24,2,2.3779327323314488,0,0,0,0,0,0
9,11,0,0,0,0,0.0,9,0.0,0,0,0,1,0,0
9,12,0,0,0,0,0.0,9,0.0,0,0,0,0,0,0
10,1,0,0,0,0,0.0,10,0.0,0,0,0,1,1,0
10,2,1,1,1,1,0.08,9,0.5743491774985175,0,0,0,0,1,0
10,3,2,2,2,2,0.16,2,1.5927869469232545,0,0,1,1,1,1
10,4,4,4,4,4,0.32,1,3.243981053223781,1,0,0,0,1,1
10,5,2,2,2,2,0.16,2,1.5927869469232545,0,0,1,1,1,0
10,6,0,0,0,0,0.0,10,0.0,0,0,1,0,1,0
10,7,3,3,3,3,0.24,1,2.242993512454694,1,0,0,1,0,0
10,8,2,2,2,2,0.16,5,1.4649650644417467,2,0,1,0,0,0
10,9,3,3,3,3,0.24,4,2.002173780527211,1,0,0,1,0,0
10,10,3,3,3,3,0.24,3,2.218689690920506,2,0,0,0,0,0
10,11,0,0,0,0,0.0,10,0.0,0,0,0,1,0,0
10,12,0,0,0,0,0.0,10,0.0,0,0,0,0,0,0
11,1,0,0,0,0,0.0,11,0.0,0,0,0,1,1,1
11,2,1,1,1,1,0.08,10,0.5358867312681467,0,0,1,0,1,0
11,3,3,3,3,3,0.24,1,2.486122769968582,1,0,1,1,1,0
11,4,5,5,5,5,0.4,1,4.026741346578108,1,0,1,0,1,0
11,5,2,2,2,2,0.16,3,1.4861227699685822,2,0,1,1,1,0
11,6,0,0,0,0,0.0,11,0.0,0,0,0,0,1,0
11,7,2,3,3,3,0.14,2,2.0927869469232543,1,0,0,1,0,0
11,8,2,2,2,2,0.16,6,1.3668607365729948,1,0,0,0,0,0
11,9,3,3,3,3,0.24,5,1.8680941920218628,1,0,0,1,0,0
11,10,2,3,3,3,0.14,4,2.0701106796114344,1,0,0,0,0,1
11,11,0,0,0,0,0.0,11,0.0,0,0,0,1,0,0
11,12,0,0,0,0,0.0,11,0.0,0,0,0,0,0,0
12,1,1,1,1,1,0.08,1,1.0,1,0,0,1,1,0
12,2,0,1,1,1,-0.02,11,0.5000000000000001,0,0,1,0,1,0
12,3,3,3,3,3,0.24,2,2.3196345653915604,0,0,0,1,1,0
12,4,5,5,5,5,0.4,2,3.7570825247427244,1,0,0,0,1,0
12,5,2,2,2,2,0.16,4,1.386601573854753,0,0,0,1,1,1
12,6,0,0,0,0,0.0,12,0.0,0,0,0,0,1,0
12,7,2,3,3,3,0.14,3,1.9526392657369858,1,0,0,1,0,1
12,8,2,2,2,2,0.16,7,1.2753261620589054,0,0,0,0,0,0
12,9,2,3,3,3,0.14,6,1.7429935124546938,1,0,1,1,0,0
12,10,3,4,4,4,0.21999999999999997,1,2.93148156021015,1,0,0,0,0,0
12,11,0,0,0,0,0.0,12,0.0,0,0,1,1,0,0
12,12,0,0,0,0,0.0,12,0.0,0,0,0,0,0,0
13,1,1,1,1,1,0.08,2,0.9330329915368074,0,0,0,1,1,0
13,2,0,1,1,1,-0.02,12,0.4665164957684038,0,0,0,0,1,0
13,3,3,3,3,3,0.24,3,2.1642955778194697,2,0,0,1,1,0
13,4,4,5,5,5,0.30000000000000004,3,3.5054819475113654,1,0,1,0,1,1
13,5,3,3,3,3,0.24,1,2.2937450145233456,1,0,0,1,1,0
13,6,0,0,0,0,0.0,13,0.0,0,0,1,0,1,0
13,7,3,4,4,4,0.21999999999999997,1,2.821876855502815,1,0,0,1,0,0
13,8,2,2,2,2,0.16,8,1.1899213841709757,1,0,1,0,0,1
13,9,1,3,3,3,0.04000000000000001,7,1.6262704511548505,0,0,0,1,0,0
13,10,3,4,4,4,0.21999999999999997,2,2.735169009757864,1,0,0,0,0,0
13,11,0,0,0,0,0.0,13,0.0,0,0,0,1,0,0
13,12,0,0,0,0,0.0,13,0.0,0,0,0,0,0,0
14,1,1,1,1,1,0.08,3,0.8705505632961241,0,0,0,1,1,0
14,2,0,1,1,1,-0.02,13,0.4352752816480622,0,0,0,0,1,0
14,3,2,3,3,3,0.14,4,2.019359177542783,1,0,1,1,1,0
14,4,5,6,6,6,0.38,1,4.2707303082648025,2,0,0,0,1,0
14,5,2,3,3,3,0.14,2,2.1401397727233546,0,0,1,1,1,0
14,6,0,0,0,0,0.0,14,0.0,0,0,0,0,1,0
14,7,3,4,4,4,0.21999999999999997,2,2.6329042042382707,2,0,1,1,0,1
14,8,3,3,3,3,0.24,1,2.110235908766664,2,0,0,0,0,0
14,9,1,3,3,3,0.04000000000000001,8,1.5173639840889235,1,0,1,1,0,0
14,10,3,4,4,4,0.21999999999999997,3,2.5520029235331467,1,0,0,0,0,1
14,11,0,0,0,0,0.0,14,0.0,0,0,0,1,0,0
14,12,0,0,0,0,0.0,14,0.0,0,0,0,0,0,0
15,1,1,1,1,1,0.08,4,0.8122523963562355,1,0,0,1,1,0
15,2,0,1,1,1,-0.02,14,0.40612619817811785,0,0,0,0,1,1
15,3,2,3,3,3,0.14,5,1.8841287344100497,0,0,0,1,1,0
15,4,5,6,6,6,0.38,2,3.9847322755672203,2,0,0,0,1,1
15,5,2,3,3,3,0.14,3,1.9968210144509746,1,0,0,1,1,0
15,6,0,0,0,0,0.0,15,0.0,0,0,1,0,1,0
15,7,3,5,5,5,0.19999999999999998,1,3.456586486110271,2,0,0,1,0,0
15,8,2,3,3,3,0.14,2,1.968919722804954,1,0,1,0,0,0
15,9,1,3,3,3,0.04000000000000001,9,1.415750657324697,1,0,1,1,0,0
15,10,4,5,5,5,0.30000000000000004,1,3.38110292215481,2,0,0,0,0,0
15,11,0,0,0,0,0.0,15,0.0,0,0,1,1,0,0
15,12,0,0,0,0,0.0,15,0.0,0,0,0,0,0,0
16,1,1,1,1,1,0.08,5,0.757858283255199,0,0,1,1,1,0
16,2,1,2,2,2,0.060000000000000005,1,1.3789291416275997,1,0,0,0,1,0
16,3,2,3,3,3,0.14,6,1.7579542695070676,1,0,1,1,1,0
16,4,5,7,7,7,0.36,1,4.717886675545754,1,0,0,0,1,0
16,5,2,3,3,3,0.14,4,1.8630998846767555,0,0,1,1,1,0
16,6,0,0,0,0,0.0,16,0.0,0,0,0,0,1,0
16,7,3,5,5,5,0.19999999999999998,2,3.225109229641167,1,0,0,1,0,0
16,8,1,3,3,3,0.04000000000000001,3,1.8370670590645277,2,0,0,0,0,0
16,9,1,3,3,3,0.04000000000000001,10,1.3209420710738635,2,0,0,1,0,1
16,10,4,5,5,5,0.30000000000000004,2,3.1546805741519437,1,0,0,0,0,1
16,11,0,0,0,0,0.0,16,0.0,0,0,0,1,0,0
16,12,0,0,0,0,0.0,16,0.0,0,0,0,0,0,0
17,1,1,1,1,1,0.08,6,0.7071067811865475,1,0,0,1,1,0
17,2,1,2,2,2,0.060000000000000005,2,1.2865863821300814,1,0,0,0,1,0
17,3,2,3,3,3,0.14,7,1.6402293310630822,0,0,0,1,1,1
17,4,5,7,7,7,0.36,2,4.401943918616097,2,0,0,0,1,0
17,5,2,3,3,3,0.14,5,1.7383336589318341,0,0,0,1,1,0
17,6,0,0,0,0,0.0,17,0.0,0,0,0,0,1,1
17,7,3,5,5,5,0.19999999999999998,3,3.0091333125650666,2,0,0,1,0,0
17,8,1,3,3,3,0.04000000000000001,4,1.7140441737727012,0,0,1,0,0,0
17,9,1,4,4,4,0.020000000000000004,1,2.232482532220873,2,0,1,1,0,0
17,10,4,6,6,6,0.28,1,3.943421053444041,2,0,1,0,0,0
17,11,0,0,0,0,0.0,17,0.0,0,0,1,1,0,0
17,12,0,0,0,0,0.0,17,0.0,0,0,0,0,0,0
18,1,1,1,1,1,0.08,7,0.6597539553864471,0,0,0,1,1,0
18,2,1,2,2,2,0.060000000000000005,3,1.200427540989348,0,0,1,0,1,0
18,3,3,4,4,4,0.21999999999999997,1,2.530388079568204,1,0,0,1,1,0
18,4,4,7,7,7,0.26,3,4.107158902963634,1,0,1,0,1,0
18,5,2,3,3,3,0.14,6,1.6219226540822935,2,0,1,1,1,1
18,6,1,1,1,1,0.08,1,1.0,1,0,0,0,1,0
18,7,3,5,5,5,0.19999999999999998,4,2.807620656555647,0,0,1,1,0,0
18,8,1,3,3,3,0.04000000000000001,5,1.5992597630813787,0,0,0,0,0,0
18,9,1,4,4,4,0.020000000000000004,2,2.082979855591708,0,0,0,1,0,0
18,10,3,6,6,6,0.18,2,3.6793419423841223,0,0,0,0,0,1
18,11,0,0,0,0,0.0,18,0.0,0,0,0,1,0,0
18,12,0,0,0,0,0.0,18,0.0,0,0,0,0,0,0
19,1,1,1,1,1,0.08,8,0.6155722066724582,1,0,0,1,1,0
19,2,1,2,2,2,0.060000000000000005,4,1.1200384996924648,0,0,0,0,1,1
19,3,2,4,4,4,0.12000000000000001,2,2.360935559628598,2,0,0,1,1,0
19,4,4,7,7,7,0.26,4,3.832114757949191,1,0,1,0,1,0
19,5,2,4,4,4,0.12000000000000001,1,2.5133073459797206,1,0,0,1,1,0
19,6,1,1,1,1,0.08,2,0.9330329915368074,0,0,1,0,1,0
19,7,3,5,5,5,0.19999999999999998,5,2.619602700286651,3,0,0,1,0,0
19,8,1,3,3,3,0.04000000000000001,6,1.4921621209922646,0,0,0,0,0,1
19,9,1,4,4,4,0.020000000000000004,3,1.9434889259736385,2,0,1,1,0,0
19,10,4,7,7,7,0.26,1,4.432947419389505,1,0,0,0,0,0
19,11,0,0,0,0,0.0,19,0.0,0,0,1,1,0,0
19,12,0,0,0,0,0.0,19,0.0,0,0,0,0,0,0
20,1,1,1,1,1,0.08,9,0.5743491774985175,0,0,1,1,1,0
20,2,2,3,3,3,0.14,1,2.045032872004458,1,0,0,0,1,0
20,3,2,4,4,4,0.12000000000000001,3,2.2028307680258976,0,0,1,1,1,1
20,4,3,7,7,7,0.15999999999999998,5,3.5754894965216826,3,0,0,0,1,0
20,5,2,4,4,4,0.12000000000000001,2,2.3449986716708926,0,0,0,1,1,0
20,6,1,1,1,1,0.08,3,0.8705505632961241,0,0,0,0,1,0
20,7,2,5,5,5,0.1,6,2.4441757440863525,1,0,1,1,0,0
20,8,2,4,4,4,0.12000000000000001,1,2.3922364876073203,1,0,0,0,0,1
20,9,1,4,4,4,0.020000000000000004,4,1.8133392866198408,1,0,1,1,0,0
20,10,4,7,7,7,0.26,2,4.13608619203836,0,0,0,0,0,0
20,11,0,0,0,0,0.0,20,0.0,0,0,0,1,0,0
20,12,0,0,0,0,0.0,20,0.0,0,0,0,0,0,0
21,1,1,1,1,1,0.08,10,0.5358867312681467,0,0,0,1,1,0
21,2,2,3,3,3,0.14,2,1.9080831383574284,1,0,1,0,1,0
21,3,2,5,5,5,0.1,1,3.0553137813405264,1,0,0,1,1,0
21,4,2,7,7,7,0.06,6,3.336049661148059,3,0,1,0,1,1
21,5,2,4,4,4,0.12000000000000001,3,2.1879611257789326,2,0,0,1,1,0
21,6,1,1,1,1,0.08,4,0.8122523963562355,1,0,0,0,1,0
21,7,2,4,5,5,0.1,7,2.280496606346592,1,0,1,1,0,1
21,8,3,5,5,5,0.19999999999999998,1,3.232035566495763,1,0,0,0,0,0
21,9,1,4,4,4,0.020000000000000004,5,1.6919053792661303,0,0,1,1,0,0
21,10,4,6,7,7,0.26,3,3.859104873011633,0,0,0,0,0,0
21,11,0,0,0,0,0.0,21,0.0,0,0,0,1,0,0
21,12,0,0,0,0,0.0,21,0.0,0,0,0,0,0,0
22,1,0,1,1,1,-0.02,11,0.5000000000000001,0,0,0,1,1,0
22,2,2,2,3,3,0.14,3,1.7803045186825714,1,0,0,0,1,0
22,3,2,5,5,5,0.1,2,2.8507085574877866,1,0,1,1,1,0
22,4,3,8,8,8,0.13999999999999999,1,4.112644395256327,2,0,0,0,1,0
22,5,2,4,4,4,0.12000000000000001,4,2.0414399145517583,1,0,1,1,1,0
22,6,1,1,1,1,0.08,5,0.757858283255199,0,0,1,0,1,0
22,7,3,5,6,6,0.18,1,3.1277785708090975,2,0,0,1,0,0
22,8,3,5,5,5,0.19999999999999998,2,3.0155958133609015,3,0,1,0,0,0
22,9,1,3,4,4,0.020000000000000004,6,1.5786035374138943,1,0,0,1,0,1
22,10,3,6,7,7,0.15999999999999998,4,3.6006721643203154,3,0,0,0,0,1
22,11,0,0,0,0,0.0,22,0.0,0,0,0,1,0,0
22,12,0,0,0,0,0.0,22,0.0,0,0,0,0,0,0
23,1,0,1,1,1,-0.02,12,0.4665164957684038,1,0,0,1,1,0
23,2,2,2,3,3,0.14,4,1.6610828509128956,1,0,0,0,1,0
23,3,2,5,5,5,0.1,3,2.6598051333924064,0,0,0,1,1,1
23,4,3,7,8,8,0.13999999999999999,2,3.8372329032330947,2,0,0,0,1,0
23,5,1,4,4,4,0.020000000000000004,5,1.9047307905168716,1,0,0,1,1,0
23,6,1,1,1,1,0.08,6,0.7071067811865475,0,0,0,0,1,0
23,7,2,5,6,6,0.08000000000000002,2,2.918320596786732,2,0,0,1,0,0
23,8,3,5,5,5,0.19999999999999998,3,2.813650383005994,0,0,1,0,0,0
23,9,2,3,5,5,0.1,1,2.4728891809638722,3,0,1,1,0,0
23,10,4,7,8,8,0.24000000000000002,1,4.3595459210190945,3,0,1,0,0,1
23,11,0,0,0,0,0.0,23,0.0,0,0,1,1,0,0
23,12,0,0,0,0,0.0,23,0.0,0,0,0,0,0,0
24,1,0,1,1,1,-0.02,13,0.4352752816480622,1,0,0,1,1,0
24,2,2,2,3,3,0.14,5,1.5498451015777477,0,0,1,0,1,0
24,3,3,5,6,6,0.18,1,3.481685940514074,1,0,0,1,1,0
24,4,2,7,8,8,0.04000000000000001,3,3.580264894927043,2,0,1,0,1,0
24,5,1,3,4,4,0.020000000000000004,6,1.7771766675482248,3,0,0,1,1,0
24,6,1,1,1,1,0.08,7,0.6597539553864471,1,0,0,0,1,1
24,7,2,5,6,6,0.08000000000000002,3,2.7228893966834056,2,0,0,1,0,1
24,8,2,5,5,5,0.1,4,2.6252286339947664,1,0,0,0,0,0
24,9,2,3,5,5,0.1,2,2.307287190253727,3,0,1,1,0,0
24,10,5,8,9,9,0.32,1,5.067600172430532,1,0,0,0,0,0
24,11,0,0,0,0,0.0,24,0.0,0,0,1,1,0,0
24,12,0,0,0,0,0.0,24,0.0,0,0,0,0,0,0
25,1,0,1,1,1,-0.02,14,0.40612619817811785,0,0,0,1,1,0
25,2,2,2,3,3,0.14,6,1.446056611543753,0,0,0,0,1,0
25,3,3,5,6,6,0.18,2,3.248527848669489,1,0,0,1,1,0
25,4,2,7,8,8,0.04000000000000001,4,3.3405052654079923,2,0,0,0,1,1
25,5,1,3,4,4,0.020000000000000004,7,1.6581644626119345,1,0,1,1,1,0
25,6,2,2,2,2,0.16,1,1.615572206672458,1,0,1,0,1,1
25,7,2,5,7,7,0.06,1,3.540545639411371,1,0,1,1,0,0
25,8,2,4,5,5,0.1,5,2.449424925844223,1,0,1,0,0,0
25,9,2,3,5,5,0.1,3,2.15277506945699,0,0,0,1,0,0
25,10,4,8,9,9,0.22000000000000003,2,4.7282381487953,2,0,0,0,0,0
25,11,0,0,0,0,0.0,25,0.0,0,0,0,1,0,0
25,12,0,0,0,0,0.0,25,0.0,0,0,0,0,0,0
26,1,0,1,1,1,-0.02,15,0.3789291416275996,0,0,0,1,1,0
26,2,1,2,3,3,0.04000000000000001,7,1.349218526200247,1,0,0,0,1,0
26,3,3,5,6,6,0.18,3,3.0309836567347226,2,0,1,1,1,0
26,4,2,7,9,9,0.020000000000000018,1,4.116801621028076,1,0,0,0,1,0
26,5,1,3,4,4,0.020000000000000004,8,1.547122149010836,0,0,1,1,1,1
26,6,3,3,3,3,0.24,1,2.507382169035325,1,0,0,0,1,0
26,7,2,5,7,7,0.06,2,3.30344588961259,3,0,1,1,0,0
26,8,2,3,5,5,0.1,6,2.285394266105258,2,0,0,0,0,1
26,9,2,3,5,5,0.1,4,2.008610163161314,1,0,0,1,0,0
26,10,4,8,9,9,0.22000000000000003,3,4.411602184668935,1,0,0,0,0,0
26,11,0,0,0,0,0.0,26,0.0,0,0,0,1,0,0
26,12,0,0,0,0,0.0,26,0.0,0,0,0,0,0,0
27,1,0,1,1,1,-0.02,16,0.35355339059327384,0,0,0,1,1,0
27,2,1,2,3,3,0.04000000000000001,8,1.2588653977374988,1,0,0,0,1,1
27,3,3,5,6,6,0.18,4,2.82800774854237,3,0,0,1,1,0
27,4,2,7,9,9,0.020000000000000018,2,3.8411117320314037,2,0,1,0,1,0
27,5,2,4,5,5,0.1,1,2.4435160069644346,1,0,0,1,1,1
27,6,3,3,3,3,0.24,2,2.3394702861010783,0,0,1,0,1,0
27,7,2,5,7,7,0.06,3,3.082224000765205,2,0,1,1,0,0
27,8,3,4,6,6,0.18,1,3.1323482489452554,1,0,0,0,0,0
27,9,1,2,5,5,0.0,5,1.8740995493656354,0,0,1,1,0,0
27,10,3,7,9,9,0.12,4,4.116170383831971,1,0,0,0,0,0
27,11,0,0,0,0,0.0,27,0.0,0,0,0,1,0,0
27,12,0,0,0,0,0.0,27,0.0,0,0,0,0,0,0
28,1,0,1,1,1,-0.02,17,0.32987697769322366,0,0,1,1,1,0
28,2,2,3,4,4,0.12000000000000001,1,2.1745629479931914,1,0,0,0,1,0
28,3,2,5,6,6,0.08000000000000002,5,2.6386245297117585,2,0,1,1,1,0
28,4,2,6,9,9,0.020000000000000018,3,3.583883970164388,1,0,1,0,1,0
28,5,3,5,6,6,0.18,1,3.2798810498461006,1,0,0,1,1,0
28,6,2,3,3,3,0.14,3,2.18280295965236,0,0,1,0,1,0
28,7,2,5,7,7,0.06,4,2.875816680020506,1,0,0,1,0,1
28,8,3,4,6,6,0.18,2,2.922584257248472,2,0,0,0,0,0
28,9,1,2,5,5,0.0,6,1.7485967089824015,1,0,0,1,0,1
28,10,3,6,9,9,0.12,5,3.8405227669019526,1,0,0,0,0,0
28,11,0,0,0,0,0.0,28,0.0,0,0,0,1,0,0
28,12,0,0,0,0,0.0,28,0.0,0,0,0,0,0,0
29,1,0,1,1,1,-0.02,18,0.30778610333622913,0,0,0,1,1,0
29,2,2,3,4,4,0.12000000000000001,2,2.0289389726511864,1,0,0,0,1,0
29,3,2,4,6,6,0.08000000000000002,6,2.4619237384993635,0,0,0,1,1,1
29,4,2,6,9,9,0.020000000000000018,4,3.3438819820032895,3,0,0,0,1,0
29,5,2,4,6,6,0.08000000000000002,2,3.0602372278227916,1,0,0,1,1,0
29,6,2,3,3,3,0.14,4,2.0366271753798384,1,0,1,0,1,0
29,7,3,6,8,8,0.13999999999999999,1,3.6832318400709823,1,0,0,1,0,0
29,8,3,4,6,6,0.18,3,2.72686753255892,1,0,1,0,0,1
29,9,2,3,6,6,0.08000000000000002,1,2.6314984183732664,1,0,0,1,0,0
29,10,2,6,9,9,0.020000000000000018,6,3.5833344462677457,5,0,1,0,0,0
29,11,0,0,0,0,0.0,29,0.0,0,0,0,1,0,0
29,12,0,0,0,0,0.0,29,0.0,0,0,0,0,0,0
30,1,0,1,1,1,-0.02,19,0.28717458874925883,0,0,0,1,1,0
30,2,1,3,4,4,0.020000000000000004,3,1.893066999298353,1,0,1,0,1,0
30,3,3,5,7,7,0.15999999999999998,1,3.297056070667542,2,0,0,1,1,0
30,4,2,5,9,9,0.020000000000000018,5,3.119952209014558,3,0,1,0,1,0
30,5,2,4,6,6,0.08000000000000002,3,2.855302295487806,3,0,0,1,1,0
30,6,2,3,3,3,0.14,5,1.9002403460898087,1,0,0,0,1,0
30,7,3,5,8,8,0.13999999999999999,2,3.4365768222650486,1,0,1,1,0,1
30,8,3,5,7,7,0.15999999999999998,1,3.5442573714280416,2,0,0,0,0,1
30,9,2,3,6,6,0.08000000000000002,2,2.455274841519186,0,0,1,1,0,0
30,10,2,6,9,9,0.020000000000000018,7,3.343369258078084,1,0,0,0,0,0
30,11,0,0,0,0,0.0,30,0.0,0,0,0,1,0,0
30,12,0,0,0,0,0.0,30,0.0,0,0,0,0,0,0
31,1,0,1,1,1,-0.02,20,0.26794336563407334,0,0,0,1,1,0
31,2,1,3,4,4,0.020000000000000004,4,1.7662939655349497,1,0,0,0,1,0
31,3,2,4,7,7,0.06,2,3.0762620888795285,2,0,0,1,1,0
31,4,2,4,9,9,0.020000000000000018,6,2.911018343028724,4,0,0,0,1,0
31,5,2,4,6,6,0.08000000000000002,4,2.6640912425009007,2,0,0,1,1,0
31,6,2,3,3,3,0.14,6,1.7729869347511125,1,0,1,0,1,1
31,7,4,6,9,9,0.22000000000000003,1,4.206439553124014,2,0,1,1,0,1
31,8,3,6,8,8,0.13999999999999999,1,4.306909058039887,2,0,1,0,0,0
31,9,2,3,6,6,0.08000000000000002,3,2.290852430427707,1,0,1,1,0,0
31,10,2,6,9,9,0.020000000000000018,8,3.1194738206767907,2,0,0,0,0,0
31,11,0,0,0,0,0.0,31,0.0,0,0,0,1,0,0
31,12,0,0,0,0,0.0,31,0.0,0,0,0,0,0,0
32,1,0,0,1,1,-0.02,21,0.25000000000000006,0,0,0,1,1,0
32,2,1,3,4,4,0.020000000000000004,5,1.6480105425964846,0,0,0,0,1,0
32,3,2,4,7,7,0.06,3,2.8702540195385344,1,0,0,1,1,1
32,4,1,4,9,9,-0.07999999999999999,7,2.7160761530146105,3,0,0,0,1,1
32,5,2,4,6,6,0.08000000000000002,5,2.4856850217176256,1,0,1,1,1,0
32,6,3,4,4,4,0.21999999999999997,1,2.654255303686505,2,0,1,0,1,0
32,7,4,7,10,10,0.2,1,4.92474687997005,2,0,1,1,0,0
32,8,3,6,8,8,0.13999999999999999,2,4.018488242699929,2,0,1,0,0,0
32,9,2,3,6,6,0.08000000000000002,4,2.1374408963313294,1,0,0,1,0,0
32,10,2,5,9,9,0.020000000000000018,9,2.91057199092682,2,0,0,0,0,0
32,11,0,0,0,0,0.0,32,0.0,0,0,0,1,0,0
32,12,0,0,0,0,0.0,32,0.0,0,0,0,0,0,0
33,1,0,0,1,1,-0.02,22,0.2332582478842019,0,0,0,1,1,0
33,2,1,3,4,4,0.020000000000000004,6,1.5376482066429953,1,0,1,0,1,0
33,3,3,5,8,8,0.13999999999999999,1,3.678041694320585,2,0,1,1,1,0
33,4,2,5,10,10,0.0,1,3.5341886582890054,2,0,1,0,1,0
33,5,2,3,6,6,0.08000000000000002,6,2.3192261318314302,2,0,1,1,1,0
33,6,3,4,4,4,0.21999999999999997,2,2.476507766301057,2,0,0,0,1,1
33,7,4,6,10,10,0.2,2,4.5949513139800136,2,0,0,1,0,0
33,8,3,6,8,8,0.13999999999999999,3,3.749382106541803,4,0,0,0,0,0
33,9,1,3,6,6,-0.01999999999999999,5,1.9943028737371353,1,0,0,1,0,1
33,10,1,5,9,9,-0.07999999999999999,10,2.7156596917776925,2,0,0,0,0,0
33,11,0,0,0,0,0.0,33,0.0,0,0,0,1,0,0
33,12,0,0,0,0,0.0,33,0.0,0,0,0,0,0,0
34,1,0,0,1,1,-0.02,23,0.2176376408240311,0,0,0,1,1,0
34,2,1,3,4,4,0.020000000000000004,7,1.4346765061753208,1,0,0,0,1,1
34,3,2,5,8,8,0.04000000000000001,2,3.431734245049043,1,0,0,1,1,0
34,4,2,4,10,10,0.0,2,3.2975146164988463,2,0,0,0,1,0
34,5,2,3,6,6,0.08000000000000002,7,2.1639144958330174,0,0,1,1,1,0
34,6,4,5,5,5,0.30000000000000004,1,3.310663449756012,1,0,0,0,1,0
34,7,4,6,10,10,0.2,3,4.287241170448756,3,0,1,1,0,1
34,8,3,5,8,8,0.13999999999999999,4,3.4982972032812754,0,0,1,0,0,0
34,9,2,4,7,7,0.06,1,2.860750376313411,1,0,0,1,0,0
34,10,0,5,9,9,-0.18,11,2.533800086215265,3,0,1,0,0,0
34,11,0,0,0,0,0.0,34,0.0,0,0,0,1,0,0
34,12,0,0,0,0,0.0,34,0.0,0,0,0,0,0,0
35,1,0,0,1,1,-0.02,24,0.20306309908905892,0,0,1,1,1,1
35,2,2,4,5,5,0.1,1,2.3386005124443345,1,0,0,0,1,0
35,3,2,5,8,8,0.04000000000000001,3,3.201921268817416,0,0,1,1,1,0
35,4,2,4,10,10,0.0,3,3.0766899272682666,3,0,0,0,1,0
35,5,2,3,6,6,0.08000000000000002,8,2.0190036154769424,2,0,0,1,1,0
35,6,3,5,5,5,0.19999999999999998,2,3.0889582224974186,2,0,1,0,1,1
35,7,4,6,11,11,0.18000000000000002,1,5.000137454703567,1,0,0,1,0,0
35,8,3,5,8,8,0.13999999999999999,5,3.264026704862375,3,0,1,0,0,0
35,9,2,4,7,7,0.06,2,2.6691744816517495,2,0,0,1,0,0
35,10,0,4,9,9,-0.18,12,2.364119074397649,2,0,0,0,0,0
35,11,0,0,0,0,0.0,35,0.0,0,0,0,1,0,0
35,12,0,0,0,0,0.0,35,0.0,0,0,0,0,0,0
36,1,1,1,2,2,0.060000000000000005,1,1.1894645708137999,1,0,0,1,1,0
36,2,2,3,5,5,0.1,2,2.1819914321354483,0,0,1,0,1,0
36,3,2,5,8,8,0.04000000000000001,4,2.9874981801100438,1,0,0,1,1,0
36,4,1,3,10,10,-0.1,4,2.8706532068702733,1,0,0,0,1,0
36,5,2,3,6,6,0.08000000000000002,9,1.8837969832720816,0,0,1,1,1,1
36,6,3,6,6,6,0.18,1,3.8820999310689857,1,0,0,0,1,0
36,7,4,6,11,11,0.18000000000000002,2,4.665293207457307,2,0,1,1,0,0
36,8,3,5,8,8,0.13999999999999999,6,3.0454446008937697,0,0,0,0,0,0
36,9,2,4,7,7,0.06,3,2.490427851549239,1,0,0,1,0,1
36,10,0,4,9,9,-0.18,13,2.2058010923344664,1,0,0,0,0,0
36,11,0,0,0,0,0.0,36,0.0,0,0,0,1,0,0
36,12,0,0,0,0,0.0,36,0.0,0,0,0,0,0,0
37,1,1,1,2,2,0.060000000000000005,2,1.1098096868334444,0,0,0,1,1,0
37,2,2,3,5,5,0.1,3,2.03586999343302,2,0,0,0,1,1
37,3,2,5,8,8,0.04000000000000001,5,2.787434364198842,2,0,0,1,1,0
37,4,1,3,10,10,-0.1,5,2.6784141492709006,1,0,1,0,1,0
37,5,2,4,7,7,0.06,1,2.7576447347503636,1,0,0,1,1,0
37,6,3,6,6,6,0.18,2,3.6221273121301296,1,0,1,0,1,0
37,7,4,6,11,11,0.18000000000000002,3,4.352872477750238,2,0,0,1,0,0
37,8,2,5,8,8,0.04000000000000001,7,2.8415002865315326,1,0,1,0,0,0
37,9,3,4,8,8,0.13999999999999999,1,3.3236513485375707,1,0,0,1,0,0
37,10,0,3,9,9,-0.18,14,2.0580851919159846,4,0,1,0,0,1
37,11,0,0,0,0,0.0,37,0.0,0,0,0,1,0,0
37,12,0,0,0,0,0.0,37,0.0,0,0,0,0,0,0
38,1,1,1,2,2,0.060000000000000005,3,1.035489052142736,1,0,1,1,1,0
38,2,2,4,6,6,0.08000000000000002,1,2.8995338703528315,1,0,0,0,1,0
38,3,2,4,8,8,0.04000000000000001,6,2.6007682235409444,1,0,1,1,1,0
38,4,1,3,10,10,-0.1,6,2.4990487662687415,2,0,0,0,1,0
38,5,1,4,7,7,-0.04000000000000001,2,2.5729735164598577,2,0,0,1,1,0
38,6,3,5,6,6,0.18,3,3.37956428176395,0,0,0,0,1,1
38,7,4,6,11,11,0.18000000000000002,4,4.06137362969354,3,0,0,1,0,0
38,8,2,5,8,8,0.04000000000000001,8,2.6512135127952114,1,0,0,0,0,0
38,9,3,4,8,8,0.13999999999999999,2,3.1010763605513536,4,0,1,1,0,0
38,10,1,4,10,10,-0.1,1,2.9202613834509754,1,0,0,0,0,1
38,11,0,0,0,0,0.0,38,0.0,0,0,1,1,0,0
38,12,0,0,0,0,0.0,38,0.0,0,0,0,0,0,0
39,1,1,1,2,2,0.060000000000000005,4,0.9661454480243501,2,0,0,1,1,0
39,2,2,4,6,6,0.08000000000000002,2,2.7053607611176,1,0,0,0,1,0
39,3,2,4,8,8,0.04000000000000001,7,2.4266025559042754,2,0,0,1,1,0
39,4,1,3,10,10,-0.1,7,2.3316949463880916,2,0,0,0,1,0
39,5,1,3,7,7,-0.04000000000000001,3,2.40066917720752,1,0,1,1,1,1
39,6,4,6,7,7,0.26,1,4.15324497190516,1,0,0,0,1,0
39,7,3,6,11,11,0.07999999999999999,5,3.7893955874616654,4,0,1,1,0,1
39,8,2,5,8,8,0.04000000000000001,9,2.473669675046124,0,0,0,0,0,0
39,9,2,4,8,8,0.04000000000000001,3,2.8934065536693048,4,0,1,1,0,0
39,10,2,4,11,11,-0.01999999999999999,1,3.7247002146706794,1,0,0,0,0,0
39,11,0,0,0,0,0.0,39,0.0,0,0,1,1,0,0
39,12,0,0,0,0,0.0,39,0.0,0,0,0,0,0,0
40,1,1,1,2,2,0.060000000000000005,5,0.9014455776298285,0,0,0,1,1,0
40,2,2,3,6,6,0.08000000000000002,3,2.5241908441318484,2,0,0,0,1,1
40,3,1,4,8,8,-0.06,8,2.264100242006229,2,0,0,1,1,0
40,4,1,3,10,10,-0.1,8,2.1755483111797367,2,0,1,0,1,0
40,5,2,4,8,8,0.04000000000000001,1,3.2399035441001383,2,0,0,1,1,0
40,6,4,6,7,7,0.26,2,3.875114580721875,2,0,1,0,1,0
40,7,4,7,12,12,0.16000000000000003,1,4.535631101085736,2,0,0,1,0,0
40,8,1,4,8,8,-0.06,10,2.308015416982167,3,0,1,0,0,0
40,9,2,4,8,8,0.04000000000000001,4,2.6996437725022755,2,0,0,1,0,1
40,10,2,4,11,11,-0.01999999999999999,2,3.4752681838719726,3,0,0,0,0,0
40,11,0,0,0,0,0.0,40,0.0,0,0,0,1,0,0
40,12,0,0,0,0,0.0,40,0.0,0,0,0,0,0,0
41,1,1,1,2,2,0.060000000000000005,6,0.8410784640035842,0,0,1,1,1,0
41,2,3,4,7,7,0.15999999999999998,1,3.3551533345101574,2,0,0,0,1,0
41,3,1,3,8,8,-0.06,9,2.112480221938281,0,0,1,1,1,0
41,4,1,3,10,10,-0.1,9,2.029858349012879,2,0,0,0,1,0
41,5,2,4,8,8,0.04000000000000001,2,3.0229368960424567,2,0,0,1,1,0
41,6,4,6,7,7,0.26,3,3.615609749798832,1,0,0,0,1,0
41,7,3,7,12,12,0.06,2,4.231893454753408,2,0,0,1,0,1
41,8,0,3,8,8,-0.16,11,2.1534545290199434,1,0,1,0,0,1
41,9,3,5,9,9,0.12,1,3.5188567051415105,2,0,0,1,0,0
41,10,2,4,11,11,-0.01999999999999999,3,3.2425398699907544,4,0,1,0,0,0
41,11,0,0,0,0,0.0,41,0.0,0,0,0,1,0,0
41,12,0,0,0,0,0.0,41,0.0,0,0,0,0,0,0
42,1,1,1,2,2,0.060000000000000005,7,0.7847539553864472,0,0,0,1,1,0
42,2,3,4,7,7,0.15999999999999998,2,3.130468752762707,2,0,0,0,1,0
42,3,1,3,8,8,-0.06,10,1.9710137410374133,2,0,0,1,1,0
42,4,1,2,10,10,-0.1,10,1.8939248077754514,4,0,0,0,1,1
42,5,2,4,8,8,0.04000000000000001,3,2.8204998553414846,3,0,0,1,1,0
42,6,3,6,7,7,0.15999999999999998,4,3.373483181084452,2,0,1,0,1,0
42,7,3,7,13,13,0.03999999999999998,1,4.948496209953607,3,0,1,1,0,0
42,8,1,4,9,9,-0.07999999999999999,1,3.0092441213499646,3,0,1,0,0,0
42,9,3,5,9,9,0.12,2,3.283209398387537,1,0,1,1,0,0
42,10,2,4,11,11,-0.01999999999999999,4,3.025396675074844,2,0,0,0,0,1
42,11,0,0,0,0,0.0,42,0.0,0,0,0,1,0,0
42,12,0,0,0,0,0.0,42,0.0,0,0,0,0,0,0
43,1,1,1,2,2,0.060000000000000005,8,0.7322013306145592,1,0,0,1,1,0
43,2,3,4,7,7,0.15999999999999998,3,2.9208306253026866,2,0,0,0,1,0
43,3,0,3,8,8,-0.16,11,1.839020847160292,3,0,1,1,1,0
43,4,1,3,11,11,-0.12,1,2.767094329144502,2,0,0,0,1,0
43,5,2,4,8,8,0.04000000000000001,4,2.631619417658398,1,0,1,1,1,0
43,6,3,6,7,7,0.15999999999999998,5,3.1475711043463317,2,0,0,0,1,0
43,7,3,7,13,13,0.03999999999999998,2,4.617110222381568,4,0,0,1,0,0
43,8,1,4,9,9,-0.07999999999999999,2,2.807724044807709,2,0,0,0,0,0
43,9,3,4,9,9,0.12,3,3.0633426868192855,4,0,1,1,0,1
43,10,3,4,12,12,0.06,1,3.8227949103305923,2,0,0,0,0,1
43,11,0,0,0,0,0.0,43,0.0,0,0,1,1,0,0
43,12,0,0,0,0,0.0,43,0.0,0,0,0,0,0,0
44,1,1,1,2,2,0.060000000000000005,9,0.6831679979105331,1,0,0,1,1,0
44,2,3,4,7,7,0.15999999999999998,4,2.7252313360984894,3,0,0,0,1,0
44,3,0,2,8,8,-0.16,12,1.7158671225245212,1,0,0,1,1,1
44,4,1,3,11,11,-0.12,2,2.58179029978623,3,0,0,0,1,0
44,5,2,4,8,8,0.04000000000000001,5,2.4553877378441658,2,0,0,1,1,1
44,6,2,6,7,7,0.06,6,2.9367876835630704,2,0,0,0,1,0
44,7,3,7,13,13,0.03999999999999998,3,4.307916163043848,3,0,0,1,0,0
44,8,1,4,9,9,-0.07999999999999999,3,2.619699164936762,0,0,1,0,0,0
44,9,3,5,10,10,0.09999999999999998,1,3.8581997911853994,4,0,1,1,0,0
44,10,4,4,13,13,0.14,1,4.566793771217434,4,0,1,0,0,0
44,11,0,0,0,0,0.0,44,0.0,0,0,1,1,0,0
44,12,0,0,0,0,0.0,44,0.0,0,0,0,0,0,0
45,1,1,1,2,2,0.060000000000000005,10,0.637418280812676,0,0,0,1,1,0
45,2,2,4,7,7,0.06,5,2.5427307461498243,1,0,1,0,1,0
45,3,1,3,9,9,-0.07999999999999999,1,2.6009606344087075,3,0,0,1,1,0
45,4,1,3,11,11,-0.12,3,2.408895526930257,2,0,1,0,1,0
45,5,3,5,9,9,0.12,1,3.2909577664235363,3,0,0,1,1,1
45,6,2,5,7,7,0.06,7,2.7401197979033025,1,0,1,0,1,1
45,7,2,6,13,13,-0.06,4,4.019427904894567,2,0,0,1,0,0
45,8,1,4,9,9,-0.07999999999999999,4,2.4442657487874233,3,0,0,0,0,0
45,9,3,5,10,10,0.09999999999999998,2,3.599827693116399,1,0,0,1,0,0
45,10,4,4,13,13,0.14,2,4.260969254090661,2,0,0,0,0,0
45,11,0,0,0,0,0.0,45,0.0,0,0,0,1,0,0
45,12,0,0,0,0,0.0,45,0.0,0,0,0,0,0,0
46,1,0,1,2,2,-0.04,11,0.5947322854068999,1,0,0,1,1,0
46,2,2,4,7,7,0.06,6,2.372451674752789,1,0,0,0,1,0
46,3,1,3,9,9,-0.07999999999999999,2,2.4267820815918286,4,0,0,1,1,0
46,4,1,2,11,11,-0.12,4,2.2475789997913718,1,0,1,0,1,0
46,5,4,6,10,10,0.2,1,4.070572169827442,1,0,1,1,1,1
46,6,2,5,8,8,0.04000000000000001,1,3.5566221722069504,1,0,1,0,1,0
46,7,2,6,13,13,-0.06,5,3.7502588423703,4,0,1,1,0,0
46,8,1,4,9,9,-0.07999999999999999,5,2.280580583702084,1,0,0,0,0,0
46,9,3,5,10,10,0.09999999999999998,3,3.358758001525438,2,0,0,1,0,0
46,10,4,4,13,13,0.14,3,3.975624889990568,2,0,0,0,0,1
46,11,0,0,0,0,0.0,46,0.0,0,0,0,1,0,0
46,12,0,0,0,0,0.0,46,0.0,0,0,0,0,0,0
47,1,0,1,2,2,-0.04,12,0.5549048434167222,1,0,0,1,1,0
47,2,2,4,7,7,0.06,7,2.2135756833711038,2,0,0,0,1,0
47,3,1,3,9,9,-0.07999999999999999,3,2.2642677453955447,4,0,0,1,1,1
47,4,1,2,11,11,-0.12,5,2.097065357890649,2,0,1,0,1,1
47,5,4,6,11,11,0.18000000000000002,1,4.797978128880572,2,0,0,1,1,0
47,6,2,5,8,8,0.04000000000000001,2,3.318445825100389,2,0,1,0,1,0
47,7,2,6,13,13,-0.06,6,3.499115226734125,4,0,0,1,0,0
47,8,1,3,9,9,-0.07999999999999999,6,2.127856924452314,1,0,0,0,0,0
47,9,2,5,10,10,0.0,4,3.133832026011468,5,0,1,1,0,0
47,10,5,5,14,14,0.21999999999999997,1,4.709389184336091,2,0,0,0,0,0
47,11,0,0,0,0,0.0,47,0.0,0,0,1,1,0,0
47,12,0,0,0,0,0.0,47,0.0,0,0,0,0,0,0
48,1,0,1,2,2,-0.04,13,0.517744526071368,0,0,0,1,1,0
48,2,1,3,7,7,-0.04000000000000001,8,2.065339141848874,1,0,1,0,1,0
48,3,2,4,10,10,0.0,1,3.112636508126707,3,0,1,1,1,0
48,4,2,3,12,12,-0.03999999999999998,1,2.9566311643209175,3,0,1,0,1,1
48,5,4,5,11,11,0.18000000000000002,2,4.476671886917614,3,0,1,1,1,0
48,6,2,5,8,8,0.04000000000000001,3,3.0962194354462453,2,0,0,0,1,1
48,7,2,6,13,13,-0.06,7,3.264789947731735,2,0,0,1,0,0
48,8,1,3,9,9,-0.07999999999999999,7,1.9853607117840528,4,0,0,0,0,0
48,9,2,5,10,10,0.0,5,2.923968670203334,1,0,0,1,0,0
48,10,4,5,14,14,0.12,2,4.394015478972189,3,0,0,0,0,0
48,11,0,0,0,0,0.0,48,0.0,0,0,0,1,0,0
48,12,0,0,0,0,0.0,48,0.0,0,0,0,0,0,0
49,1,0,1,2,2,-0.04,14,0.48307272401217505,1,0,0,1,1,0
49,2,1,3,7,7,-0.04000000000000001,9,1.9270295580573173,1,0,0,0,1,0
49,3,2,4,10,10,0.0,2,2.904192552744144,4,0,1,1,1,0
49,4,3,4,13,13,0.03999999999999998,1,3.7586344201173,2,0,0,0,1,0
49,5,4,5,11,11,0.18000000000000002,3,4.176882562779466,1,0,1,1,1,0
49,6,2,6,9,9,0.020000000000000018,1,3.8888748823088153,2,0,0,0,1,0
49,7,2,5,13,13,-0.06,8,3.0461567316714375,4,0,1,1,0,0
49,8,1,3,9,9,-0.07999999999999999,8,1.85240704419552,2,0,0,0,0,0
49,9,2,4,10,10,0.0,6,2.7281592355197173,2,0,0,1,0,1
49,10,3,5,14,14,0.019999999999999962,3,4.099761407204459,3,0,0,0,0,1
49,11,0,0,0,0,0.0,49,0.0,0,0,0,1,0,0
49,12,0,0,0,0,0.0,49,0.0,0,0,0,0,0,0
50,1,0,1,2,2,-0.04,15,0.45072278881491423,1,0,0,1,1,0
50,2,1,3,7,7,-0.04000000000000001,10,1.7979821533340707,3,0,0,0,1,1
50,3,2,3,10,10,0.0,3,2.709707465485786,1,0,0,1,1,0
50,4,3,4,13,13,0.03999999999999998,2,3.5069299170952575,3,0,0,0,1,0
50,5,3,5,11,11,0.07999999999999999,4,3.897169232848052,3,0,0,1,1,0
50,6,2,6,9,9,0.020000000000000018,2,3.6284485651529437,2,0,0,0,1,0
50,7,1,5,13,13,-0.16,9,2.8421647280413853,3,0,0,1,0,0
50,8,1,2,9,9,-0.07999999999999999,9,1.728356885989601,0,0,1,0,0,0
50,9,3,5,11,11,0.07999999999999999,1,3.5454625729057314,5,0,1,1,0,0
50,10,4,6,15,15,0.10000000000000003,1,4.825212650351127,5,0,1,0,0,1
50,11,0,0,0,0,0.0,50,0.0,0,0,1,1,0,0
50,12,0,0,0,0,0.0,50,0.0,0,0,0,0,0,0
51,1,0,1,2,2,-0.04,16,0.4205392320017921,1,0,1,1,1,0
51,2,1,4,8,8,-0.06,1,2.677576667255079,2,0,0,0,1,0
51,3,2,3,10,10,0.0,4,2.528246462711823,1,0,1,1,1,0
51,4,3,4,13,13,0.03999999999999998,3,3.272081311657316,3,0,0,0,1,0
51,5,3,5,11,11,0.07999999999999999,5,3.6361874678494224,3,0,0,1,1,0
51,6,2,6,9,9,0.020000000000000018,3,3.3854622193820876,1,0,0,0,1,0
51,7,1,4,12,13,-0.13999999999999999,10,2.6518334586448504,3,0,0,1,0,1
51,8,1,1,9,9,-0.07999999999999999,10,1.6126139957781183,1,0,0,0,0,0
51,9,2,5,11,11,-0.01999999999999999,2,3.3080335507800207,7,0,1,1,0,0
51,10,5,7,15,16,0.2,1,5.5020825939583595,2,0,0,0,0,1
51,11,0,0,0,0,0.0,51,0.0,0,0,1,1,0,0
51,12,0,0,0,0,0.0,51,0.0,0,0,0,0,0,0
52,1,0,1,2,2,-0.04,17,0.3923769776932236,1,0,0,1,1,1
52,2,1,4,7,8,-0.04000000000000001,2,2.498267367918161,3,0,0,0,1,0
52,3,2,3,10,10,0.0,5,2.3589373604463635,1,0,0,1,1,1
52,4,3,4,13,13,0.03999999999999998,4,3.052959814767306,4,0,0,0,1,0
52,5,3,5,11,11,0.07999999999999999,6,3.3926828709161954,4,0,0,1,1,0
52,6,2,5,9,9,0.020000000000000018,4,3.1587479422849087,3,0,1,0,1,0
52,7,1,4,13,14,-0.16,1,3.4742481049768035,3,0,0,1,0,0
52,8,0,1,9,9,-0.18,11,1.5046220606749823,3,0,1,0,0,0
52,9,2,5,10,11,0.0,3,3.08650443998841,6,0,1,1,0,0
52,10,6,8,16,17,0.27999999999999997,1,6.1336245823235656,3,0,0,0,0,0
52,11,0,0,0,0,0.0,52,0.0,0,0,1,1,0,0
52,12,0,0,0,0,0.0,52,0.0,0,0,0,0,0,0
53,1,1,2,3,3,0.04000000000000001,1,1.3661006653072796,1,0,0,1,1,0
53,2,1,4,7,8,-0.04000000000000001,3,2.330965875947468,0,0,1,0,1,0
53,3,3,3,11,11,0.07999999999999999,1,3.200966382265211,1,0,0,1,1,0
53,4,2,3,12,13,-0.03999999999999998,5,2.848512229013997,3,0,1,0,1,1
53,5,3,5,11,11,0.07999999999999999,7,3.165485048386622,3,0,0,1,1,0
53,6,2,5,9,9,0.020000000000000018,5,2.947216042100823,2,0,0,0,1,0
53,7,1,4,13,14,-0.16,2,3.241588102727591,0,0,0,1,0,0
53,8,0,1,9,9,-0.18,12,1.4038620224038545,2,0,0,0,0,0
53,9,2,5,9,11,0.020000000000000018,4,2.8798104710340247,0,0,0,1,0,1
53,10,5,8,16,17,0.18,2,5.722874093009057,2,0,0,0,0,0
53,11,0,0,0,0,0.0,53,0.0,0,0,0,1,0,0
53,12,0,0,0,0,0.0,53,0.0,0,0,0,0,0,0
54,1,1,2,3,3,0.04000000000000001,2,1.2746169904920739,0,0,0,1,1,0
54,2,1,4,7,8,-0.04000000000000001,4,2.1748680644054805,3,0,0,0,1,1
54,3,3,3,10,11,0.09999999999999998,2,2.9866072394536616,3,0,1,1,1,0
54,4,3,4,13,14,0.03999999999999998,1,3.6577558864661093,2,0,0,0,1,0
54,5,3,5,10,11,0.09999999999999998,8,2.9535019843612056,1,0,1,1,1,0
54,6,2,4,9,9,0.020000000000000018,6,2.7498498004666003,3,0,0,0,1,0
54,7,1,4,13,14,-0.16,3,3.024508644818048,3,0,0,1,0,0
54,8,0,1,9,9,-0.18,13,1.309849582468381,2,0,1,0,0,0
54,9,2,5,10,12,0.0,1,3.6869581788478984,2,0,0,1,0,1
54,10,4,8,16,17,0.08000000000000002,3,5.339630335188734,7,0,1,0,0,0
54,11,0,0,0,0,0.0,54,0.0,0,0,0,1,0,0
54,12,0,0,0,0,0.0,54,0.0,0,0,0,0,0,0
55,1,1,2,3,3,0.04000000000000001,3,1.1892597037024621,0,0,1,1,1,0
55,2,2,4,8,9,0.04000000000000001,1,3.0292236563301116,3,0,0,0,1,0
55,3,2,3,10,11,0.0,3,2.786603087172936,0,0,1,1,1,0
55,4,3,4,13,14,0.03999999999999998,2,3.412806917060841,3,0,0,0,1,1
55,5,2,5,10,11,0.0,9,2.755714791978433,2,0,0,1,1,0
55,6,2,4,9,9,0.020000000000000018,7,2.565700585606245,1,0,0,0,1,0
55,7,1,3,12,14,-0.13999999999999999,4,2.8219663488035183,2,0,0,1,0,0
55,8,0,1,8,9,-0.16,14,1.2221328743937117,1,0,1,0,0,1
55,9,3,6,11,13,0.07999999999999999,1,4.440053619281555,3,0,0,1,0,0
55,10,4,8,16,17,0.08000000000000002,4,4.9820512653418305,7,0,1,0,0,0
55,11,0,0,0,0,0.0,55,0.0,0,0,0,1,0,0
55,12,0,0,0,0,0.0,55,0.0,0,0,0,0,0,0
56,1,1,1,3,3,0.04000000000000001,4,1.1096185390596855,0,0,0,1,1,0
56,2,2,4,8,9,0.04000000000000001,2,2.82636561009975,2,0,0,0,1,1
56,3,2,3,10,11,0.0,4,2.599992614650667,5,0,1,1,1,1
56,4,4,5,13,15,0.14,1,4.184261447362785,3,0,0,0,1,0
56,5,1,5,10,11,-0.1,10,2.571172816181868,1,0,1,1,1,0
56,6,1,3,9,9,-0.07999999999999999,8,2.3938832927759335,2,0,0,0,1,0
56,7,1,3,12,14,-0.13999999999999999,5,2.6329877044403482,5,0,1,1,0,0
56,8,1,2,8,10,-0.06,1,2.1402902918510422,3,0,0,0,0,0
56,9,3,6,11,13,0.07999999999999999,2,4.142716510982098,2,0,1,1,0,0
56,10,4,8,16,17,0.08000000000000002,5,4.648418196091625,2,0,0,0,0,0
56,11,0,0,0,0,0.0,56,0.0,0,0,0,1,0,0
56,12,0,0,0,0,0.0,56,0.0,0,0,0,0,0,0
57,1,1,1,3,3,0.04000000000000001,5,1.0353107049635601,1,0,1,1,1,0
57,2,3,5,9,10,0.12,1,3.6370923603681233,1,0,1,0,1,0
57,3,3,4,11,12,0.07999999999999999,1,3.4258788872211174,1,0,1,1,1,0
57,4,4,5,13,15,0.14,2,3.904053975605031,4,0,1,0,1,1
57,5,0,4,10,11,-0.2,11,2.3989890644402863,4,0,0,1,1,1
57,6,1,3,9,9,-0.07999999999999999,9,2.233572090048712,1,0,0,0,1,0
57,7,1,3,12,14,-0.13999999999999999,6,2.4566643945536093,1,0,0,1,0,0
57,8,1,2,8,10,-0.06,2,1.9969614537629645,3,0,0,0,0,0
57,9,3,5,10,13,0.09999999999999998,3,3.8652911793305518,3,0,0,1,0,0
57,10,3,8,15,17,0.0,6,4.337127535413499,3,0,0,0,0,0
57,11,0,0,0,0,0.0,57,0.0,0,0,0,1,0,0
57,12,0,0,0,0,0.0,57,0.0,0,0,0,0,0,0
58,1,1,1,3,3,0.04000000000000001,6,0.9659790442222316,0,0,0,1,1,0
58,2,3,4,9,10,0.12,2,3.393527165489938,2,0,0,0,1,0
58,3,2,4,11,12,-0.01999999999999999,2,3.196458026786708,6,0,1,1,1,0
58,4,4,6,13,16,0.14,1,4.6426111599799285,1,0,1,0,1,0
58,5,1,5,11,12,-0.12,1,3.2383359434588073,1,0,1,1,1,0
58,6,1,3,9,9,-0.07999999999999999,10,2.0839964489912695,3,0,1,0,1,0
58,7,1,3,12,14,-0.13999999999999999,7,2.292148929252314,4,0,0,1,0,1
58,8,1,2,8,10,-0.06,3,1.8632309191881506,4,0,0,0,0,0
58,9,3,5,10,13,0.09999999999999998,4,3.606444192211619,3,0,0,1,0,1
58,10,3,7,14,17,0.019999999999999962,7,4.046683079043517,4,0,0,0,0,0
58,11,0,0,0,0,0.0,58,0.0,0,0,0,1,0,0
58,12,0,0,0,0,0.0,58,0.0,0,0,0,0,0,0
59,1,1,1,3,3,0.04000000000000001,7,0.9012903173925347,0,0,0,1,1,0
59,2,3,4,9,10,0.12,3,3.1662728030784995,4,0,0,0,1,0
59,3,2,4,10,12,0.0,3,2.9824007950546427,0,0,0,1,1,0
59,4,3,6,13,16,0.03999999999999998,2,4.33170937913824,4,0,0,0,1,0
59,5,1,5,10,12,-0.1,2,3.0214742729265405,3,0,0,1,1,0
59,6,0,2,9,9,-0.18,11,1.9444374411544079,3,0,1,0,1,0
59,7,2,4,13,15,-0.06,1,3.138650572508176,2,0,0,1,0,0
59,8,1,2,8,10,-0.06,4,1.7384559184539956,3,0,1,0,0,1
59,9,4,6,11,14,0.18000000000000002,1,4.364931413469751,2,0,0,1,0,0
59,10,3,6,14,17,0.019999999999999962,8,3.775688819041352,8,0,1,0,0,1
59,11,0,0,0,0,0.0,59,0.0,0,0,0,1,0,0
59,12,0,0,0,0,0.0,59,0.0,0,0,0,0,0,0
60,1,1,1,3,3,0.04000000000000001,8,0.8409336010799153,1,0,0,1,1,1
60,2,3,4,9,10,0.12,4,2.954236985477965,3,0,0,0,1,0
60,3,2,4,10,12,0.0,4,2.7826783357715863,3,0,0,1,1,0
60,4,3,6,12,16,0.06,3,4.041627760485398,5,0,0,0,1,0
60,5,1,4,10,12,-0.1,3,2.81913517972015,3,0,0,1,1,0
60,6,0,2,9,9,-0.18,12,1.814224282576472,1,0,0,0,1,1
60,7,2,3,12,15,-0.03999999999999998,2,2.928464533056017,6,0,1,1,0,0
60,8,2,3,9,11,0.020000000000000018,1,2.6220367262499997,1,0,0,0,0,0
60,9,3,6,11,14,0.07999999999999999,2,4.072625014562667,5,0,1,1,0,0
60,10,3,7,15,18,0.0,1,4.522842233942228,1,0,0,0,0,0
60,11,0,0,0,0,0.0,60,0.0,0,0,1,1,0,0
60,12,0,0,0,0,0.0,60,0.0,0,0,0,0,0,0
61,1,2,2,4,4,0.12000000000000001,1,1.7846187934994138,2,0,0,1,1,1
61,2,2,3,9,10,0.020000000000000018,5,2.7564005722691856,0,0,1,0,1,0
61,3,2,4,9,12,0.020000000000000018,5,2.596330692109628,2,0,0,1,1,0
61,4,3,6,11,16,0.07999999999999999,4,3.7709720400438984,2,0,0,0,1,0
61,5,1,4,10,12,-0.1,4,2.6303461302809468,1,0,1,1,1,0
61,6,1,3,10,10,-0.1,1,2.692731109691044,2,0,0,0,1,0
61,7,2,3,12,15,-0.03999999999999998,3,2.7323540238866952,2,0,1,1,0,1
61,8,2,3,9,11,0.020000000000000018,2,2.4464467706124142,0,0,0,0,0,0
61,9,3,5,11,14,0.07999999999999999,3,3.799893500745039,1,0,0,1,0,0
61,10,2,7,15,18,-0.09999999999999998,2,4.219961019784134,2,0,0,0,0,0
61,11,0,0,0,0,0.0,61,0.0,0,0,0,1,0,0
61,12,0,0,0,0,0.0,61,0.0,0,0,0,0,0,0
62,1,3,3,4,5,0.21999999999999997,1,2.665108211651566,1,0,0,1,1,0
62,2,2,3,9,10,0.020000000000000018,6,2.571812671818086,1,0,1,0,1,1
62,3,2,4,9,12,0.020000000000000018,6,2.4224621926778758,1,0,0,1,1,0
62,4,3,6,11,16,0.07999999999999999,5,3.518441323523816,2,0,0,0,1,0
62,5,1,4,10,12,-0.1,5,2.454199718713297,2,0,0,1,1,0
62,6,1,3,10,10,-0.1,2,2.512406962679262,4,0,1,0,1,0
62,7,2,3,13,16,-0.06,1,3.5493764488446367,1,0,0,1,0,1
62,8,2,2,9,11,0.020000000000000018,3,2.2826155490200626,3,0,1,0,0,0
62,9,3,5,11,14,0.07999999999999999,4,3.5454260005214158,2,0,0,1,0,0
62,10,1,7,14,18,-0.18000000000000002,3,3.937362854457907,4,0,0,0,0,0
62,11,0,0,0,0,0.0,62,0.0,0,0,0,1,0,0
62,12,0,0,0,0,0.0,62,0.0,0,0,0,0,0,0
63,1,2,3,4,5,0.12000000000000001,2,2.4866338874865717,1,0,1,1,1,0
63,2,3,4,10,11,0.09999999999999998,1,3.3995860708586982,2,0,0,0,1,0
63,3,1,4,9,12,-0.07999999999999999,7,2.2602371465190525,1,0,1,1,1,0
63,4,3,5,11,16,0.07999999999999999,6,3.28282183363415,3,0,0,0,1,0
63,5,1,4,9,12,-0.07999999999999999,6,2.2898493053798585,3,0,0,1,1,0
63,6,1,3,10,10,-0.1,3,2.344158584346536,2,0,1,0,1,0
63,7,3,4,13,17,0.03999999999999998,1,4.311685326155802,2,0,0,1,0,1
63,8,2,2,9,11,0.020000000000000018,4,2.129755614230621,4,0,1,0,0,0
63,9,3,5,11,14,0.07999999999999999,5,3.307999427538875,5,0,0,1,0,1
63,10,1,6,14,18,-0.18000000000000002,4,3.673689442860764,5,0,0,0,0,0
63,11,0,0,0,0,0.0,63,0.0,0,0,0,1,0,0
63,12,0,0,0,0,0.0,63,0.0,0,0,0,0,0,0
64,1,2,3,4,5,0.12000000000000001,3,2.320111454898397,1,0,0,1,1,0
64,2,3,4,10,11,0.09999999999999998,2,3.1719259616801523,5,0,0,0,1,0
64,3,1,4,9,12,-0.07999999999999999,8,2.108875826399289,0,0,0,1,1,0
64,4,2,5,10,16,0.0,7,3.0629810761180183,4,0,0,0,1,0
64,5,1,4,9,12,-0.07999999999999999,7,2.1365049475670497,3,0,0,1,1,0
64,6,1,3,10,10,-0.1,4,2.1871772965895357,3,0,1,0,1,0
64,7,4,5,14,18,0.12,1,5.022944658428503,3,0,0,1,0,0
64,8,2,2,8,11,0.04000000000000001,5,1.9871322519879069,3,0,1,0,0,1
64,9,3,5,12,15,0.06,1,4.0864726018786435,3,0,0,1,0,1
64,10,1,5,14,18,-0.18000000000000002,5,3.427673450849566,8,0,1,0,0,0
64,11,0,0,0,0,0.0,64,0.0,0,0,0,1,0,0
64,12,0,0,0,0,0.0,64,0.0,0,0,0,0,0,0
65,1,2,3,4,5,0.12000000000000001,4,2.164740531462666,0,0,0,1,1,1
65,2,2,4,10,11,0.0,3,2.959511568959697,4,0,0,0,1,0
65,3,1,3,9,12,-0.07999999999999999,9,1.9676507210849854,2,0,0,1,1,0
65,4,2,5,10,16,0.0,8,2.8578623964710244,5,0,0,0,1,0
65,5,1,3,9,12,-0.07999999999999999,8,1.9934296026616742,2,0,0,1,1,0
65,6,1,3,10,10,-0.1,5,2.0407085760583215,1,0,0,0,1,0
65,7,4,5,13,18,0.14,2,4.686573080977373,6,0,1,1,0,0
65,8,3,3,9,12,0.12,1,2.8540599496515497,1,0,1,0,0,0
65,9,3,6,13,16,0.03999999999999998,1,4.812813756564031,1,0,1,1,0,1
65,10,1,5,13,18,-0.16,6,3.1981324138574627,6,0,1,0,0,0
65,11,0,0,0,0,0.0,65,0.0,0,0,0,1,0,0
65,12,0,0,0,0,0.0,65,0.0,0,0,0,0,0,0
66,1,3,4,5,6,0.19999999999999998,1,3.0197743339715895,1,0,0,1,1,0
66,2,2,4,9,11,0.020000000000000018,4,2.7613219326742566,3,0,1,0,1,0
66,3,1,3,9,12,-0.07999999999999999,10,1.8358830385934801,1,0,0,1,1,0
66,4,1,5,9,16,-0.07999999999999999,9,2.6664799011799096,2,0,0,0,1,1
66,5,1,2,9,12,-0.07999999999999999,9,1.8599355855894513,1,0,0,1,1,0
66,6,1,2,10,10,-0.1,6,1.9040484275745142,3,0,0,0,1,0
66,7,4,5,13,18,0.14,3,4.372727301800191,4,0,0,1,0,0
66,8,2,3,9,12,0.020000000000000018,2,2.6629320928487754,1,0,1,0,0,1
66,9,4,7,14,17,0.12,1,5.490514016996438,1,0,0,1,0,0
66,10,1,5,13,18,-0.16,7,2.9839630534322596,6,0,1,0,0,0
66,11,0,0,0,0,0.0,66,0.0,0,0,0,1,0,0
66,12,0,0,0,0,0.0,66,0.0,0,0,0,0,0,0
67,1,3,4,5,6,0.19999999999999998,2,2.8175490805915824,0,0,0,1,1,1
67,2,1,4,9,11,-0.07999999999999999,5,2.5764044634392604,2,0,0,0,1,0
67,3,0,3,9,12,-0.18,11,1.7129394436105587,5,0,1,1,1,1
67,4,2,6,10,17,0.0,1,3.4879137190706615,4,0,0,0,1,0
67,5,1,1,9,12,-0.07999999999999999,10,1.7353812634882895,2,0,1,1,1,0
67,6,1,2,10,10,-0.1,7,1.7765400004108032,2,0,0,0,1,0
67,7,4,5,13,18,0.14,4,4.079898835573305,5,0,1,1,0,0
67,8,3,4,10,13,0.09999999999999998,1,3.484603496850064,4,0,0,0,0,0
67,9,4,7,13,17,0.14,2,5.12283071835296,3,0,1,1,0,0
67,10,1,4,12,18,-0.13999999999999999,8,2.7841359743792076,3,0,0,0,0,0
67,11,0,0,0,0,0.0,67,0.0,0,0,0,1,0,0
67,12,0,0,0,0,0.0,67,0.0,0,0,0,0,0,0
68,1,4,5,6,7,0.28,1,3.6288662474661453,2,0,0,1,1,0
68,2,1,4,9,11,-0.07999999999999999,6,2.4038703639315164,1,0,1,0,1,0
68,3,1,3,9,13,-0.07999999999999999,1,2.598229013393354,2,0,0,1,1,0
68,4,1,5,10,17,-0.1,2,3.254338571526771,3,0,1,0,1,1
68,5,0,1,9,12,-0.18,11,1.6191679717294034,3,0,0,1,1,0
68,6,1,2,9,10,-0.07999999999999999,8,1.6575704311680928,3,0,0,0,1,0
68,7,4,5,13,18,0.14,5,3.8066802157224977,1,0,0,1,0,0
68,8,3,4,10,13,0.09999999999999998,2,3.2512500249856355,2,0,0,0,0,1
68,9,4,7,13,17,0.14,3,4.779770070281514,1,0,0,1,0,0
68,10,1,4,12,18,-0.13999999999999999,9,2.597690717020276,2,0,0,0,0,0
68,11,0,0,0,0,0.0,68,0.0,0,0,0,1,0,0
68,12,0,0,0,0,0.0,68,0.0,0,0,0,0,0,0
69,1,4,5,6,7,0.28,2,3.385851930760286,0,0,0,1,1,1
69,2,1,4,9,11,-0.07999999999999999,7,2.2428903569256966,2,0,0,0,1,0
69,3,1,3,9,13,-0.07999999999999999,2,2.4242333890641286,5,0,1,1,1,0
69,4,2,5,11,18,-0.01999999999999999,1,4.036405252865244,5,0,0,0,1,0
69,5,0,1,8,12,-0.16,12,1.51073713646327,2,0,1,1,1,0
69,6,1,1,9,10,-0.07999999999999999,9,1.5465678980757214,2,0,0,0,1,0
69,7,3,5,13,18,0.03999999999999998,6,3.5517582294995416,5,0,1,1,0,1
69,8,4,5,11,14,0.18000000000000002,1,4.0335235370464675,5,0,0,0,0,0
69,9,3,7,13,17,0.03999999999999998,4,4.459683167532857,3,0,1,1,0,0
69,10,1,4,11,18,-0.12,10,2.4237311407888225,3,0,0,0,0,0
69,11,0,0,0,0,0.0,69,0.0,0,0,0,1,0,0
69,12,0,0,0,0,0.0,69,0.0,0,0,0,0,0,0
70,1,5,6,7,8,0.36,1,4.159111555857945,2,0,0,1,1,0
70,2,1,4,8,11,-0.06,8,2.0926906994114405,2,0,1,0,1,0
70,3,1,3,9,13,-0.07999999999999999,3,2.261889731181917,2,0,0,1,1,1
70,4,2,5,11,18,-0.01999999999999999,2,3.7660992681357417,2,0,0,0,1,0
70,5,0,1,8,12,-0.16,13,1.4095675898600748,2,0,0,1,1,0
70,6,1,1,9,10,-0.07999999999999999,10,1.4429988725563825,4,0,1,0,1,0
70,7,4,6,14,19,0.12,1,4.313907606085432,2,0,0,1,0,0
70,8,3,5,10,14,0.09999999999999998,2,3.76341053220459,3,0,1,0,0,1
70,9,3,6,13,17,0.03999999999999998,5,4.161031527109526,4,0,0,1,0,0
70,10,0,3,11,18,-0.22,11,2.261421116971114,4,0,0,0,0,0
70,11,0,0,0,0,0.0,70,0.0,0,0,0,1,0,0
70,12,0,0,0,0,0.0,70,0.0,0,0,0,0,0,0
71,1,4,6,7,8,0.26,2,3.880588297097444,2,0,0,1,1,0
71,2,1,3,8,11,-0.06,9,1.9525494636331102,2,0,1,0,1,0
71,3,2,4,9,14,0.020000000000000018,1,3.110417742411049,3,0,0,1,1,0
71,4,2,5,11,18,-0.01999999999999999,3,3.513894866573272,8,0,1,0,1,0
71,5,0,1,8,12,-0.16,14,1.3151730651404732,4,0,0,1,1,1
71,6,0,1,9,10,-0.18,11,1.3463655548455218,1,0,0,0,1,0
71,7,4,6,14,19,0.12,2,4.025018118919278,3,0,1,1,0,0
71,8,4,6,10,15,0.2,1,4.511386187243977,3,0,0,0,0,0
71,9,3,6,13,17,0.03999999999999998,6,3.8823796936179713,1,0,1,1,0,1
71,10,0,2,11,18,-0.22,12,2.109980509892067,2,0,0,0,0,0
71,11,0,0,0,0,0.0,71,0.0,0,0,0,1,0,0
71,12,0,0,0,0,0.0,71,0.0,0,0,0,0,0,0
72,1,3,6,7,8,0.15999999999999998,3,3.620716907763553,1,0,0,1,1,0
72,2,1,3,8,11,-0.06,10,1.8217930671771896,4,0,0,0,1,0
72,3,2,4,9,14,0.020000000000000018,2,2.902122371130944,3,0,0,1,1,1
72,4,2,5,10,18,0.0,4,3.2785798393046908,3,0,1,0,1,0
72,5,1,2,9,13,-0.07999999999999999,1,2.227099859356648,2,0,0,1,1,0
72,6,0,1,9,10,-0.18,12,1.2562034813396308,2,0,1,0,1,0
72,7,3,5,13,19,0.03999999999999998,3,3.7554746964851073,5,0,0,1,0,1
72,8,4,6,10,15,0.2,2,4.20927215026208,2,0,1,0,0,0
72,9,4,7,14,18,0.12,1,4.62238833981813,2,0,0,1,0,0
72,10,0,1,11,18,-0.22,13,1.9686814272289535,7,0,1,0,0,0
72,11,0,0,0,0,0.0,72,0.0,0,0,0,1,0,0
72,12,0,0,0,0,0.0,72,0.0,0,0,0,0,0,0
73,1,3,5,7,8,0.15999999999999998,4,3.3782483279585267,4,0,0,1,1,0
73,2,0,3,8,11,-0.16,11,1.6997930354293491,3,0,1,0,1,1
73,3,3,4,10,15,0.09999999999999998,1,3.7077759177421976,1,0,0,1,1,0
73,4,2,5,10,18,0.0,5,3.059023155458721,5,0,1,0,1,0
73,5,1,2,9,13,-0.07999999999999999,2,2.0779576442267365,5,0,0,1,1,1
73,6,0,1,9,10,-0.18,13,1.1720792921732677,3,0,1,0,1,0
73,7,3,6,14,20,0.019999999999999962,1,4.503981790702284,1,0,0,1,0,0
73,8,4,6,10,15,0.2,3,3.927389786551598,6,0,1,0,0,0
73,9,4,7,13,18,0.14,2,4.312840820745366,3,0,0,1,0,0
73,10,0,1,10,18,-0.2,14,1.836844721430382,4,0,0,0,0,0
73,11,0,0,0,0,0.0,73,0.0,0,0,0,1,0,0
73,12,0,0,0,0,0.0,73,0.0,0,0,0,0,0,0
74,1,3,5,7,8,0.15999999999999998,5,3.152017143589362,0,0,1,1,1,0
74,2,1,4,9,12,-0.07999999999999999,1,2.585962980840076,2,0,0,0,1,0
74,3,3,4,9,15,0.12,2,3.459477256479134,4,0,1,1,1,0
74,4,2,4,10,18,0.0,6,2.8541695259180146,2,0,1,0,1,0
74,5,2,3,10,14,0.0,1,2.9388030370796487,2,0,0,1,1,1
74,6,0,1,9,10,-0.18,14,1.0935886482947677,1,0,1,0,1,0
74,7,2,6,14,20,-0.08000000000000002,2,4.202363604006258,4,0,0,1,0,0
74,8,4,6,10,15,0.2,4,3.664384241477341,2,0,0,0,0,0
74,9,3,6,13,18,0.03999999999999998,3,4.024022773002109,5,0,0,1,0,1
74,10,0,1,9,18,-0.18,15,1.713836725424783,4,0,0,0,0,0
74,11,0,0,0,0,0.0,74,0.0,0,0,0,1,0,0
74,12,0,0,0,0,0.0,74,0.0,0,0,0,0,0,0
75,1,3,5,7,8,0.15999999999999998,6,2.940935984858485,1,0,0,1,1,0
75,2,1,3,9,12,-0.07999999999999999,2,2.412788776016656,5,0,0,0,1,1
75,3,3,4,9,15,0.12,3,3.2278064137662734,3,0,0,1,1,0
75,4,2,4,10,18,0.0,7,2.6630343311204765,3,0,1,0,1,0
75,5,3,4,11,15,0.07999999999999999,1,3.7420001892238797,3,0,0,1,1,0
75,6,0,1,8,10,-0.16,15,1.0203542880291605,2,0,1,0,1,0
75,7,2,6,13,20,-0.06,3,3.9209438849713587,5,0,0,1,0,0
75,8,3,6,10,15,0.09999999999999998,5,3.4189913909659384,2,0,1,0,0,0
75,9,3,6,14,19,0.019999999999999962,1,4.754546005906397,3,0,0,1,0,0
75,10,0,1,9,18,-0.18,16,1.5990662069287314,7,0,1,0,0,1
75,11,0,0,0,0,0.0,75,0.0,0,0,0,1,0,0
75,12,0,0,0,0,0.0,75,0.0,0,0,0,0,0,0
76,1,2,5,7,8,0.06,7,2.743990299870759,1,0,1,1,1,1
76,2,2,4,10,13,0.0,1,3.251211529633253,3,0,0,0,1,0
76,3,3,4,9,15,0.12,4,3.01164987433804,2,0,1,1,1,0
76,4,2,3,9,18,0.020000000000000018,8,2.484698888530559,3,0,0,0,1,0
76,5,3,4,11,15,0.07999999999999999,2,3.4914096308828557,4,0,0,1,1,0
76,6,0,1,7,10,-0.14,16,0.9520242137872569,1,0,0,0,1,0
76,7,2,6,13,20,-0.06,4,3.6583700026427786,5,0,0,1,0,1
76,8,3,5,10,15,0.09999999999999998,6,3.1900317655515398,2,0,0,0,0,0
76,9,2,6,14,19,-0.08000000000000002,2,4.436148283290224,8,0,1,1,0,0
76,10,1,2,10,19,-0.1,1,2.49198152671613,3,0,0,0,0,0
76,11,0,0,0,0,0.0,76,0.0,0,0,1,1,0,0
76,12,0,0,0,0,0.0,76,0.0,0,0,0,0,0,0
77,1,3,6,8,9,0.13999999999999999,1,3.5602334782363956,3,0,0,1,1,0
77,2,2,3,10,13,0.0,2,3.0334876196126737,2,0,1,0,1,0
77,3,3,3,9,15,0.12,5,2.8099686917150715,3,0,0,1,1,0
77,4,1,3,9,18,-0.07999999999999999,9,2.318306037033848,2,0,0,0,1,0
77,5,3,4,10,15,0.09999999999999998,3,3.2576003725830516,2,0,0,1,1,1
77,6,0,1,7,10,-0.14,17,0.8882700002054014,4,0,1,0,1,1
77,7,3,7,14,21,0.019999999999999962,1,4.41337990771431,3,0,0,1,0,0
77,8,2,5,9,15,0.020000000000000018,7,2.9764048813099966,3,0,1,0,0,0
77,9,2,6,14,19,-0.08000000000000002,3,4.139072703659151,4,0,0,1,0,0
77,10,1,2,10,19,-0.1,2,2.325100978726411,4,0,0,0,0,0
77,11,0,0,0,0,0.0,77,0.0,0,0,0,1,0,0
77,12,0,0,0,0,0.0,77,0.0,0,0,0,0,0,0
78,1,2,6,8,9,0.04000000000000001,2,3.3218152927683975,2,0,0,1,1,0
78,2,2,3,9,13,0.020000000000000018,3,2.830344028517082,2,0,0,0,1,0
78,3,2,3,9,15,0.020000000000000018,6,2.621793494555682,4,0,0,1,1,0
78,4,1,2,9,18,-0.07999999999999999,10,2.163056017031532,3,0,1,0,1,0
78,5,4,4,10,16,0.2,1,4.039448620862583,2,0,1,1,1,0
78,6,1,2,8,11,-0.06,1,1.828785215584046,2,0,1,0,1,1
78,7,3,7,14,21,0.019999999999999962,2,4.117829058083122,4,0,1,1,0,0
78,8,2,5,9,15,0.020000000000000018,8,2.7770839504334224,1,0,0,0,0,0
78,9,2,6,14,19,-0.08000000000000002,4,3.861891386883439,4,0,0,1,0,0
78,10,1,2,10,19,-0.1,3,2.169395921806262,3,0,0,0,0,1
78,11,0,0,0,0,0.0,78,0.0,0,0,0,1,0,0
78,12,0,0,0,0,0.0,78,0.0,0,0,0,0,0,0
79,1,2,6,8,9,0.04000000000000001,3,3.099363259944414,3,0,0,1,1,0
79,2,2,3,9,13,0.020000000000000018,4,2.640804356005632,3,0,0,0,1,0
79,3,2,3,9,15,0.020000000000000018,7,2.4462198274170284,2,0,0,1,1,0
79,4,0,2,9,18,-0.18,11,2.0182026264326214,4,0,0,0,1,0
79,5,4,4,10,16,0.2,2,3.7689388308826466,4,0,1,1,1,0
79,6,2,3,9,12,0.020000000000000018,1,2.7063169405746677,2,0,0,0,1,0
79,7,3,6,13,21,0.03999999999999998,3,3.842070364700489,5,0,1,1,0,1
79,8,1,5,9,15,-0.07999999999999999,9,2.591110946021751,1,0,0,0,0,0
79,9,2,5,13,19,-0.06,5,3.603272073694085,6,0,1,1,0,1
79,10,2,3,11,20,-0.01999999999999999,1,3.0241179667506466,2,0,0,0,0,0
79,11,0,0,0,0,0.0,79,0.0,0,0,1,1,0,0
79,12,0,0,0,0,0.0,79,0.0,0,0,0,0,0,0
80,1,1,6,8,9,-0.06,4,2.891808174285208,4,0,0,1,1,0
80,2,2,3,9,13,0.020000000000000018,5,2.463957588347367,5,0,0,0,1,0
80,3,2,3,8,15,0.04000000000000001,8,2.2824038035315626,1,0,0,1,1,0
80,4,0,2,9,18,-0.18,12,1.8830496340678704,4,0,0,0,1,0
80,5,4,4,10,16,0.2,3,3.5165442722976734,5,0,0,1,1,0
80,6,2,3,9,12,0.020000000000000018,2,2.5250829911111223,3,0,1,0,1,0
80,7,3,7,14,22,0.019999999999999962,1,4.584778406071409,4,0,0,1,0,1
80,8,1,4,8,15,-0.06,10,2.4175919973704416,4,0,1,0,0,0
80,9,3,6,14,20,0.019999999999999962,1,4.3619717222398275,4,0,0,1,0,1
80,10,2,2,11,20,-0.01999999999999999,2,2.821601833277563,8,0,1,0,0,0
80,11,0,0,0,0,0.0,80,0.0,0,0,0,1,0,0
80,12,0,0,0,0,0.0,80,0.0,0,0,0,0,0,0
81,1,1,5,8,9,-0.06,5,2.698152431803921,4,0,0,1,1,1
81,2,2,3,9,13,0.020000000000000018,6,2.2989537196755614,5,0,0,0,1,0
81,3,1,3,8,15,-0.06,9,2.1295580487040415,1,0,0,1,1,1
81,4,0,2,9,18,-0.18,13,1.7569474332866357,4,0,0,0,1,0
81,5,4,4,10,16,0.2,4,3.2810518222535237,5,0,0,1,1,0
81,6,2,2,9,12,0.020000000000000018,3,2.35598573707512,3,0,1,0,1,0
81,7,4,8,14,23,0.12,1,5.277749511750162,5,0,0,1,0,0
81,8,0,4,7,15,-0.14,11,2.2556930936219888,4,0,1,0,0,0
81,9,4,7,15,21,0.10000000000000003,1,5.069863525000386,5,0,0,1,0,0
81,10,2,2,11,20,-0.01999999999999999,3,2.632647599428705,8,0,1,0,0,0
81,11,0,0,0,0,0.0,81,0.0,0,0,0,1,0,0
81,12,0,0,0,0,0.0,81,0.0,0,0,0,0,0,0
82,1,2,5,9,10,0.020000000000000018,1,3.517465235068324,3,0,0,1,1,0
82,2,2,3,9,13,0.020000000000000018,7,2.1449996664735598,1,0,1,0,1,0
82,3,2,4,9,16,0.020000000000000018,1,2.986947916833618,3,0,0,1,1,0
82,4,0,2,9,18,-0.18,14,1.6392899196523452,3,0,1,0,1,0
82,5,3,4,10,16,0.09999999999999998,5,3.0613295971044985,3,0,0,1,1,0
82,6,2,2,8,12,0.04000000000000001,4,2.1982124202812496,3,0,0,0,1,0
82,7,4,7,13,23,0.14,2,4.924314415530179,4,0,0,1,0,0
82,8,0,4,7,15,-0.14,12,2.10463607513104,3,0,0,0,0,0
82,9,3,7,15,21,0.0,2,4.7303499314144535,1,0,0,1,0,1
82,10,2,2,11,20,-0.01999999999999999,4,2.4563470653571593,2,0,0,0,0,1
82,11,0,0,0,0,0.0,82,0.0,0,0,0,1,0,0
82,12,0,0,0,0,0.0,82,0.0,0,0,0,0,0,0
83,1,2,5,9,10,0.020000000000000018,2,3.281911110902518,2,0,0,1,1,0
83,2,2,2,9,13,0.020000000000000018,8,2.0013554556552795,6,0,0,0,1,0
83,3,1,4,8,16,-0.06,2,2.7869209504079056,1,0,0,1,1,0
83,4,0,2,8,18,-0.16,15,1.5295115777293602,4,0,0,0,1,0
83,5,3,4,10,16,0.09999999999999998,6,2.8563215120665797,5,0,0,1,1,0
83,6,2,2,8,12,0.04000000000000001,5,2.05100471052838,3,0,0,0,1,0
83,7,3,6,13,23,0.03999999999999998,3,4.594547810389948,8,0,0,1,0,0
83,8,0,4,7,15,-0.14,13,1.963694893275799,2,0,1,0,0,0
83,9,4,8,16,22,0.08000000000000002,1,5.413572547523559,6,0,1,1,0,1
83,10,3,3,12,21,0.06,1,3.291852850642848,6,0,1,0,0,1
83,11,0,0,0,0,0.0,83,0.0,0,0,1,1,0,0
83,12,0,0,0,0,0.0,83,0.0,0,0,0,0,0,0
84,1,2,5,9,10,0.020000000000000018,3,3.062131341763263,2,0,0,1,1,0
84,2,1,2,9,13,-0.07999999999999999,9,1.8673306679185557,6,0,0,0,1,0
84,3,1,4,8,16,-0.06,3,2.6002891915356905,1,0,0,1,1,1
84,4,0,2,8,18,-0.16,16,1.427084762959007,4,0,0,0,1,0
84,5,2,4,10,16,0.0,7,2.665042205194418,5,0,0,1,1,0
84,6,2,2,7,12,0.06,6,1.9136550607203782,3,0,0,0,1,0
84,7,3,5,13,23,0.03999999999999998,4,4.286864688287022,8,0,0,1,0,1
84,8,0,4,7,15,-0.14,14,1.8321921207386704,2,0,1,0,0,0
84,9,5,8,16,23,0.18,1,6.051041788917442,7,0,1,1,0,0
84,10,4,4,13,22,0.14,1,4.071407312934264,7,0,1,0,0,0
84,11,0,0,0,0,0.0,84,0.0,0,0,1,1,0,0
84,12,0,0,0,0,0.0,84,0.0,0,0,0,0,0,0
85,1,2,5,9,10,0.020000000000000018,4,2.8570695662839953,6,0,0,1,1,0
85,2,1,2,8,13,-0.06,10,1.7422811192764747,3,0,1,0,1,0
85,3,2,5,9,17,0.020000000000000018,1,3.426155603239372,2,0,0,1,1,0
85,4,0,2,8,18,-0.16,17,1.331517165560238,5,0,1,0,1,1
85,5,1,4,10,16,-0.1,8,2.486572301284398,5,0,0,1,1,0
85,6,2,2,7,12,0.06,7,1.7855033060734853,3,0,1,0,1,1
85,7,4,6,13,24,0.14,1,4.999786184425943,2,0,0,1,0,0
85,8,0,3,7,15,-0.14,15,1.7094956954829692,6,0,1,0,0,0
85,9,4,7,16,23,0.08000000000000002,2,5.645821622227876,5,0,0,1,0,0
85,10,4,4,13,22,0.14,2,3.798757344951891,4,0,0,0,0,0
85,11,0,0,0,0,0.0,85,0.0,0,0,0,1,0,0
85,12,0,0,0,0,0.0,85,0.0,0,0,0,0,0,0
86,1,2,4,8,10,0.04000000000000001,5,2.665740164458725,2,0,0,1,1,0
86,2,0,2,8,13,-0.16,11,1.6256057648166262,1,0,0,0,1,0
86,3,2,5,9,17,0.020000000000000018,2,3.196716211961026,4,0,1,1,1,1
86,4,1,3,9,19,-0.07999999999999999,1,2.2423494442652796,3,0,0,0,1,0
86,5,1,4,10,16,-0.1,9,2.3200539929399455,3,0,1,1,1,0
86,6,3,3,7,13,0.15999999999999998,1,2.665933491064604,3,0,0,0,1,0
86,7,4,6,13,24,0.14,2,4.664965460699338,4,0,1,1,0,0
86,8,0,3,7,15,-0.14,16,1.5950158827757699,5,0,0,0,0,0
86,9,4,6,16,23,0.08000000000000002,3,5.267737837870466,3,0,0,1,0,0
86,10,3,4,13,22,0.03999999999999998,3,3.544365929682883,4,0,0,0,0,1
86,11,0,0,0,0,0.0,86,0.0,0,0,0,1,0,0
86,12,0,0,0,0,0.0,86,0.0,0,0,0,0,0,0
87,1,1,4,8,10,-0.06,6,2.487223520304745,4,0,0,1,1,1
87,2,0,2,8,13,-0.16,12,1.5167438098063366,4,0,1,0,1,0
87,3,3,6,10,18,0.09999999999999998,1,3.982641690340207,2,0,0,1,1,0
87,4,1,2,9,19,-0.07999999999999999,2,2.0921860100537315,5,0,1,0,1,0
87,5,1,4,9,16,-0.07999999999999999,10,2.1646869175596724,5,0,0,1,1,1
87,6,3,3,7,13,0.15999999999999998,2,2.487403900406172,3,0,0,0,1,0
87,7,3,6,13,24,0.03999999999999998,3,4.352566679212184,5,0,0,1,0,0
87,8,0,2,7,15,-0.14,17,1.4882024406549983,4,0,0,0,0,0
87,9,4,6,15,23,0.10000000000000003,4,4.914973193499915,7,0,1,1,0,0
87,10,4,5,14,23,0.12,1,4.307010346473158,2,0,0,0,0,0
87,11,0,0,0,0,0.0,87,0.0,0,0,1,1,0,0
87,12,0,0,0,0,0.0,87,0.0,0,0,0,0,0,0
88,1,2,4,9,11,0.020000000000000018,1,3.320661601770645,1,0,0,1,1,0
88,2,0,2,7,13,-0.14,13,1.4151720142585407,2,0,1,0,1,1
88,3,3,5,10,18,0.09999999999999998,2,3.7159360905573307,6,0,0,1,1,0
88,4,1,2,9,19,-0.07999999999999999,3,1.95207857181189,1,0,1,0,1,0
88,5,1,5,10,17,-0.1,1,3.0197243104312914,1,0,0,1,1,0
88,6,2,3,7,13,0.06,3,2.3208299023562935,4,0,1,0,1,0
88,7,3,6,13,24,0.03999999999999998,4,4.061088309568771,5,0,0,1,0,0
88,8,0,2,7,15,-0.14,18,1.3885419752167112,1,0,0,0,0,0
88,9,4,6,15,23,0.10000000000000003,5,4.585832142054441,4,0,0,1,0,1
88,10,4,5,13,23,0.14,2,4.018582748149831,3,0,0,0,0,0
88,11,0,0,0,0,0.0,88,0.0,0,0,0,1,0,0
88,12,0,0,0,0,0.0,88,0.0,0,0,0,0,0,0
89,1,2,4,9,11,0.020000000000000018,2,3.0982868281814717,1,0,1,1,1,0
89,2,1,3,8,14,-0.06,1,2.3204021780028157,4,0,0,0,1,0
89,3,3,5,10,18,0.09999999999999998,3,3.467090966932295,1,0,1,1,1,0
89,4,1,1,9,19,-0.07999999999999999,4,1.8213537095725463,3,0,0,0,1,1
89,5,1,5,10,17,-0.1,2,2.817502406978131,5,0,0,1,1,0
89,6,1,3,6,13,-0.01999999999999999,4,2.165410866643569,1,0,0,0,1,0
89,7,3,6,13,24,0.03999999999999998,5,3.789129374372107,7,0,0,1,0,0
89,8,0,1,7,15,-0.14,19,1.2955554730108756,2,0,1,0,0,1
89,9,5,7,16,24,0.18,1,5.278732682186701,4,0,0,1,0,0
89,10,3,5,12,23,0.06,3,3.7494702832444418,10,0,1,0,0,0
89,11,0,0,0,0,0.0,89,0.0,0,0,0,1,0,0
89,12,0,0,0,0,0.0,89,0.0,0,0,0,0,0,0
90,1,2,3,9,11,0.020000000000000018,3,2.890803827937245,0,0,0,1,1,0
90,2,1,3,8,14,-0.06,2,2.1650117857104907,2,0,0,0,1,0
90,3,3,5,10,18,0.09999999999999998,4,3.2349102568070816,6,0,1,1,1,0
90,4,2,2,10,20,0.0,1,2.6993831002891344,6,0,0,0,1,1
90,5,1,5,9,17,-0.07999999999999999,3,2.628822699444961,2,0,1,1,1,0
90,6,1,3,6,13,-0.01999999999999999,5,2.0203997788107597,3,0,0,0,1,1
90,7,2,5,12,24,-0.03999999999999998,6,3.5353827154903987,5,0,1,1,0,0
90,8,1,2,8,16,-0.06,1,2.208795998685221,6,0,0,0,0,0
90,9,4,7,16,24,0.08000000000000002,2,4.925231745983773,3,0,1,1,0,0
90,10,3,5,12,23,0.06,4,3.4983794750539223,3,0,0,0,0,0
90,11,0,0,0,0,0.0,90,0.0,0,0,0,1,0,0
90,12,0,0,0,0,0.0,90,0.0,0,0,0,0,0,0
91,1,2,3,9,11,0.020000000000000018,4,2.697215343526342,2,0,0,1,1,0
91,2,1,3,7,14,-0.04000000000000001,3,2.0200274231339046,1,0,0,0,1,0
91,3,3,4,10,18,0.09999999999999998,5,3.018277994261813,4,0,1,1,1,0
91,4,3,3,11,21,0.07999999999999999,1,3.5186134893666727,4,0,0,0,1,0
91,5,1,5,9,17,-0.07999999999999999,4,2.4527783074829976,3,0,1,1,1,0
91,6,2,4,7,14,0.06,1,2.885099649724107,4,0,0,0,1,0
91,7,1,5,12,24,-0.13999999999999999,7,3.2986287112615282,4,0,1,1,0,1
91,8,1,1,8,16,-0.06,2,2.060879538347802,6,0,0,0,0,1
91,9,3,7,15,24,0.0,3,4.595403709967292,3,0,0,1,0,0
91,10,3,5,12,23,0.06,5,3.264103467140527,4,0,0,0,0,0
91,11,0,0,0,0,0.0,91,0.0,0,0,0,1,0,0
91,12,0,0,0,0,0.0,91,0.0,0,0,0,0,0,0
92,1,1,3,9,11,-0.07999999999999999,5,2.5165909007893603,3,0,0,1,1,0
92,2,1,3,7,14,-0.04000000000000001,4,1.8847522295930152,3,0,0,0,1,0
92,3,2,4,10,18,0.0,6,2.8161529462758144,5,0,0,1,1,0
92,4,3,3,11,21,0.07999999999999999,2,3.282982470045551,8,0,0,0,1,1
92,5,1,4,9,17,-0.07999999999999999,5,2.2885230818074485,3,0,0,1,1,0
92,6,2,4,7,14,0.06,2,2.6918931570638787,2,0,1,0,1,0
92,7,2,6,12,25,-0.03999999999999998,1,4.077729414437547,4,0,1,1,0,0
92,8,2,2,8,17,0.04000000000000001,1,2.9228686008616442,4,0,1,0,0,0
92,9,3,6,15,24,0.0,4,4.287663270830126,6,0,1,1,0,1
92,10,3,5,12,23,0.06,6,3.0455162226317913,4,0,0,0,0,0
92,11,0,0,0,0,0.0,92,0.0,0,0,0,1,0,0
92,12,0,0,0,0,0.0,92,0.0,0,0,0,0,0,0
93,1,1,3,9,11,-0.07999999999999999,6,2.3480623366378057,1,0,0,1,1,0
93,2,1,3,7,14,-0.04000000000000001,5,1.7585360110828387,5,0,0,0,1,0
93,3,2,3,10,18,0.0,7,2.6275636080889173,3,0,1,1,1,0
93,4,4,4,11,22,0.18000000000000002,1,4.063130955189498,3,0,0,0,1,0
93,5,1,4,9,17,-0.07999999999999999,6,2.1352675372198373,4,0,1,1,1,0
93,6,2,4,7,14,0.06,3,2.5116251252327717,5,0,0,0,1,1
93,7,2,5,12,25,-0.03999999999999998,2,3.8046560742302984,7,0,0,1,0,0
93,8,2,2,8,17,0.04000000000000001,2,2.7271328345309427,7,0,1,0,0,0
93,9,3,7,16,25,-0.020000000000000018,1,5.000531288285124,3,0,0,1,0,1
93,10,2,5,11,23,-0.01999999999999999,7,2.8415671119760177,9,0,1,0,0,0
93,11,0,0,0,0,0.0,93,0.0,0,0,0,1,0,0
93,12,0,0,0,0,0.0,93,0.0,0,0,0,0,0,0
94,1,1,3,9,11,-0.07999999999999999,7,2.190819626268078,3,0,0,1,1,1
94,2,1,2,7,14,-0.04000000000000001,6,1.6407721151458254,4,0,0,0,1,1
94,3,2,3,10,18,0.0,8,2.45160353370845,1,0,0,1,1,0
94,4,4,4,11,22,0.18000000000000002,2,3.7910352301262633,7,0,0,0,1,0
94,5,1,3,9,17,-0.07999999999999999,7,1.9922750579836561,5,0,1,1,1,0
94,6,3,5,8,15,0.13999999999999999,1,3.3434291042149415,2,0,0,0,1,0
94,7,2,5,12,25,-0.03999999999999998,3,3.549869638707781,7,0,1,1,0,0
94,8,2,2,8,17,0.04000000000000001,3,2.5445049069206584,1,0,1,0,0,0
94,9,3,8,16,26,-0.020000000000000018,1,5.665660667182075,2,0,0,1,0,0
94,10,1,5,10,23,-0.1,8,2.65127586313959,9,0,1,0,0,0
94,11,0,0,0,0,0.0,94,0.0,0,0,0,1,0,0
94,12,0,0,0,0,0.0,94,0.0,0,0,0,0,0,0
95,1,2,4,10,12,0.0,1,3.0441069898144555,1,0,1,1,1,1
95,2,2,3,8,15,0.04000000000000001,1,2.530894515024684,1,0,1,0,1,1
95,3,1,3,9,18,-0.07999999999999999,9,2.2874269791182034,4,0,1,1,1,0
95,4,4,4,11,22,0.18000000000000002,3,3.5371609417861367,1,0,0,0,1,0
95,5,1,2,8,17,-0.06,8,1.858858357314657,3,0,0,1,1,0
95,6,3,5,8,15,0.13999999999999999,2,3.1195296590968953,2,0,0,0,1,0
95,7,1,5,12,25,-0.13999999999999999,4,3.3121454885692065,5,0,0,1,0,0
95,8,2,2,8,17,0.04000000000000001,4,2.3741070252842675,1,0,0,0,0,0
95,9,3,7,16,26,-0.020000000000000018,2,5.286248321333315,5,0,0,1,0,0
95,10,1,5,10,23,-0.1,9,2.473727849974463,4,0,0,0,0,0
95,11,0,0,0,0,0.0,95,0.0,0,0,0,1,0,0
95,12,0,0,0,0,0.0,95,0.0,0,0,0,0,0,0
96,1,3,5,11,13,0.07999999999999999,1,3.8402522512646873,2,0,1,1,1,0
96,2,3,3,9,16,0.12,1,3.3614080806175783,2,0,1,0,1,0
96,3,1,3,9,18,-0.07999999999999999,10,2.1342448372486595,4,0,1,1,1,0
96,4,3,4,11,22,0.07999999999999999,4,3.30028785506187,1,0,0,0,1,1
96,5,1,2,7,17,-0.04000000000000001,9,1.7343761739684902,3,0,0,1,1,0
96,6,2,5,7,15,0.06,3,2.910624090014973,2,0,0,0,1,0
96,7,1,5,12,25,-0.13999999999999999,5,3.0903410136048675,5,0,0,1,0,0
96,8,2,2,8,17,0.04000000000000001,5,2.215120180029531,1,0,0,0,0,0
96,9,3,7,16,26,-0.020000000000000018,3,4.9322440852600495,5,0,0,1,0,0
96,10,1,4,10,23,-0.1,10,2.308069696109588,4,0,0,0,0,1
96,11,0,0,0,0,0.0,96,0.0,0,0,0,1,0,0
96,12,0,0,0,0,0.0,96,0.0,0,0,0,0,0,0
97,1,3,4,11,13,0.07999999999999999,2,3.5830820462534505,1,0,0,1,1,0
97,2,3,3,9,16,0.12,2,3.136304637234617,4,0,0,0,1,1
97,3,0,3,9,18,-0.18,11,1.9913208451701034,5,0,1,1,1,0
97,4,4,5,12,23,0.16000000000000003,1,4.07927745034097,3,0,0,0,1,1
97,5,1,2,6,17,-0.01999999999999999,10,1.6182301900479827,3,0,1,1,1,0
97,6,2,5,7,15,0.06,4,2.715708301945768,6,0,0,0,1,0
97,7,1,4,12,25,-0.13999999999999999,6,2.8833901207926393,5,0,0,1,0,0
97,8,2,2,8,17,0.04000000000000001,6,2.0667802081865045,7,0,0,0,0,0
97,9,3,7,16,26,-0.020000000000000018,4,4.601946453859909,10,0,1,1,0,0
97,10,1,5,10,24,-0.1,1,3.153505173236579,3,0,0,0,0,0
97,11,0,0,0,0,0.0,97,0.0,0,0,1,1,0,0
97,12,0,0,0,0,0.0,97,0.0,0,0,0,0,0,0
98,1,2,4,11,13,-0.01999999999999999,3,3.343133760537682,2,0,1,1,1,0
98,2,4,4,10,17,0.2,1,3.926275698049776,2,0,0,0,1,0
98,3,0,3,8,18,-0.16,12,1.8579680452786653,4,0,1,1,1,1
98,4,5,6,12,24,0.26,1,4.806100442800275,2,0,0,0,1,0
98,5,0,1,6,17,-0.12,11,1.5098621552156457,3,0,1,1,1,0
98,6,2,4,7,15,0.06,5,2.5338454411058033,4,0,0,0,1,0
98,7,1,4,12,25,-0.13999999999999999,7,2.6902981101708328,4,0,0,1,0,1
98,8,2,2,8,17,0.04000000000000001,7,1.92837412049332,7,0,0,0,0,0
98,9,3,7,16,26,-0.020000000000000018,5,4.293767866737113,7,0,0,1,0,0
98,10,1,5,10,24,-0.1,2,2.9423243656117233,6,0,0,0,0,0
98,11,0,0,0,0,0.0,98,0.0,0,0,0,1,0,0
98,12,0,0,0,0,0.0,98,0.0,0,0,0,0,0,0
99,1,2,4,11,13,-0.01999999999999999,4,3.11925409370217,6,0,0,1,1,0
99,2,3,4,10,17,0.09999999999999998,2,3.6633447601496494,3,0,1,0,1,0
99,3,1,4,9,19,-0.07999999999999999,1,2.7335454834661475,3,0,0,1,1,0
99,4,5,6,11,24,0.28,2,4.484250273772315,5,0,1,0,1,0
99,5,0,1,6,17,-0.12,12,1.4087512034890655,5,0,0,1,1,0
99,6,2,3,6,15,0.08000000000000002,6,2.364161392006849,3,0,1,0,1,1
99,7,2,5,13,26,-0.06,1,3.5101368938585114,3,0,0,1,0,0
99,8,2,2,8,17,0.04000000000000001,8,1.7992366744460422,7,0,1,0,0,1
99,9,2,7,16,26,-0.12,6,4.0062270776663444,5,0,0,1,0,0
99,10,1,4,10,24,-0.1,3,2.7452857049183454,5,0,0,0,0,0
99,11,0,0,0,0,0.0,99,0.0,0,0,0,1,0,0
99,12,0,0,0,0,0.0,99,0.0,0,0,0,0,0,0
100,1,2,4,11,13,-0.01999999999999999,5,2.910366978410369,2,0,0,1,1,1
100,2,3,4,10,17,0.09999999999999998,3,3.4180215205931157,1,0,0,0,1,0
100,3,1,4,9,19,-0.07999999999999999,2,2.550488119940348,4,0,0,1,1,0
100,4,4,6,11,24,0.18000000000000002,3,4.183953447737531,10,0,0,0,1,0
100,5,0,1,6,17,-0.12,13,1.3144113497224805,3,0,1,1,1,0
100,6,3,4,7,16,0.15999999999999998,1,3.2058405760599733,1,0,0,0,1,0
100,7,2,4,13,26,-0.06,2,3.275073526780524,6,0,1,1,0,0
100,8,2,3,9,18,0.020000000000000018,1,2.6787471768411275,1,0,0,0,0,0
100,9,2,6,15,26,-0.09999999999999998,7,3.737942035050791,3,0,1,1,0,1
100,10,1,4,9,24,-0.07999999999999999,4,2.561442133883197,3,0,0,0,0,0
100,11,0,0,0,0,0.0,100,0.0,0,0,0,1,0,0
100,12,0,0,0,0,0.0,100,0.0,0,0,0,0,0,0
101,1,3,5,12,14,0.06,1,3.7154684083361653,2,0,0,1,1,0
101,2,3,4,9,17,0.12,4,3.1891268444961822,6,0,1,0,1,0
101,3,1,4,9,19,-0.07999999999999999,3,2.3796895604270305,3,0,0,1,1,0
101,4,3,6,11,24,0.07999999999999999,4,3.903766601793288,3,0,0,0,1,0
101,5,0,1,6,17,-0.12,14,1.2263891537414988,4,0,0,1,1,1
101,6,2,4,7,16,0.06,2,2.9911550230713186,4,0,0,0,1,0
101,7,2,3,13,26,-0.06,3,3.0557516501950346,8,0,0,1,0,0
101,8,2,3,9,18,0.020000000000000018,2,2.4993594919788547,1,0,1,0,0,0
101,9,3,6,16,27,-0.020000000000000018,1,4.487623239154622,2,0,0,1,0,0
101,10,1,4,8,24,-0.06,5,2.389910016825463,8,0,1,0,0,1
101,11,0,0,0,0,0.0,101,0.0,0,0,0,1,0,0
101,12,0,0,0,0,0.0,101,0.0,0,0,0,0,0,0
102,1,3,4,12,14,0.06,2,3.4666546039903925,2,0,0,1,1,0
102,2,3,4,9,17,0.12,5,2.975560560110612,5,0,0,0,1,0
102,3,1,3,9,19,-0.07999999999999999,4,2.2203288694941423,5,0,0,1,1,0
102,4,3,6,11,24,0.07999999999999999,5,3.6423430307326683,4,0,1,0,1,1
102,5,1,2,7,18,-0.04000000000000001,1,2.1442615409037242,3,0,0,1,1,0
102,6,2,4,7,16,0.06,3,2.7908463193265804,4,0,1,0,1,0
102,7,1,3,12,26,-0.13999999999999999,4,2.851117103575009,5,0,0,1,0,0
102,8,1,3,9,18,-0.07999999999999999,3,2.331984863726946,2,0,0,0,0,0
102,9,3,6,16,27,-0.020000000000000018,2,4.1871005357185345,10,0,1,1,0,0
102,10,2,5,8,25,0.04000000000000001,1,3.229864892502443,3,0,0,0,0,1
102,11,0,0,0,0,0.0,102,0.0,0,0,1,1,0,0
102,12,0,0,0,0,0.0,102,0.0,0,0,0,0,0,0
103,1,3,4,11,14,0.07999999999999999,3,3.2345031157860022,1,0,0,1,1,0
103,2,3,4,9,17,0.12,6,2.7762961708989424,5,0,0,0,1,0
103,3,1,3,8,19,-0.06,5,2.071640087299657,5,0,1,1,1,1
103,4,3,7,12,25,0.06,1,4.398426214167744,4,0,0,0,1,0
103,5,1,2,7,18,-0.04000000000000001,2,2.0006667601467263,4,0,1,1,1,0
103,6,2,4,7,16,0.06,4,2.6039516902407676,6,0,0,0,1,1
103,7,1,3,12,26,-0.13999999999999999,5,2.660186320370348,5,0,0,1,0,0
103,8,1,3,9,18,-0.07999999999999999,4,2.1758188136217065,7,0,0,0,0,0
103,9,2,5,16,27,-0.12,3,3.9067029387068333,10,0,1,1,0,0
103,10,3,5,9,26,0.12,1,4.013570502911263,4,0,0,0,0,0
103,11,0,0,0,0,0.0,103,0.0,0,0,1,1,0,0
103,12,0,0,0,0,0.0,103,0.0,0,0,0,0,0,0
104,1,3,4,11,14,0.07999999999999999,4,3.017898118256938,5,0,0,1,1,0
104,2,3,4,9,17,0.12,7,2.590375921726024,1,0,1,0,1,0
104,3,2,4,9,20,0.020000000000000018,1,2.932908548040772,2,0,0,1,1,0
104,4,3,7,11,25,0.07999999999999999,2,4.103876768658845,7,0,1,0,1,1
104,5,1,2,7,18,-0.04000000000000001,3,1.8666880922879523,5,0,1,1,1,1
104,6,2,5,8,17,0.04000000000000001,1,3.4295728353626695,2,0,0,0,1,0
104,7,1,3,12,26,-0.13999999999999999,6,2.4820416005404375,5,0,1,1,0,0
104,8,1,3,9,18,-0.07999999999999999,5,2.030110736715528,4,0,0,0,0,0
104,9,1,4,15,27,-0.19999999999999998,4,3.6450827299472732,2,0,0,1,0,0
104,10,3,4,9,26,0.12,2,3.744793693075185,4,0,0,0,0,0
104,11,0,0,0,0,0.0,104,0.0,0,0,0,1,0,0
104,12,0,0,0,0,0.0,104,0.0,0,0,0,0,0,0
105,1,2,4,11,14,-0.01999999999999999,5,2.815798509430573,1,0,0,1,1,0
105,2,2,4,8,17,0.04000000000000001,8,2.4169061954529467,4,0,0,0,1,0
105,3,2,3,9,20,0.020000000000000018,2,2.736500436482356,6,0,1,1,1,0
105,4,4,8,12,26,0.16000000000000003,1,4.829052418360169,2,0,1,0,1,1
105,5,2,3,8,19,0.04000000000000001,1,2.741681575013564,2,0,1,1,1,0
105,6,2,5,8,17,0.04000000000000001,2,3.1999046022718023,6,0,1,0,1,0
105,7,1,2,12,26,-0.13999999999999999,7,2.31582669967105,4,0,0,1,0,0
105,8,1,3,9,18,-0.07999999999999999,6,1.8941602938286812,7,0,0,0,0,0
105,9,1,4,14,27,-0.18000000000000002,5,3.400982443921857,6,0,0,1,0,1
105,10,3,4,9,26,0.12,3,3.4940160621381087,7,0,0,0,0,0
105,11,0,0,0,0,0.0,105,0.0,0,0,0,1,0,0
105,12,0,0,0,0,0.0,105,0.0,0,0,0,0,0,0
106,1,1,4,11,14,-0.12,6,2.6272329068188904,2,0,0,1,1,0
106,2,1,4,8,17,-0.06,9,2.2550532178073066,6,0,0,0,1,0
106,3,2,3,9,20,0.020000000000000018,3,2.553245188592912,3,0,1,1,1,0
106,4,5,8,12,27,0.26,1,5.5056652241906425,4,0,0,0,1,0
106,5,2,3,8,19,0.04000000000000001,2,2.5580793617762514,5,0,1,1,1,1
106,6,2,4,8,17,0.04000000000000001,3,2.9856165636900576,6,0,0,0,1,0
106,7,1,2,12,26,-0.13999999999999999,8,2.1607427134748916,7,0,0,1,0,0
106,8,1,3,8,18,-0.06,7,1.7673140454012126,7,0,1,0,0,0
106,9,2,5,15,28,-0.09999999999999998,1,4.173228823816572,4,0,0,1,0,0
106,10,3,4,9,26,0.12,4,3.260032258934375,11,0,1,0,0,1
106,11,0,0,0,0,0.0,106,0.0,0,0,0,1,0,0
106,12,0,0,0,0,0.0,106,0.0,0,0,0,0,0,0
107,1,1,4,11,14,-0.12,7,2.4512949785131717,2,0,0,1,1,0
107,2,1,4,7,17,-0.04000000000000001,10,2.104039049885455,5,0,0,0,1,0
107,3,2,2,8,20,0.04000000000000001,4,2.3822619964398046,5,0,0,1,1,0
107,4,4,8,12,27,0.16000000000000003,2,5.136967294526762,6,0,1,0,1,0
107,5,3,4,9,20,0.12,1,3.3867724395066627,4,0,0,1,1,0
107,6,2,4,8,17,0.04000000000000001,4,2.7856787540015775,4,0,1,0,1,0
107,7,1,2,12,26,-0.13999999999999999,9,2.0160442378948367,5,0,0,1,0,1
107,8,1,3,8,18,-0.06,8,1.6489623107657105,2,0,0,0,0,0
107,9,2,5,15,28,-0.09999999999999998,2,3.8937601738532086,10,0,1,1,0,1
107,10,3,4,10,27,0.09999999999999998,1,4.041717651060036,4,0,0,0,0,0
107,11,0,0,0,0,0.0,107,0.0,0,0,1,1,0,0
107,12,0,0,0,0,0.0,107,0.0,0,0,0,0,0,0
108,1,1,3,11,14,-0.12,8,2.2871390869412984,5,0,0,1,1,0
108,2,0,4,7,17,-0.14,11,1.963137849024888,6,0,0,0,1,0
108,3,2,2,8,20,0.04000000000000001,5,2.222729037162678,3,0,0,1,1,1
108,4,3,8,11,27,0.07999999999999999,3,4.7929599622390455,6,0,0,0,1,1
108,5,3,3,8,20,0.13999999999999999,2,3.1599704208873125,5,0,0,1,1,0
108,6,2,4,8,17,0.04000000000000001,5,2.599130181306618,4,0,1,0,1,0
108,7,2,3,13,27,-0.06,1,2.8810357863535625,6,0,0,1,0,0
108,8,1,3,8,18,-0.06,9,1.5385362377451777,5,0,1,0,0,0
108,9,3,6,16,29,-0.020000000000000018,1,4.633006703337139,6,0,0,1,0,0
108,10,3,4,10,27,0.09999999999999998,2,3.771055910915664,10,0,1,0,0,0
108,11,0,0,0,0,0.0,108,0.0,0,0,0,1,0,0
108,12,0,0,0,0,0.0,108,0.0,0,0,0,0,0,0
109,1,1,3,11,14,-0.12,9,2.133976224349602,3,0,0,1,1,0
109,2,0,3,7,17,-0.14,12,1.8316723800748247,3,0,1,0,1,0
109,3,2,3,9,21,0.020000000000000018,1,3.073879522919621,4,0,1,1,1,1
109,4,4,9,12,28,0.16000000000000003,1,5.47198977188404,4,0,1,0,1,1
109,5,3,3,8,20,0.13999999999999999,3,2.948356654968314,5,0,1,1,1,0
109,6,2,4,8,17,0.04000000000000001,6,2.4250742084581183,6,0,0,0,1,0
109,7,1,3,12,27,-0.13999999999999999,2,2.6881014384660626,5,0,0,1,0,0
109,8,1,3,8,18,-0.06,10,1.4355050684911679,9,0,0,0,0,0
109,9,3,5,15,29,0.0,2,4.322748104224733,4,0,0,1,0,0
109,10,3,4,10,27,0.09999999999999998,3,3.518519577814202,6,0,0,0,0,0
109,11,0,0,0,0,0.0,109,0.0,0,0,0,1,0,0
109,12,0,0,0,0,0.0,109,0.0,0,0,0,0,0,0
110,1,1,3,11,14,-0.12,10,1.9910702204733306,3,0,0,1,1,1
110,2,0,3,7,17,-0.14,13,1.7090107602965579,3,0,1,0,1,0
110,3,3,4,10,22,0.09999999999999998,1,3.8680310068934287,5,0,1,1,1,0
110,4,5,9,13,29,0.24,1,6.105546986519778,5,0,1,0,1,1
110,5,3,3,8,20,0.13999999999999999,4,2.7509140299025403,5,0,1,1,1,0
110,6,1,4,8,17,-0.06,7,2.2626742434164333,6,0,0,0,1,0
110,7,1,3,12,27,-0.13999999999999999,3,2.5080873266863857,5,0,0,1,0,0
110,8,0,2,7,18,-0.14,11,1.339373588420564,9,0,0,0,0,0
110,9,3,5,15,29,0.0,3,4.033266595344865,4,0,0,1,0,0
110,10,3,4,9,27,0.12,4,3.2828948474688096,6,0,0,0,0,0
110,11,0,0,0,0,0.0,110,0.0,0,0,0,1,0,0
110,12,0,0,0,0,0.0,110,0.0,0,0,0,0,0,0
111,1,1,4,11,15,-0.12,1,2.857734204168082,1,0,0,1,1,0
111,2,0,3,7,17,-0.14,14,1.5945634222480911,4,0,1,0,1,0
111,3,3,4,10,22,0.09999999999999998,2,3.6090005417189053,8,0,1,1,1,0
111,4,6,9,14,30,0.31999999999999995,1,6.696676769801088,1,0,0,0,1,1
111,5,3,3,8,20,0.13999999999999999,5,2.5666935467805416,3,0,1,1,1,0
111,6,1,3,7,17,-0.04000000000000001,8,2.111149718208117,6,0,0,0,1,1
111,7,1,3,12,27,-0.13999999999999999,4,2.340128221453752,5,0,0,1,0,0
111,8,0,2,7,18,-0.14,12,1.2496797459894275,6,0,0,0,0,0
111,9,2,5,15,29,-0.09999999999999998,4,3.7631707971200936,6,0,0,1,0,0
111,10,3,4,9,27,0.12,5,3.0630492004345946,5,0,0,0,0,0
111,11,0,0,0,0,0.0,111,0.0,0,0,0,1,0,0
111,12,0,0,0,0,0.0,111,0.0,0,0,0,0,0,0
112,1,1,4,10,15,-0.1,2,2.666360293532003,3,0,0,1,1,0
112,2,0,3,7,17,-0.14,15,1.487780280055306,2,0,0,0,1,0
112,3,3,4,10,22,0.09999999999999998,3,3.3673165718979488,7,0,1,1,1,0
112,4,7,10,15,31,0.39999999999999997,1,7.248220359882553,5,0,0,0,1,0
112,5,2,3,8,20,0.04000000000000001,6,2.3948097583108674,4,0,1,1,1,1
112,6,2,4,8,18,0.04000000000000001,1,2.9697723371618077,5,0,0,0,1,1
112,7,1,2,11,27,-0.12,5,2.183416835042703,4,0,1,1,0,0
112,8,0,1,7,18,-0.14,13,1.1659924318634731,7,0,0,0,0,0
112,9,2,5,15,29,-0.09999999999999998,5,3.511162506500913,6,0,0,1,0,0
112,10,2,4,9,27,0.020000000000000018,6,2.857925958705916,6,0,0,0,0,0
112,11,0,0,0,0,0.0,112,0.0,0,0,0,1,0,0
112,12,0,0,0,0,0.0,112,0.0,0,0,0,0,0,0
113,1,1,4,10,15,-0.1,3,2.487802121189125,3,0,0,1,1,0
113,2,0,3,6,17,-0.12,16,1.3881480854494712,2,0,0,0,1,0
113,3,3,4,10,22,0.09999999999999998,4,3.14181745452941,5,0,0,1,1,0
113,4,6,9,15,31,0.3,2,6.7628287256992135,7,0,1,0,1,0
113,5,3,4,9,21,0.12,1,3.2344365129583275,3,0,1,1,1,1
113,6,3,5,9,19,0.12,1,3.7708955679253378,3,0,1,0,1,0
113,7,1,2,10,27,-0.1,6,2.037199941371721,4,0,1,1,0,0
113,8,0,1,7,18,-0.14,14,1.0879094068108535,2,0,0,0,0,0
113,9,2,4,15,29,-0.09999999999999998,6,3.2760304572124217,5,0,0,1,0,0
113,10,1,4,9,27,-0.07999999999999999,7,2.666539206842079,6,0,0,0,0,1
113,11,0,0,0,0,0.0,113,0.0,0,0,0,1,0,0
113,12,0,0,0,0,0.0,113,0.0,0,0,0,0,0,0
114,1,1,4,10,15,-0.1,4,2.321201455484704,2,0,0,1,1,0
114,2,0,3,6,17,-0.12,17,1.295187960863012,5,0,0,0,1,0
114,3,2,4,10,22,0.0,5,2.931419338462133,5,0,0,1,1,0
114,4,6,9,15,31,0.3,3,6.309942317190192,6,0,1,0,1,0
114,5,4,5,10,22,0.2,1,4.017835975621388,5,0,0,1,1,0
114,6,2,4,9,19,0.020000000000000018,2,3.5183699725142663,5,0,1,0,1,0
114,7,1,2,9,27,-0.07999999999999999,7,1.9007747556566652,5,0,0,1,0,1
114,8,0,1,7,18,-0.14,15,1.015055368357764,2,0,0,0,0,1
114,9,2,3,14,29,-0.08000000000000002,7,3.056644497858601,10,0,1,1,0,0
114,10,2,5,10,28,0.0,1,3.4879690532100502,5,0,0,0,0,0
114,11,0,0,0,0,0.0,114,0.0,0,0,1,1,0,0
114,12,0,0,0,0,0.0,114,0.0,0,0,0,0,0,0
115,1,1,3,10,15,-0.1,5,2.1657575379704848,3,0,0,1,1,0
115,2,0,2,6,17,-0.12,18,1.2084530977264734,3,0,0,0,1,0
115,3,2,4,10,22,0.0,6,2.7351109548141728,6,0,0,1,1,1
115,4,5,9,15,31,0.2,4,5.887384356632659,8,0,0,0,1,0
115,5,3,5,10,22,0.09999999999999998,2,3.7487735198382306,3,0,0,1,1,0
115,6,2,4,9,19,0.020000000000000018,3,3.2827552607882606,3,0,1,0,1,0
115,7,2,3,10,28,0.0,1,2.773485556507983,5,0,1,1,0,0
115,8,1,2,7,19,-0.04000000000000001,1,1.9470801469143406,5,0,1,0,0,0
115,9,2,3,13,29,-0.06,8,2.851950159901533,7,0,1,1,0,0
115,10,2,5,10,28,0.0,2,3.254390200104379,4,0,0,0,0,1
115,11,0,0,0,0,0.0,115,0.0,0,0,0,1,0,0
115,12,0,0,0,0,0.0,115,0.0,0,0,0,0,0,0
116,1,1,2,9,15,-0.07999999999999999,6,2.0207232345959922,4,0,0,1,1,0
116,2,0,1,6,17,-0.12,19,1.1275266089036533,4,0,1,0,1,0
116,3,3,5,11,23,0.07999999999999999,1,3.5519487563553613,3,0,0,1,1,1
116,4,4,9,15,31,0.10000000000000003,5,5.493123838595972,9,0,1,0,1,0
116,5,3,5,10,22,0.09999999999999998,3,3.4977293718086315,8,0,0,1,1,0
116,6,2,4,9,19,0.020000000000000018,4,3.062918961456463,4,0,0,0,1,0
116,7,2,3,10,28,0.0,2,2.5877535257727704,6,0,0,1,0,0
116,8,1,2,7,19,-0.04000000000000001,2,1.8166900142374136,4,0,0,0,0,1
116,9,1,3,12,29,-0.13999999999999999,9,2.6609635894068036,7,0,1,1,0,0
116,10,3,6,11,29,0.07999999999999999,1,4.036453424031459,3,0,0,0,0,0
116,11,0,0,0,0,0.0,116,0.0,0,0,1,1,0,0
116,12,0,0,0,0,0.0,116,0.0,0,0,0,0,0,0
117,1,1,2,9,15,-0.07999999999999999,7,1.8854014446430325,3,0,0,1,1,0
117,2,0,1,6,17,-0.12,20,1.0520195249427275,2,0,1,0,1,0
117,3,4,6,12,24,0.16000000000000003,1,4.314085373927686,4,0,0,1,1,0
117,4,4,8,14,31,0.12,6,5.125265768007351,11,0,1,0,1,0
117,5,2,5,10,22,0.0,4,3.2634968993647657,4,0,0,1,1,0
117,6,2,4,9,19,0.020000000000000018,5,2.857804441442535,3,0,0,0,1,0
117,7,2,3,10,28,0.0,3,2.414459413511689,8,0,1,1,0,0
117,8,2,3,7,20,0.06,1,2.695031718678979,4,0,0,0,0,1
117,9,1,3,12,29,-0.13999999999999999,10,2.482766818194751,1,0,1,1,0,0
117,10,2,5,11,29,-0.01999999999999999,2,3.766144213423061,4,0,0,0,0,1
117,11,0,0,0,0,0.0,117,0.0,0,0,0,1,0,0
117,12,0,0,0,0,0.0,117,0.0,0,0,0,0,0,0
118,1,1,2,8,15,-0.06,8,1.759141750143107,1,0,0,1,1,0
118,2,0,0,6,17,-0.12,21,0.981568924512444,4,0,0,0,1,1
118,3,4,6,11,24,0.18000000000000002,2,4.025183982180935,7,0,0,1,1,1
118,4,4,7,14,31,0.12,7,4.7820420519450915,10,0,0,0,1,0
118,5,2,5,10,22,0.0,5,3.0449502748854025,6,0,0,1,1,0
118,6,2,4,9,19,0.020000000000000018,6,2.6664258272263037,3,0,0,0,1,0
118,7,1,3,10,28,-0.1,4,2.2527702895330166,8,0,1,1,0,0
118,8,3,4,8,21,0.13999999999999999,1,3.5145535067656315,2,0,0,0,0,0
118,9,0,3,12,29,-0.24,11,2.3165033516685694,8,0,1,1,0,0
118,10,3,6,12,30,0.06,1,4.513936802009155,2,0,0,0,0,0
118,11,0,0,0,0,0.0,118,0.0,0,0,1,1,0,0
118,12,0,0,0,0,0.0,118,0.0,0,0,0,0,0,0
119,1,1,2,8,15,-0.06,9,1.6413372896733183,5,0,1,1,1,0
119,2,1,1,7,18,-0.04000000000000001,1,1.9158361900374123,2,0,1,0,1,1
119,3,4,6,12,25,0.16000000000000003,1,4.755629452380317,2,0,1,1,1,0
119,4,3,7,13,31,0.03999999999999998,8,4.461803001381142,7,0,1,0,1,0
119,5,2,5,10,22,0.0,6,2.841039064057151,5,0,0,1,1,0
119,6,2,4,9,19,0.020000000000000018,7,2.4878632662879645,2,0,0,0,1,1
119,7,1,2,10,28,-0.1,5,2.10190900248823,5,0,0,1,0,0
119,8,3,4,7,21,0.15999999999999998,2,3.2791943723337145,5,0,0,0,0,0
119,9,0,3,12,29,-0.24,12,2.1613740521123663,4,0,0,1,0,0
119,10,3,6,12,30,0.06,2,4.211651957986692,6,0,0,0,0,0
119,11,0,0,0,0,0.0,119,0.0,0,0,0,1,0,0
119,12,0,0,0,0,0.0,119,0.0,0,0,0,0,0,0
120,1,1,2,7,15,-0.04000000000000001,10,1.5314218415048115,4,0,1,1,1,1
120,2,2,2,8,19,0.04000000000000001,1,2.7875383716850863,1,0,0,0,1,0
120,3,3,6,12,25,0.06,2,4.437159174594957,4,0,1,1,1,0
120,4,2,7,13,31,-0.06,9,4.163009402026553,7,0,0,0,1,0
120,5,2,5,10,22,0.0,7,2.650783177010175,5,0,1,1,1,1
120,6,3,4,10,20,0.09999999999999998,1,3.3212585058791926,1,0,0,0,1,0
120,7,1,2,9,28,-0.07999999999999999,6,1.96115044452974,4,0,1,1,0,0
120,8,3,3,7,21,0.15999999999999998,3,3.059596535049189,2,0,0,0,0,0
120,9,0,3,12,29,-0.24,13,2.0166332976724326,6,0,0,1,0,0
120,10,3,6,12,30,0.06,3,3.929610225672175,5,0,0,0,0,0
120,11,0,0,0,0,0.0,120,0.0,0,0,0,1,0,0
120,12,0,0,0,0,0.0,120,0.0,0,0,0,0,0,0
121,1,1,2,8,16,-0.06,1,2.428867102084041,2,0,0,1,1,1
121,2,2,2,8,19,0.04000000000000001,2,2.600865265956977,4,0,1,0,1,1
121,3,3,6,11,25,0.07999999999999999,3,4.140015898597324,6,0,0,1,1,0
121,4,1,7,13,31,-0.16,10,3.8842251161686905,3,0,1,0,1,0
121,5,3,6,11,23,0.07999999999999999,1,3.4732681575612463,2,0,0,1,1,0
121,6,3,4,10,20,0.09999999999999998,2,3.09884375940753,5,0,1,0,1,0
121,7,1,2,9,28,-0.07999999999999999,7,1.829818066113323,5,0,0,1,0,0
121,8,3,3,6,21,0.18,4,2.854704507992595,1,0,0,0,0,0
121,9,0,2,12,29,-0.24,14,1.8815853985600468,5,0,0,1,0,0
121,10,3,6,12,30,0.06,4,3.666455984432538,6,0,0,0,0,0
121,11,0,0,0,0,0.0,121,0.0,0,0,0,1,0,0
121,12,0,0,0,0,0.0,121,0.0,0,0,0,0,0,0
122,1,2,3,9,17,0.020000000000000018,1,3.2662131383028092,3,0,1,1,1,0
122,2,3,3,9,20,0.12,1,3.4266930996800125,3,0,1,0,1,0
122,3,3,6,11,25,0.07999999999999999,4,3.862771418878205,5,0,1,1,1,0
122,4,0,7,13,31,-0.26,11,3.6241101799412765,3,0,0,0,1,0
122,5,3,5,10,23,0.09999999999999998,2,3.240673779458905,4,0,0,1,1,0
122,6,2,4,10,20,0.0,3,2.8913234631451745,3,0,0,0,1,0
122,7,1,2,9,28,-0.07999999999999999,8,1.7072806241938094,5,0,0,1,0,0
122,8,3,3,6,21,0.18,5,2.663533487045941,1,0,0,0,0,1
122,9,0,2,11,29,-0.22,15,1.7555812532504564,6,0,0,1,0,1
122,10,3,5,12,30,0.06,5,3.420924395493121,4,0,0,0,0,0
122,11,0,0,0,0,0.0,122,0.0,0,0,0,1,0,0
122,12,0,0,0,0,0.0,122,0.0,0,0,0,0,0,0
123,1,2,3,9,17,0.020000000000000018,2,3.047484615427494,2,0,0,1,1,0
123,2,3,3,9,20,0.12,2,3.1972177138729774,5,0,0,0,1,0
123,3,3,6,10,25,0.09999999999999998,5,3.6040931725788097,4,0,0,1,1,0
123,4,0,6,13,31,-0.26,12,3.3814143628496067,10,0,0,0,1,0
123,5,2,5,10,23,0.0,3,3.023655551043434,4,0,0,1,1,0
123,6,1,4,10,20,-0.1,4,2.6977001803189045,3,0,0,0,1,0
123,7,1,2,8,28,-0.06,9,1.5929491481843778,11,0,1,1,0,0
123,8,4,4,7,22,0.26,1,3.4851646174769386,2,0,1,0,0,1
123,9,1,3,12,30,-0.13999999999999999,1,2.6380152286062106,2,0,1,1,0,0
123,10,3,4,12,30,0.06,6,3.1918353225481915,9,0,1,0,0,1
123,11,0,0,0,0,0.0,123,0.0,0,0,0,1,0,0
123,12,0,0,0,0,0.0,123,0.0,0,0,0,0,0,0
124,1,2,3,9,17,0.020000000000000018,3,2.8434036873947117,1,0,0,1,1,0
124,2,3,3,8,20,0.13999999999999999,3,2.9831096081693764,4,0,0,0,1,0
124,3,3,5,10,25,0.09999999999999998,6,3.36273783458859,7,0,0,1,1,0
124,4,0,6,13,31,-0.26,13,3.154971158595096,10,0,0,0,1,0
124,5,1,5,9,23,-0.07999999999999999,4,2.8211703841669293,6,0,0,1,1,0
124,6,1,3,10,20,-0.1,5,2.517043269512332,3,0,0,0,1,0
124,7,1,2,8,28,-0.06,10,1.4862741090964793,8,0,1,1,0,1
124,8,5,5,8,23,0.33999999999999997,1,4.251773569042741,3,0,0,0,0,0
124,9,1,3,12,30,-0.13999999999999999,2,2.4613552404661077,9,0,1,1,0,0
124,10,3,5,13,31,0.03999999999999998,1,3.9780876594899897,3,0,0,0,0,1
124,11,0,0,0,0,0.0,124,0.0,0,0,1,1,0,0
124,12,0,0,0,0,0.0,124,0.0,0,0,0,0,0,0
125,1,2,3,9,17,0.020000000000000018,4,2.652989448596677,4,0,0,1,1,0
125,2,3,3,8,20,0.13999999999999999,4,2.7833396817924667,5,0,0,0,1,0
125,3,3,5,10,25,0.09999999999999998,7,3.1375453415601977,6,0,0,1,1,0
125,4,0,5,13,31,-0.26,14,2.9436921783163297,6,0,0,0,1,0
125,5,1,4,8,23,-0.06,5,2.632245043174314,7,0,0,1,1,0
125,6,1,3,10,20,-0.1,6,2.348484411580678,4,0,1,0,1,1
125,7,1,3,9,29,-0.07999999999999999,1,2.3867427782539914,4,0,0,1,0,0
125,8,4,5,8,23,0.24000000000000002,2,3.967045012461077,8,0,1,0,0,0
125,9,1,3,11,30,-0.12,3,2.2965256432468903,13,0,1,1,0,0
125,10,4,6,14,32,0.12,1,4.711687029529601,4,0,0,0,0,1
125,11,0,0,0,0,0.0,125,0.0,0,0,1,1,0,0
125,12,0,0,0,0,0.0,125,0.0,0,0,0,0,0,0
126,1,2,3,9,17,0.020000000000000018,5,2.475326681739743,3,0,0,1,1,1
126,2,3,3,7,20,0.15999999999999998,5,2.596947749765931,4,0,0,0,1,0
126,3,2,5,10,25,0.0,8,2.9274333161182855,5,0,0,1,1,0
126,4,0,4,13,31,-0.26,15,2.746561919297986,9,0,0,0,1,0
126,5,1,4,8,23,-0.06,6,2.4559714670908632,8,0,1,1,1,0
126,6,2,4,11,21,-0.01999999999999999,1,3.191213436114679,3,0,0,0,1,0
126,7,1,3,9,29,-0.07999999999999999,2,2.2269097544231924,6,0,1,1,0,0
126,8,4,5,8,23,0.24000000000000002,3,3.70138387553773,4,0,0,0,0,1
126,9,1,2,11,30,-0.12,4,2.142734191059637,9,0,1,1,0,0
126,10,4,7,14,33,0.12,1,5.396159444347178,3,0,0,0,0,0
126,11,0,0,0,0,0.0,126,0.0,0,0,1,1,0,0
126,12,0,0,0,0,0.0,126,0.0,0,0,0,0,0,0
127,1,3,4,9,18,0.12,1,3.309561458894511,1,0,0,1,1,0
127,2,3,3,7,20,0.15999999999999998,6,2.423037927828887,4,0,1,0,1,1
127,3,1,5,10,25,-0.1,9,2.7313918644623603,7,0,0,1,1,0
127,4,0,4,13,31,-0.26,16,2.5626328840036754,7,0,0,0,1,0
127,5,1,3,8,23,-0.06,7,2.29150240506883,3,0,0,1,1,0
127,6,2,4,11,21,-0.01999999999999999,2,2.9775074189305335,3,0,0,0,1,0
127,7,1,3,8,29,-0.06,3,2.0777802700519685,8,0,1,1,0,0
127,8,4,6,9,24,0.22000000000000003,1,4.45351327021907,1,0,0,0,0,1
127,9,1,2,11,30,-0.12,5,1.999241692352574,4,0,1,1,0,0
127,10,4,6,14,33,0.12,2,5.034794789168844,4,0,0,0,0,0
127,11,0,0,0,0,0.0,127,0.0,0,0,0,1,0,0
127,12,0,0,0,0,0.0,127,0.0,0,0,0,0,0,0
128,1,3,4,9,18,0.12,2,3.087930028667266,4,0,1,1,1,0
128,2,4,4,8,21,0.24000000000000002,1,3.2607743264093334,2,0,0,0,1,1
128,3,1,5,10,25,-0.1,10,2.548478722358614,6,0,1,1,1,0
128,4,0,4,13,31,-0.26,17,2.3910210259725457,8,0,0,0,1,0
128,5,1,3,7,23,-0.04000000000000001,8,2.1380473441151593,3,0,0,1,1,0
128,6,2,4,10,21,0.0,3,2.778112654407794,2,0,0,0,1,0
128,7,1,2,8,29,-0.06,4,1.9386375411227437,7,0,1,1,0,0
128,8,4,7,10,25,0.2,1,5.155274809361369,2,0,0,0,0,0
128,9,1,1,11,30,-0.12,6,1.8653584570208317,6,0,1,1,0,1
128,10,3,6,14,33,0.019999999999999962,3,4.697629643912136,6,0,0,0,0,0
128,11,0,0,0,0,0.0,128,0.0,0,0,0,1,0,0
128,12,0,0,0,0,0.0,128,0.0,0,0,0,0,0,0
129,1,3,4,9,18,0.12,3,2.8811405923037587,5,0,1,1,1,0
129,2,4,5,9,22,0.22000000000000003,1,4.042410024496118,5,0,0,0,1,0
129,3,0,4,10,25,-0.2,11,2.3778147261901585,2,0,1,1,1,0
129,4,0,3,13,31,-0.26,18,2.230901500690571,6,0,0,0,1,0
129,5,1,3,7,23,-0.04000000000000001,9,1.994868709527093,5,0,0,1,1,0
129,6,2,4,9,21,0.020000000000000018,4,2.592070760768365,3,0,0,0,1,0
129,7,1,2,8,29,-0.06,5,1.808812784499314,8,0,0,1,0,1
129,8,4,7,10,25,0.2,2,4.810041477572783,4,0,1,0,0,0
129,9,2,2,12,31,-0.03999999999999998,1,2.74044098144263,5,0,0,1,0,1
129,10,3,6,13,33,0.03999999999999998,4,4.383043439791328,10,0,1,0,0,0
129,11,0,0,0,0,0.0,129,0.0,0,0,0,1,0,0
129,12,0,0,0,0,0.0,129,0.0,0,0,0,0,0,0
130,1,3,4,9,18,0.12,4,2.688199225875305,5,0,0,1,1,0
130,2,3,5,9,22,0.12,2,3.771701918173992,7,0,0,0,1,0
130,3,0,3,10,25,-0.2,12,2.2185795872974783,3,0,0,1,1,0
130,4,0,2,13,31,-0.26,19,2.0815047010132766,6,0,0,0,1,0
130,5,1,3,7,23,-0.04000000000000001,10,1.861278319773234,5,0,0,1,1,1
130,6,1,4,9,21,-0.07999999999999999,5,2.4184875361947955,4,0,1,0,1,0
130,7,2,3,8,30,0.04000000000000001,1,2.6876820034514175,7,0,0,1,0,1
130,8,4,7,10,25,0.2,3,4.4879273892358595,7,0,1,0,0,0
130,9,3,3,12,32,0.06,1,3.5569218470454813,7,0,0,1,0,0
130,10,3,6,13,33,0.03999999999999998,5,4.089524132664281,11,0,1,0,0,0
130,11,0,0,0,0,0.0,130,0.0,0,0,0,1,0,0
130,12,0,0,0,0,0.0,130,0.0,0,0,0,0,0,0
131,1,2,3,9,18,0.020000000000000018,5,2.5081785655653657,5,0,0,1,1,0
131,2,3,5,9,22,0.12,3,3.5191223238989946,4,0,0,0,1,0
131,3,0,3,10,25,-0.2,13,2.070007949298662,6,0,0,1,1,0
131,4,0,1,13,31,-0.26,20,1.9421125580843452,4,0,1,0,1,1
131,5,1,4,8,24,-0.06,1,2.7366340787806234,3,0,0,1,1,0
131,6,1,4,9,21,-0.07999999999999999,6,2.256528660890313,5,0,1,0,1,0
131,7,3,4,8,31,0.13999999999999999,1,3.507695979979916,3,0,0,1,0,0
131,8,4,7,10,25,0.2,4,4.187384317778708,6,0,1,0,0,0
131,9,3,3,11,32,0.07999999999999999,2,3.318725431611472,10,0,0,1,0,1
131,10,3,6,13,33,0.03999999999999998,6,3.815660935461722,9,0,0,0,0,0
131,11,0,0,0,0,0.0,131,0.0,0,0,0,1,0,0
131,12,0,0,0,0,0.0,131,0.0,0,0,0,0,0,0
132,1,1,3,8,18,-0.06,6,2.3402133503379514,3,0,0,1,1,0
132,2,2,5,9,22,0.020000000000000018,4,3.283457229451441,7,0,0,0,1,0
132,3,0,3,9,25,-0.18,14,1.9313857094391025,5,0,1,1,1,0
132,4,1,1,14,32,-0.18000000000000002,1,2.812055089970638,5,0,0,0,1,0
132,5,1,4,8,24,-0.06,2,2.55336988126626,5,0,1,1,1,1
132,6,1,3,9,21,-0.07999999999999999,7,2.105415686959035,7,0,0,0,1,0
132,7,3,4,8,31,0.13999999999999999,2,3.272796073602294,9,0,0,1,0,0
132,8,4,7,10,25,0.2,5,3.906967716731381,8,0,1,0,0,0
132,9,4,4,12,33,0.16000000000000003,1,4.096480317545734,5,0,0,1,0,0
132,10,3,6,13,33,0.03999999999999998,7,3.5601375373039836,11,0,1,0,0,1
132,11,0,0,0,0,0.0,132,0.0,0,0,0,1,0,0
132,12,0,0,0,0,0.0,132,0.0,0,0,0,0,0,0
133,1,1,3,8,18,-0.06,7,2.1834962631001935,3,0,0,1,1,0
133,2,2,5,9,22,0.020000000000000018,5,3.0635739213782354,5,0,0,0,1,1
133,3,0,3,9,25,-0.18,15,1.8020465862894048,6,0,0,1,1,0
133,4,1,1,14,32,-0.18000000000000002,2,2.6237401729616106,6,0,1,0,1,0
133,5,2,4,9,25,0.020000000000000018,1,3.3823783388178414,6,0,0,1,1,0
133,6,1,2,9,21,-0.07999999999999999,8,1.9644222968319107,6,0,1,0,1,0
133,7,3,4,8,31,0.13999999999999999,3,3.0536267112430657,7,0,0,1,0,0
133,8,3,7,10,25,0.09999999999999998,6,3.6453297765796107,4,0,0,0,0,1
133,9,3,4,11,33,0.07999999999999999,2,3.8221512854513473,10,0,1,1,0,0
133,10,4,7,13,34,0.14,1,4.321725776713218,6,0,0,0,0,0
133,11,0,0,0,0,0.0,133,0.0,0,0,1,1,0,0
133,12,0,0,0,0,0.0,133,0.0,0,0,0,0,0,0
134,1,1,3,8,18,-0.06,8,2.0372740503698132,4,0,1,1,1,0
134,2,3,6,10,23,0.09999999999999998,1,3.858415540657683,3,0,0,0,1,1
134,3,0,3,9,25,-0.18,16,1.681368917294295,6,0,1,1,1,1
134,4,1,1,14,32,-0.18000000000000002,3,2.448036142593672,8,0,0,0,1,0
134,5,2,3,9,25,0.020000000000000018,2,3.155870579976508,3,0,0,1,1,0
134,6,1,2,9,21,-0.07999999999999999,9,1.832870812254684,2,0,0,0,1,0
134,7,3,4,8,31,0.13999999999999999,4,2.8491344654278206,7,0,1,1,0,0
134,8,3,8,11,26,0.07999999999999999,1,4.4012129465802765,3,0,0,0,0,0
134,9,3,4,10,33,0.09999999999999998,3,3.5661932479709244,7,0,1,1,0,0
134,10,3,6,12,34,0.06,2,4.032312730048466,6,0,0,0,0,0
134,11,0,0,0,0,0.0,134,0.0,0,0,0,1,0,0
134,12,0,0,0,0,0.0,134,0.0,0,0,0,0,0,0
135,1,1,3,8,18,-0.06,9,1.9008439017968553,6,0,1,1,1,0
135,2,4,7,11,24,0.18000000000000002,1,4.600028994491947,3,0,1,0,1,1
135,3,1,4,9,26,-0.07999999999999999,1,2.568772670780099,3,0,1,1,1,0
135,4,1,1,14,32,-0.18000000000000002,4,2.2840984855144004,7,0,1,0,1,0
135,5,2,3,9,25,0.020000000000000018,3,2.9445313681384806,5,0,0,1,1,0
135,6,1,2,9,21,-0.07999999999999999,10,1.7101289370584858,3,0,0,0,1,1
135,7,2,3,7,31,0.06,5,2.658336453568742,5,0,0,1,0,0
135,8,3,7,11,26,0.07999999999999999,2,4.106476881938322,7,0,0,0,0,0
135,9,3,4,10,33,0.09999999999999998,4,3.327375954552675,5,0,0,1,0,0
135,10,2,6,12,34,-0.03999999999999998,3,3.7622808093290714,6,0,0,0,0,0
135,11,0,0,0,0,0.0,135,0.0,0,0,0,1,0,0
135,12,0,0,0,0,0.0,135,0.0,0,0,0,0,0,0
136,1,1,3,8,18,-0.06,10,1.7735500721380173,5,0,1,1,1,0
136,2,5,8,12,25,0.26,1,5.291978813886873,2,0,0,0,1,0
136,3,1,3,9,26,-0.07999999999999999,2,2.39674964959595,5,0,1,1,1,0
136,4,1,1,13,32,-0.16,5,2.131139242904192,7,0,0,0,1,0
136,5,2,3,9,25,0.020000000000000018,4,2.747344911088215,5,0,1,1,1,1
136,6,1,3,9,22,-0.07999999999999999,1,2.59560671805734,2,0,0,0,1,0
136,7,2,3,7,31,0.06,6,2.4803156137845908,4,0,1,1,0,0
136,8,3,7,11,26,0.07999999999999999,3,3.8314784098316537,4,0,0,0,0,0
136,9,3,4,10,33,0.09999999999999998,5,3.1045515408439224,7,0,0,1,0,1
136,10,1,5,12,34,-0.13999999999999999,4,3.510332118529824,6,0,0,0,0,0
136,11,0,0,0,0,0.0,136,0.0,0,0,0,1,0,0
136,12,0,0,0,0,0.0,136,0.0,0,0,0,0,0,0
137,1,0,3,8,18,-0.16,11,1.654780729447255,4,0,0,1,1,1
137,2,5,8,12,25,0.26,2,4.937590823870274,7,0,0,0,1,1
137,3,1,2,8,26,-0.06,3,2.2362464955273045,3,0,0,1,1,0
137,4,1,1,13,32,-0.16,6,1.9884232231883852,7,0,1,0,1,0
137,5,3,4,10,26,0.09999999999999998,1,3.5633634411760613,4,0,0,1,1,0
137,6,1,3,9,22,-0.07999999999999999,2,2.4217867010020746,5,0,1,0,1,0
137,7,2,3,7,31,0.06,7,2.314216297084889,10,0,0,1,0,0
137,8,2,6,11,26,-0.01999999999999999,4,3.5748957627339175,3,0,1,0,0,0
137,9,4,5,11,34,0.18000000000000002,1,3.89664901153381,4,0,0,1,0,0
137,10,1,5,11,34,-0.12,5,3.2752556778396205,13,0,1,0,0,0
137,11,0,0,0,0,0.0,137,0.0,0,0,0,1,0,0
137,12,0,0,0,0,0.0,137,0.0,0,0,0,0,0,0
138,1,1,4,8,19,-0.06,1,2.5439650143336325,4,0,1,1,1,0
138,2,5,9,13,26,0.24,1,5.606935137380372,4,0,1,0,1,0
138,3,1,2,8,26,-0.06,4,2.086491757535543,6,0,1,1,1,0
138,4,1,1,13,32,-0.16,7,1.85526446837272,3,0,0,0,1,1
138,5,3,4,9,26,0.12,2,3.324735651453393,4,0,0,1,1,0
138,6,1,3,9,22,-0.07999999999999999,3,2.2596068905000215,4,0,0,0,1,0
138,7,2,3,7,31,0.06,8,2.159240154732347,5,0,0,1,0,1
138,8,1,5,11,26,-0.12,5,3.335495687935884,4,0,0,0,0,0
138,9,4,5,11,34,0.18000000000000002,2,3.635702084200334,7,0,0,1,0,0
138,10,1,4,11,34,-0.12,6,3.055921603142615,4,0,0,0,0,0
138,11,0,0,0,0,0.0,138,0.0,0,0,0,1,0,0
138,12,0,0,0,0,0.0,138,0.0,0,0,0,0,0,0
139,1,1,4,8,19,-0.06,2,2.3736032876886863,4,0,0,1,1,0
139,2,4,8,12,26,0.16000000000000003,2,5.231455464582849,4,0,0,0,1,0
139,3,1,1,8,26,-0.06,5,1.9467656463502785,8,0,1,1,1,1
139,4,2,2,14,33,-0.08000000000000002,1,2.7310229570177436,3,0,0,0,1,0
139,5,3,4,9,26,0.12,3,3.1020880509446354,5,0,1,1,1,0
139,6,1,3,9,22,-0.07999999999999999,4,2.1082877767404185,7,0,1,0,1,0
139,7,3,4,8,32,0.13999999999999999,1,3.0146423010163206,3,0,0,1,0,0
139,8,1,5,11,26,-0.12,6,3.1121275199729395,11,0,1,0,0,0
139,9,3,5,10,34,0.09999999999999998,3,3.392229991958043,12,0,0,1,0,1
139,10,1,4,11,34,-0.12,7,2.8512756752821105,8,0,0,0,0,0
139,11,0,0,0,0,0.0,139,0.0,0,0,0,1,0,0
139,12,0,0,0,0,0.0,139,0.0,0,0,0,0,0,0
140,1,1,4,8,19,-0.06,3,2.2146501762337762,5,0,0,1,1,0
140,2,4,7,12,26,0.16000000000000003,3,4.881120542211314,8,0,1,0,1,0
140,3,2,2,9,27,0.020000000000000018,1,2.816396574835287,1,0,0,1,1,0
140,4,2,2,13,33,-0.06,2,2.548134519541963,10,0,1,0,1,1
140,5,3,4,9,26,0.12,4,2.8943504941834575,7,0,0,1,1,0
140,6,1,2,9,22,-0.07999999999999999,5,1.9671020513525974,4,0,0,0,1,0
140,7,2,4,8,32,0.04000000000000001,2,2.812760724530662,10,0,0,1,0,0
140,8,1,5,10,26,-0.1,7,2.903717650004377,6,0,1,0,0,0
140,9,3,6,11,35,0.07999999999999999,1,4.165062497377493,1,0,0,1,0,0
140,10,1,4,11,34,-0.12,8,2.6603342730045982,10,0,1,0,0,1
140,11,0,0,0,0,0.0,140,0.0,0,0,0,1,0,0
140,12,0,0,0,0,0.0,140,0.0,0,0,0,0,0,0
141,1,1,3,8,19,-0.06,4,2.066341679138918,2,0,0,1,1,0
141,2,4,7,12,26,0.16000000000000003,4,4.5542465015511855,5,0,0,0,1,0
141,3,2,2,9,27,0.020000000000000018,2,2.627790921572586,8,0,1,1,1,0
141,4,3,3,13,34,0.03999999999999998,1,3.377493573606443,5,0,0,0,1,0
141,5,2,3,9,26,0.020000000000000018,5,2.700524500144028,8,0,1,1,1,0
141,6,1,2,8,22,-0.06,6,1.8353711116317044,8,0,0,0,1,0
141,7,1,4,8,32,-0.06,3,2.6243985532860816,7,0,0,1,0,1
141,8,1,5,10,26,-0.1,8,2.709264365561812,9,0,0,0,0,1
141,9,3,6,11,35,0.07999999999999999,2,3.886140721865888,12,0,1,1,0,0
141,10,2,5,12,35,-0.03999999999999998,1,3.482179645229378,5,0,0,0,0,0
141,11,0,0,0,0,0.0,141,0.0,0,0,1,1,0,0
141,12,0,0,0,0,0.0,141,0.0,0,0,0,0,0,0
142,1,1,2,8,19,-0.06,5,1.9279649584241745,4,0,0,1,1,0
142,2,4,6,12,26,0.16000000000000003,5,4.249262237538342,5,0,0,0,1,0
142,3,2,2,9,27,0.020000000000000018,3,2.451815624688134,7,0,0,1,1,0
142,4,2,3,13,34,-0.06,2,3.151312932878362,9,0,0,0,1,0
142,5,2,3,9,26,0.020000000000000018,6,2.519678453087824,4,0,0,1,1,0
142,6,1,2,8,22,-0.06,7,1.712461798865965,3,0,1,0,1,0
142,7,2,5,8,33,0.04000000000000001,1,3.448650433157382,6,0,1,1,0,0
142,8,2,6,10,27,0.0,1,3.5278330358642083,6,0,1,0,0,0
142,9,2,6,11,35,-0.01999999999999999,3,3.625897503255538,9,0,1,1,0,1
142,10,2,5,12,35,-0.03999999999999998,2,3.248988491456945,7,0,0,0,0,1
142,11,0,0,0,0,0.0,142,0.0,0,0,0,1,0,0
142,12,0,0,0,0,0.0,142,0.0,0,0,0,0,0,0
143,1,1,2,8,19,-0.06,6,1.798854912736644,3,0,0,1,1,0
143,2,4,6,12,26,0.16000000000000003,6,3.964701857314787,8,0,0,0,1,1
143,3,2,2,9,27,0.020000000000000018,4,2.287624866999456,4,0,0,1,1,0
143,4,2,3,12,34,-0.03999999999999998,3,2.9402789330321286,10,0,0,0,1,0
143,5,1,3,9,26,-0.07999999999999999,7,2.350943124795368,10,0,0,1,1,0
143,6,1,2,8,22,-0.06,8,1.597783355088414,5,0,0,0,1,0
143,7,2,5,8,33,0.04000000000000001,2,3.217704630413539,11,0,0,1,0,1
143,8,2,5,10,27,0.0,2,3.2915846110947595,5,0,1,0,0,0
143,9,3,6,11,36,0.07999999999999999,1,4.3830819944683554,8,0,1,1,0,0
143,10,2,6,13,36,-0.06,1,4.031413451652733,8,0,1,0,0,0
143,11,0,0,0,0,0.0,143,0.0,0,0,1,1,0,0
143,12,0,0,0,0,0.0,143,0.0,0,0,0,0,0,0
144,1,1,2,8,19,-0.06,7,1.6783909805713535,7,0,1,1,1,1
144,2,4,7,13,27,0.14,1,4.699197634481952,3,0,0,0,1,0
144,3,2,2,9,27,0.020000000000000018,5,2.1344294731704934,6,0,1,1,1,0
144,4,2,3,12,34,-0.03999999999999998,4,2.7433772488396193,5,0,0,0,1,0
144,5,1,3,9,26,-0.07999999999999999,8,2.193507496660712,5,0,0,1,1,0
144,6,1,2,7,22,-0.04000000000000001,9,1.49078458362586,4,0,1,0,1,0
144,7,3,6,9,34,0.12,1,4.002224577196582,3,0,0,1,0,0
144,8,1,4,10,27,-0.1,3,3.0711570365862624,9,0,1,0,0,1
144,9,3,6,10,36,0.09999999999999998,2,4.089560105449926,12,0,0,1,0,0
144,10,2,5,13,36,-0.06,2,3.7614417529172757,7,0,0,0,0,0
144,11,0,0,0,0,0.0,144,0.0,0,0,0,1,0,0
144,12,0,0,0,0,0.0,144,0.0,0,0,0,0,0,0
145,1,2,3,8,20,0.04000000000000001,1,2.5659941575708856,2,0,0,1,1,0
145,2,3,7,12,27,0.06,2,4.384506426723385,7,0,1,0,1,0
145,3,1,2,9,27,-0.07999999999999999,6,1.9914931165765972,7,0,0,1,1,0
145,4,2,3,12,34,-0.03999999999999998,5,2.5596614813988463,7,0,0,0,1,1
145,5,1,3,9,26,-0.07999999999999999,9,2.0466148615677575,3,0,0,1,1,0
145,6,1,2,7,22,-0.04000000000000001,10,1.39095119979739,3,0,0,0,1,0
145,7,3,5,9,34,0.12,2,3.734207570063861,9,0,1,1,0,0
145,8,2,5,11,28,-0.01999999999999999,1,3.865490837325397,2,0,0,0,0,0
145,9,3,6,10,36,0.09999999999999998,3,3.8156944992575257,4,0,1,1,0,0
145,10,2,4,13,36,-0.06,3,3.5095492512158586,4,0,0,0,0,1
145,11,0,0,0,0,0.0,145,0.0,0,0,0,1,0,0
145,12,0,0,0,0,0.0,145,0.0,0,0,0,0,0,0
146,1,2,3,7,20,0.06,2,2.3941572051043334,2,0,0,1,1,0
146,2,2,7,11,27,-0.01999999999999999,3,4.0908891477380775,5,0,0,0,1,0
146,3,1,2,9,27,-0.07999999999999999,7,1.8581287801844224,8,0,1,1,1,0
146,4,3,4,13,35,0.03999999999999998,1,3.3882486093111015,6,0,0,0,1,0
146,5,1,3,9,26,-0.07999999999999999,10,1.9095591868122537,8,0,1,1,1,0
146,6,0,1,7,22,-0.14,11,1.2978033590286704,8,0,0,0,1,0
146,7,3,5,9,34,0.12,3,3.4841388601160768,7,0,0,1,0,1
146,8,2,5,11,28,-0.01999999999999999,2,3.6066304797078335,9,0,0,0,0,0
146,9,3,6,10,36,0.09999999999999998,4,3.5601688534327898,13,0,1,1,0,1
146,10,3,4,14,37,0.019999999999999962,1,4.274525236807695,6,0,0,0,0,0
146,11,0,0,0,0,0.0,146,0.0,0,0,1,1,0,0
146,12,0,0,0,0,0.0,146,0.0,0,0,0,0,0,0
147,1,2,2,7,20,0.06,3,2.233827659287898,5,0,0,1,1,1
147,2,2,7,11,27,-0.01999999999999999,4,3.816934539559519,8,0,0,0,1,0
147,3,1,2,9,27,-0.07999999999999999,8,1.7336954544361105,4,0,0,1,1,0
147,4,3,4,12,35,0.06,2,3.1613477360159643,8,0,0,0,1,1
147,5,0,3,9,26,-0.18,11,1.7816817205880304,7,0,0,1,1,0
147,6,0,1,7,22,-0.14,12,1.2108933505010377,4,0,1,0,1,0
147,7,4,6,10,35,0.2,1,4.250816503583746,8,0,0,1,0,0
147,8,2,4,11,28,-0.01999999999999999,3,3.365105225849631,8,0,1,0,0,0
147,9,3,7,11,37,0.07999999999999999,1,4.321754995694562,8,0,0,1,0,0
147,10,3,4,13,37,0.03999999999999998,2,3.9882730690982635,12,0,1,0,0,0
147,11,0,0,0,0,0.0,147,0.0,0,0,0,1,0,0
147,12,0,0,0,0,0.0,147,0.0,0,0,0,0,0,0
148,1,2,3,8,21,0.04000000000000001,1,3.0842349035230514,2,0,0,1,1,0
148,2,1,6,10,27,-0.1,5,3.5613258519453845,6,0,1,0,1,1
148,3,1,2,9,27,-0.07999999999999999,9,1.617595056266289,8,0,1,1,1,1
148,4,4,5,12,36,0.16000000000000003,1,3.9496417354230884,2,0,0,0,1,0
148,5,0,3,9,26,-0.18,12,1.6623678257266963,4,0,1,1,1,0
148,6,0,1,7,22,-0.14,13,1.1298034452500112,7,0,0,0,1,0
148,7,4,6,10,35,0.2,2,3.9661520388127744,6,0,0,1,0,0
148,8,2,3,11,28,-0.01999999999999999,4,3.139754195710625,8,0,0,0,0,0
148,9,3,7,11,37,0.07999999999999999,2,4.032339992322039,7,0,0,1,0,0
148,10,3,4,13,37,0.03999999999999998,3,3.721190352726437,7,0,0,0,0,0
148,11,0,0,0,0,0.0,148,0.0,0,0,0,1,0,0
148,12,0,0,0,0,0.0,148,0.0,0,0,0,0,0,0
149,1,2,3,8,21,0.04000000000000001,2,2.8776929186363494,7,0,1,1,1,1
149,2,2,6,11,28,-0.01999999999999999,1,4.3228345134779715,4,0,1,0,1,0
149,3,2,3,9,28,0.020000000000000018,1,2.5092695544432857,4,0,1,1,1,0
149,4,3,5,12,36,0.06,2,3.6851460439004318,7,0,1,0,1,1
149,5,0,3,9,26,-0.18,13,1.5510440254723175,5,0,0,1,1,0
149,6,0,1,7,22,-0.14,14,1.0541438883702094,4,0,0,0,1,0
149,7,3,6,9,35,0.12,3,3.700550701663291,6,0,0,1,0,0
149,8,2,3,11,28,-0.01999999999999999,5,2.929494249914127,7,0,0,0,0,0
149,9,3,6,11,37,0.07999999999999999,3,3.762306245929739,6,0,0,1,0,0
149,10,3,4,13,37,0.03999999999999998,4,3.471993366882255,6,0,0,0,0,0
149,11,0,0,0,0,0.0,149,0.0,0,0,0,1,0,0
149,12,0,0,0,0,0.0,149,0.0,0,0,0,0,0,0
150,1,3,4,9,22,0.12,1,3.6849824325995595,3,0,0,1,1,0
150,2,2,6,11,28,-0.01999999999999999,2,4.033347218028911,6,0,1,0,1,0
150,3,1,3,9,28,-0.07999999999999999,2,2.3412312789544507,8,0,1,1,1,0
150,4,4,6,13,37,0.14,1,4.438362837590451,3,0,0,0,1,0
150,5,0,3,9,26,-0.18,14,1.4471752470917285,4,0,1,1,1,0
150,6,0,1,6,22,-0.12,15,0.9835510256762989,7,0,0,0,1,0
150,7,3,5,9,35,0.12,4,3.452735891506532,6,0,0,1,0,1
150,8,2,3,10,28,0.0,6,2.733314783687254,8,0,0,0,0,1
150,9,2,5,11,37,-0.01999999999999999,4,3.51035585171744,7,0,0,1,0,0
150,10,3,4,13,37,0.03999999999999998,5,3.2394843576981027,7,0,0,0,0,0
150,11,0,0,0,0,0.0,150,0.0,0,0,0,1,0,0
150,12,0,0,0,0,0.0,150,0.0,0,0,0,0,0,0
151,1,3,4,8,22,0.13999999999999999,2,3.4382101828489486,5,0,0,1,1,0
151,2,2,6,11,28,-0.01999999999999999,3,3.763246020744175,6,0,0,0,1,0
151,3,1,3,9,28,-0.07999999999999999,3,2.184446024082417,7,0,0,1,1,0
151,4,3,6,13,37,0.03999999999999998,2,4.141138955882812,9,0,0,0,1,0
151,5,0,2,9,26,-0.18,15,1.3502622500720138,4,0,0,1,1,1
151,6,0,1,6,22,-0.12,16,0.9176855558158524,3,0,1,0,1,0
151,7,4,5,10,36,0.2,1,4.221516497838845,7,0,1,1,0,0
151,8,3,4,11,29,0.07999999999999999,1,3.5502728694355,7,0,1,0,0,0
151,9,2,5,10,37,0.0,5,3.2752778216866605,10,0,1,1,0,0
151,10,2,4,13,37,-0.06,6,3.022545781299754,7,0,0,0,0,1
151,11,0,0,0,0,0.0,151,0.0,0,0,0,1,0,0
151,12,0,0,0,0,0.0,151,0.0,0,0,0,0,0,0
152,1,3,4,8,22,0.13999999999999999,3,3.207963532435868,3,0,0,1,1,0
152,2,2,6,11,28,-0.01999999999999999,4,3.511232692623924,5,0,0,0,1,0
152,3,1,3,9,28,-0.07999999999999999,4,2.0381602087003023,6,0,0,1,1,0
152,4,3,5,13,37,0.03999999999999998,3,3.8638192683769508,8,0,1,0,1,0
152,5,1,3,9,27,-0.07999999999999999,1,2.259839226543912,7,0,0,1,1,0
152,6,0,1,6,22,-0.12,17,0.8562308994329827,6,0,1,0,1,0
152,7,3,5,10,36,0.09999999999999998,2,3.938814166800564,7,0,0,1,0,1
152,8,2,4,11,29,-0.01999999999999999,2,3.31252171614137,4,0,0,0,0,0
152,9,2,4,10,37,0.0,6,3.055942264082463,12,0,1,1,0,0
152,10,3,5,13,38,0.03999999999999998,1,3.8201349323830662,7,0,0,0,0,1
152,11,0,0,0,0,0.0,152,0.0,0,0,1,1,0,0
152,12,0,0,0,0,0.0,152,0.0,0,0,0,0,0,0
153,1,3,4,8,22,0.13999999999999999,4,2.9931358114096223,4,0,0,1,1,1
153,2,2,6,11,28,-0.01999999999999999,5,3.2760959431807395,6,0,0,0,1,0
153,3,1,3,9,28,-0.07999999999999999,5,1.9016707167549267,6,0,0,1,1,0
153,4,3,5,12,37,0.06,4,3.605070850731305,9,0,0,0,1,0
153,5,1,2,9,27,-0.07999999999999999,2,2.108504553934491,10,0,0,1,1,0
153,6,0,1,6,22,-0.12,18,0.7988916775442071,5,0,1,0,1,0
153,7,4,6,11,37,0.18000000000000002,1,4.6750435651574875,5,0,0,1,0,0
153,8,2,4,11,29,-0.01999999999999999,3,3.0906920463420215,10,0,1,0,0,0
153,9,1,4,10,37,-0.1,7,2.851294952620625,16,0,1,1,0,1
153,10,3,5,13,39,0.03999999999999998,1,4.564311924035632,5,0,0,0,0,0
153,11,0,0,0,0,0.0,153,0.0,0,0,1,1,0,0
153,12,0,0,0,0,0.0,153,0.0,0,0,0,0,0,0
154,1,4,5,9,23,0.22000000000000003,1,3.7926944601954693,3,0,0,1,1,0
154,2,1,5,11,28,-0.12,6,3.056705598427524,9,0,1,0,1,0
154,3,1,3,8,28,-0.06,6,1.774321517771794,4,0,0,1,1,0
154,4,3,5,12,37,0.06,5,3.363650040559973,8,0,0,0,1,0
154,5,1,2,9,27,-0.07999999999999999,3,1.96730431162648,6,0,0,1,1,1
154,6,0,1,5,22,-0.1,19,0.7453922918129301,4,0,0,0,1,0
154,7,3,6,11,37,0.07999999999999999,2,4.361969883163792,11,0,0,1,0,0
154,8,2,3,11,29,-0.01999999999999999,4,2.8837176459175136,4,0,1,0,0,1
154,9,2,5,11,38,-0.01999999999999999,1,3.660352259397421,3,0,0,1,0,0
154,10,3,5,13,39,0.03999999999999998,2,4.258653608790087,9,0,1,0,0,0
154,11,0,0,0,0,0.0,154,0.0,0,0,0,1,0,0
154,12,0,0,0,0,0.0,154,0.0,0,0,0,0,0,0
155,1,3,5,9,23,0.12,2,3.5387090581812557,4,0,0,1,1,1
155,2,1,4,11,28,-0.12,7,2.85200716874814,5,0,0,0,1,0
155,3,1,2,8,28,-0.06,7,1.6555005136747454,7,0,0,1,1,0
155,4,3,5,11,37,0.07999999999999999,6,3.1383964598265752,8,0,1,0,1,0
155,5,2,3,9,28,0.020000000000000018,1,2.835559827140114,2,0,0,1,1,0
155,6,0,1,5,22,-0.1,20,0.6954755998986951,4,0,1,0,1,0
155,7,3,6,11,37,0.07999999999999999,3,4.069861809081771,10,0,1,1,0,0
155,8,2,4,12,30,-0.03999999999999998,1,3.6906037019178974,2,0,0,0,0,0
155,9,2,5,11,38,-0.01999999999999999,2,3.415229418664088,6,0,1,1,0,1
155,10,3,5,13,39,0.03999999999999998,3,3.9734643165284353,10,0,0,0,0,0
155,11,0,0,0,0,0.0,155,0.0,0,0,0,1,0,0
155,12,0,0,0,0,0.0,155,0.0,0,0,0,0,0,0
156,1,4,6,10,24,0.2,1,4.301732298733255,4,0,0,1,1,0
156,2,1,3,11,28,-0.12,8,2.6610167805414973,9,0,1,0,1,0
156,3,1,2,8,28,-0.06,8,1.5446365967646691,4,0,0,1,1,0
156,4,2,5,10,37,0.0,7,2.9282274375405155,8,0,0,0,1,1
156,5,2,3,9,28,0.020000000000000018,2,2.6456708681981334,6,0,0,1,1,0
156,6,0,0,5,22,-0.1,21,0.6489016795143353,4,0,0,0,1,1
156,7,3,6,11,37,0.07999999999999999,4,3.7973153388689678,11,0,0,1,0,0
156,8,2,4,12,30,-0.03999999999999998,2,3.443455012577272,4,0,1,0,0,0
156,9,3,6,11,39,0.07999999999999999,1,4.186521721280666,4,0,0,1,0,0
156,10,2,5,13,39,-0.06,4,3.707373298015282,9,0,1,0,0,0
156,11,0,0,0,0,0.0,156,0.0,0,0,0,1,0,0
156,12,0,0,0,0,0.0,156,0.0,0,0,0,0,0,0
157,1,4,6,10,24,0.2,2,4.0136581554775965,5,0,0,1,1,0
157,2,1,3,11,28,-0.12,9,2.482816447278277,4,0,0,0,1,0
157,3,1,2,8,28,-0.06,9,1.4411969047165725,7,0,1,1,1,0
157,4,3,6,11,38,0.07999999999999999,1,3.732132805948587,6,0,0,0,1,0
157,5,2,2,8,28,0.04000000000000001,3,2.468498204776687,5,0,1,1,1,0
157,6,1,1,6,23,-0.01999999999999999,1,1.6054466752505188,6,0,0,0,1,0
157,7,2,6,11,37,-0.01999999999999999,5,3.5430204904335185,5,0,1,1,0,0
157,8,2,4,12,30,-0.03999999999999998,3,3.212857131607387,7,0,0,0,0,1
157,9,2,5,11,39,-0.01999999999999999,2,3.9061628857403243,7,0,0,1,0,1
157,10,2,5,12,39,-0.03999999999999998,5,3.459101598990878,9,0,0,0,0,0
157,11,0,0,0,0,0.0,157,0.0,0,0,0,1,0,0
157,12,0,0,0,0,0.0,157,0.0,0,0,0,0,0,0
158,1,3,5,10,24,0.09999999999999998,3,3.7448754758113663,6,0,0,1,1,0
158,2,1,2,11,28,-0.12,10,2.3165496572408393,8,0,0,0,1,0
158,3,1,2,8,28,-0.06,10,1.3446842594012909,5,0,0,1,1,0
158,4,2,6,11,38,-0.01999999999999999,2,3.4822030367468693,11,0,0,0,1,1
158,5,2,2,8,28,0.04000000000000001,4,2.3031902646060307,6,0,0,1,1,0
158,6,1,1,6,23,-0.01999999999999999,2,1.497934714161813,3,0,0,0,1,1
158,7,2,6,10,37,0.0,6,3.3057550072653923,15,0,1,1,0,0
158,8,3,5,13,31,0.03999999999999998,1,3.997701700884006,3,0,1,0,0,0
158,9,3,6,11,40,0.07999999999999999,1,4.644578842712344,3,0,1,1,0,0
158,10,2,5,12,39,-0.03999999999999998,6,3.2274559129362133,11,0,1,0,0,0
158,11,0,0,0,0,0.0,158,0.0,0,0,0,1,0,0
158,12,0,0,0,0,0.0,158,0.0,0,0,0,0,0,0
159,1,3,5,10,24,0.09999999999999998,4,3.4940923681291043,5,0,0,1,1,0
159,2,0,2,11,28,-0.22,11,2.161417256738986,4,0,0,0,1,1
159,3,0,2,7,28,-0.14,11,1.2546347772216428,7,0,1,1,1,0
159,4,3,6,11,39,0.07999999999999999,1,4.249010316514487,7,0,0,0,1,0
159,5,2,2,8,28,0.04000000000000001,5,2.148952502663816,5,0,1,1,1,0
159,6,2,2,7,24,0.06,1,2.3976225074812287,7,0,0,0,1,1
159,7,2,5,10,37,0.0,7,3.0843784837166095,5,0,1,1,0,0
159,8,3,5,13,31,0.03999999999999998,2,3.7299875772475874,7,0,0,0,0,0
159,9,3,6,11,40,0.07999999999999999,2,4.333545292044461,7,0,0,1,0,0
159,10,2,5,12,39,-0.03999999999999998,7,3.011322845500033,9,0,0,0,0,0
159,11,0,0,0,0,0.0,159,0.0,0,0,0,1,0,0
159,12,0,0,0,0,0.0,159,0.0,0,0,0,0,0,0
160,1,2,5,10,24,0.0,5,3.260103454941426,6,0,1,1,1,0
160,2,1,3,12,29,-0.13999999999999999,1,3.016673609014456,3,0,0,0,1,0
160,3,0,1,6,28,-0.12,12,1.1706156394772254,6,0,1,1,1,0
160,4,2,6,10,39,0.0,2,3.9644668066882685,9,0,0,0,1,1
160,5,2,2,8,28,0.04000000000000001,6,2.0050435822309294,5,0,1,1,1,0
160,6,3,3,8,25,0.13999999999999999,1,3.2370609007311923,3,0,0,0,1,0
160,7,2,5,10,37,0.0,8,2.8778268836938703,5,0,1,1,0,0
160,8,3,5,13,31,0.03999999999999998,3,3.480201467594445,4,0,0,0,0,1
160,9,3,5,11,40,0.07999999999999999,3,4.043340727796491,7,0,0,1,0,0
160,10,2,5,12,39,-0.03999999999999998,8,2.809663563020027,6,0,0,0,0,0
160,11,0,0,0,0,0.0,160,0.0,0,0,0,1,0,0
160,12,0,0,0,0,0.0,160,0.0,0,0,0,0,0,0
161,1,2,5,9,24,0.020000000000000018,6,3.04178407928348,5,0,0,1,1,0
161,2,1,3,12,29,-0.13999999999999999,2,2.8146560019088955,5,0,0,0,1,1
161,3,0,1,6,28,-0.12,13,1.0922230120412084,9,0,1,1,1,0
161,4,3,6,10,40,0.09999999999999998,1,4.698978324492729,7,0,0,0,1,0
161,5,2,2,8,28,0.04000000000000001,7,1.8707718116906007,4,0,1,1,1,0
161,6,3,3,8,25,0.13999999999999999,2,3.0202846159960566,8,0,0,0,1,0
161,7,1,5,10,37,-0.1,9,2.6851074264179395,10,0,1,1,0,0
161,8,3,6,14,32,0.019999999999999962,1,4.247142786460433,7,0,0,0,0,0
161,9,3,5,11,40,0.07999999999999999,4,3.772570295058572,8,0,1,1,0,0
161,10,2,4,12,39,-0.03999999999999998,9,2.621508799416541,9,0,0,0,0,1
161,11,0,0,0,0,0.0,161,0.0,0,0,0,1,0,0
161,12,0,0,0,0,0.0,161,0.0,0,0,0,0,0,0
162,1,2,5,9,24,0.020000000000000018,7,2.8380848991028986,5,0,1,1,1,0
162,2,2,4,13,30,-0.06,1,3.6261669096080866,4,0,0,0,1,1
162,3,0,1,6,28,-0.12,14,1.0190801043501512,7,0,1,1,1,0
162,4,3,6,9,40,0.12,2,4.384301803268066,8,0,0,0,1,0
162,5,1,2,8,28,-0.06,8,1.745491819944414,9,0,0,1,1,0
162,6,3,3,7,25,0.15999999999999998,3,2.818025190555398,6,0,0,0,1,0
162,7,1,4,10,37,-0.1,10,2.5052938146684283,8,0,0,1,0,1
162,8,3,5,14,32,0.019999999999999962,2,3.96272433953515,6,0,0,0,0,0
162,9,3,5,11,40,0.07999999999999999,5,3.5199325481813957,13,0,1,1,0,0
162,10,2,5,13,40,-0.06,1,3.4459541974596797,4,0,0,0,0,0
162,11,0,0,0,0,0.0,162,0.0,0,0,1,1,0,0
162,12,0,0,0,0,0.0,162,0.0,0,0,0,0,0,0
163,1,2,5,9,24,0.020000000000000018,8,2.6480268436454155,7,0,1,1,1,0
163,2,3,5,14,31,0.019999999999999962,1,4.383333359483413,4,0,0,0,1,0
163,3,0,1,6,28,-0.12,15,0.9508353583774634,7,0,1,1,1,0
163,4,3,6,9,40,0.12,3,4.090698227303423,5,0,0,0,1,0
163,5,1,2,7,28,-0.04000000000000001,9,1.628601454465763,5,0,0,1,1,1
163,6,3,3,6,25,0.18,4,2.629310473769985,5,0,1,0,1,0
163,7,1,5,11,38,-0.12,1,3.3375217825787438,4,0,0,1,0,1
163,8,3,5,14,32,0.019999999999999962,3,3.6973525451522002,10,0,1,0,0,0
163,9,3,4,11,40,0.07999999999999999,6,3.284213195437465,13,0,0,1,0,0
163,10,1,4,13,40,-0.16,2,3.215188953554623,9,0,0,0,0,0
163,11,0,0,0,0,0.0,163,0.0,0,0,0,1,0,0
163,12,0,0,0,0,0.0,163,0.0,0,0,0,0,0,0
164,1,1,5,9,24,-0.07999999999999999,9,2.4706964075962516,5,0,0,1,1,1
164,2,3,4,14,31,0.019999999999999962,2,4.089794637301893,6,0,0,0,1,0
164,3,0,1,6,28,-0.12,16,0.887160758885897,6,0,0,1,1,0
164,4,3,6,9,40,0.12,4,3.816756404495228,5,0,1,0,1,0
164,5,2,3,7,29,0.06,1,2.5195388870813864,4,0,0,1,1,0
164,6,3,3,6,25,0.18,5,2.4532334170206695,5,0,1,0,1,0
164,7,2,5,12,39,-0.03999999999999998,1,4.114017933118703,4,0,0,1,0,1
164,8,3,5,14,32,0.019999999999999962,4,3.449751905969586,9,0,1,0,0,0
164,9,2,4,11,40,-0.01999999999999999,7,3.0642792625836757,12,0,0,1,0,0
164,10,1,4,12,40,-0.13999999999999999,3,2.9998773676911674,12,0,0,0,0,0
164,11,0,0,0,0,0.0,164,0.0,0,0,0,1,0,0
164,12,0,0,0,0,0.0,164,0.0,0,0,0,0,0,0
165,1,2,5,10,25,0.0,1,3.3052412603587737,4,0,0,1,1,1
165,2,3,4,14,31,0.019999999999999962,3,3.815913325212978,8,0,1,0,1,0
165,3,0,1,6,28,-0.12,17,0.8277502568373727,6,0,0,1,1,0
165,4,3,6,9,40,0.12,5,3.561159646053451,6,0,0,0,1,1
165,5,1,3,7,29,-0.04000000000000001,2,2.3508129051068645,6,0,0,1,1,0
165,6,3,3,6,25,0.18,6,2.2889477140208596,4,0,1,0,1,0
165,7,3,6,12,40,0.06,1,4.838514459373817,4,0,0,1,0,0
165,8,2,4,13,32,-0.06,5,3.218732340886606,9,0,1,0,0,0
165,9,2,4,11,40,-0.01999999999999999,8,2.8590736472726492,12,0,0,1,0,0
165,10,1,4,12,40,-0.13999999999999999,4,2.798984554620453,6,0,0,0,0,0
165,11,0,0,0,0,0.0,165,0.0,0,0,0,1,0,0
165,12,0,0,0,0,0.0,165,0.0,0,0,0,0,0,0
166,1,2,6,11,26,-0.01999999999999999,1,4.083899140903434,4,0,0,1,1,0
166,2,3,4,14,31,0.019999999999999962,4,3.560373025268631,6,0,1,0,1,0
166,3,0,1,5,28,-0.1,18,0.7723182983823346,8,0,1,1,1,0
166,4,4,6,10,41,0.2,1,4.32267943789741,4,0,0,0,1,0
166,5,1,3,7,29,-0.04000000000000001,3,2.1933859973951906,4,0,1,1,1,1
166,6,3,3,6,25,0.18,7,2.135663733084219,9,0,0,0,1,0
166,7,3,6,12,40,0.06,2,4.514493620623651,7,0,0,1,0,0
166,8,2,4,13,32,-0.06,6,3.0031834649737013,9,0,0,0,0,1
166,9,1,4,11,40,-0.12,9,2.667610038138851,9,0,0,1,0,0
166,10,1,3,11,40,-0.12,5,2.6115449322628397,7,0,0,0,0,0
166,11,0,0,0,0,0.0,166,0.0,0,0,0,1,0,0
166,12,0,0,0,0,0.0,166,0.0,0,0,0,0,0,0
167,1,2,6,11,26,-0.01999999999999999,2,3.810412632571729,4,0,0,1,1,0
167,2,3,4,14,31,0.019999999999999962,5,3.321945494753344,5,0,0,0,1,0
167,3,0,1,4,28,-0.08,19,0.7205984523582862,7,0,0,1,1,0
167,4,3,6,10,41,0.09999999999999998,2,4.033202527396066,9,0,1,0,1,0
167,5,2,4,8,30,0.04000000000000001,1,3.0465014987445787,3,0,0,1,1,0
167,6,2,3,6,25,0.08000000000000002,8,1.9926447217962349,4,0,1,0,1,0
167,7,3,5,12,40,0.06,3,4.212171488124318,11,0,1,1,0,0
167,8,3,5,13,33,0.03999999999999998,1,3.8020692524582875,3,0,0,0,0,1
167,9,1,3,11,40,-0.12,10,2.488968174138309,7,0,1,1,0,1
167,10,1,3,11,40,-0.12,6,2.4366575806819863,10,0,0,0,0,0
167,11,0,0,0,0,0.0,167,0.0,0,0,0,1,0,0
167,12,0,0,0,0,0.0,167,0.0,0,0,0,0,0,0
168,1,2,5,11,26,-0.01999999999999999,3,3.5552406975580424,6,0,0,1,1,1
168,2,3,4,14,31,0.019999999999999962,6,3.0994847426919323,8,0,0,0,1,0
168,3,0,1,4,28,-0.08,20,0.6723421297006454,5,0,0,1,1,0
168,4,3,5,10,41,0.09999999999999998,3,3.7631110196101636,12,0,0,0,1,0
168,5,2,4,8,30,0.04000000000000001,2,2.8424864070950218,7,0,0,1,1,0
168,6,2,3,6,25,0.08000000000000002,9,1.8592032658475703,3,0,0,0,1,0
168,7,3,5,12,40,0.06,4,3.930094964430679,15,0,1,1,0,0
168,8,3,6,13,34,0.03999999999999998,1,4.547456048651269,4,0,1,0,0,1
168,9,1,4,12,41,-0.13999999999999999,1,3.322289421356172,4,0,1,1,0,0
168,10,1,3,10,40,-0.1,7,2.2734819118545535,11,0,1,0,0,0
168,11,0,0,0,0,0.0,168,0.0,0,0,0,1,0,0
168,12,0,0,0,0,0.0,168,0.0,0,0,0,0,0,0
169,1,3,6,12,27,0.06,1,4.3171568636759865,3,0,0,1,1,0
169,2,3,3,13,31,0.03999999999999998,7,2.8919215216965455,7,0,1,0,1,1
169,3,0,0,3,28,-0.06,21,0.6273173886108214,7,0,0,1,1,1
169,4,2,5,10,41,0.0,4,3.5111067321119966,11,0,0,0,1,0
169,5,2,4,8,30,0.04000000000000001,3,2.6521335958145795,5,0,0,1,1,0
169,6,1,3,6,25,-0.01999999999999999,10,1.7346979850087607,3,0,0,0,1,0
169,7,3,5,12,40,0.06,5,3.666908261686499,11,0,1,1,0,0
169,8,4,7,14,35,0.12,1,5.242926520955243,3,0,0,0,0,0
169,9,1,4,12,41,-0.13999999999999999,2,3.099805637559038,8,0,1,1,0,0
169,10,1,3,10,40,-0.1,8,2.1212336294224743,4,0,0,0,0,0
169,11,0,0,0,0,0.0,169,0.0,0,0,0,1,0,0
169,12,0,0,0,0,0.0,169,0.0,0,0,0,0,0,0
170,1,3,5,12,27,0.06,2,4.028049783449267,7,0,1,1,1,0
170,2,3,4,13,32,0.03999999999999998,1,3.698258188678204,5,0,1,0,1,0
170,3,1,1,4,29,0.020000000000000004,1,1.5853078197386128,5,0,1,1,1,1
170,4,2,4,10,41,0.0,5,3.27597841786748,7,0,1,0,1,0
170,5,2,4,8,30,0.04000000000000001,4,2.4745281428581474,5,0,0,1,1,0
170,6,0,3,5,25,-0.1,11,1.618530450365596,5,0,0,0,1,0
170,7,3,5,12,40,0.06,6,3.4213463850923884,7,0,0,1,0,1
170,8,4,7,14,35,0.12,2,4.891823416254536,7,0,0,0,0,0
170,9,1,4,12,41,-0.13999999999999999,3,2.8922209271943697,6,0,0,1,0,0
170,10,1,3,10,40,-0.1,9,1.9791809590085307,7,0,0,0,0,0
170,11,0,0,0,0,0.0,170,0.0,0,0,0,1,0,0
170,12,0,0,0,0,0.0,170,0.0,0,0,0,0,0,0
171,1,3,5,11,27,0.07999999999999999,3,3.7583033395108583,7,0,0,1,1,0
171,2,3,4,13,32,0.03999999999999998,2,3.4505969012579194,9,0,1,0,1,0
171,3,2,2,5,30,0.1,1,2.479144497557412,4,0,0,1,1,0
171,4,1,4,10,41,-0.1,6,3.0565959434329124,8,0,1,0,1,0
171,5,2,4,7,30,0.06,5,2.3088163957729577,7,0,0,1,1,0
171,6,0,3,5,25,-0.1,12,1.510142307998028,4,0,1,0,1,1
171,7,4,5,13,41,0.14,1,4.192229052766393,4,0,0,1,0,0
171,8,3,6,14,35,0.019999999999999962,3,4.564232636137775,11,0,1,0,0,0
171,9,1,4,12,41,-0.13999999999999999,4,2.6985375438855215,9,0,0,1,0,1
171,10,1,3,10,40,-0.1,10,1.8466411309764168,8,0,0,0,0,0
171,11,0,0,0,0,0.0,171,0.0,0,0,0,1,0,0
171,12,0,0,0,0,0.0,171,0.0,0,0,0,0,0,0
172,1,3,5,10,27,0.09999999999999998,4,3.5066210079665896,6,0,0,1,1,1
172,2,2,4,12,32,-0.03999999999999998,3,3.2195207493683142,8,0,0,0,1,0
172,3,2,2,5,30,0.1,2,2.3131236070080075,3,0,0,1,1,0
172,4,1,4,10,41,-0.1,7,2.8519048570204806,12,0,0,0,1,0
172,5,2,3,7,30,0.06,6,2.1542018686572724,7,0,1,1,1,1
172,6,1,4,6,26,-0.01999999999999999,1,2.409012595277699,3,0,0,0,1,0
172,7,4,5,13,41,0.14,2,3.9114880143101445,10,0,1,1,0,0
172,8,3,6,14,35,0.019999999999999962,4,4.258579630565556,5,0,1,0,0,0
172,9,2,5,13,42,-0.06,1,3.5178245573458966,3,0,0,1,0,0
172,10,0,2,10,40,-0.2,11,1.7229770987298396,11,0,1,0,0,0
172,11,0,0,0,0,0.0,172,0.0,0,0,0,1,0,0
172,12,0,0,0,0,0.0,172,0.0,0,0,0,0,0,0
173,1,4,6,11,28,0.18000000000000002,1,4.271793089248883,3,0,0,1,1,0
173,2,1,4,12,32,-0.13999999999999999,4,3.0039190760979424,6,0,1,0,1,0
173,3,2,2,5,30,0.1,3,2.1582206388410916,6,0,0,1,1,0
173,4,1,4,10,41,-0.1,8,2.66092132032417,6,0,1,0,1,0
173,5,3,4,8,31,0.13999999999999999,1,3.0099414138874754,3,0,0,1,1,1
173,6,1,4,6,26,-0.01999999999999999,2,2.2476882284218,5,0,1,0,1,0
173,7,3,4,13,41,0.03999999999999998,3,3.6495473633521605,8,0,0,1,0,1
173,8,3,6,13,35,0.03999999999999998,5,3.9733952924042932,6,0,0,0,0,0
173,9,2,5,12,42,-0.03999999999999998,2,3.282246370442087,8,0,0,1,0,0
173,10,0,1,10,40,-0.2,12,1.6075944767773114,8,0,0,0,0,0
173,11,0,0,0,0,0.0,173,0.0,0,0,0,1,0,0
173,12,0,0,0,0,0.0,173,0.0,0,0,0,0,0,0
174,1,4,5,11,28,0.18000000000000002,2,3.985723885288145,7,0,0,1,1,0
174,2,1,4,12,32,-0.13999999999999999,5,2.8027556019061457,6,0,0,0,1,0
174,3,2,2,5,30,0.1,4,2.0136910590543833,7,0,0,1,1,0
174,4,1,4,10,41,-0.1,9,2.4827273797461316,5,0,1,0,1,0
174,5,3,5,9,32,0.12,1,3.808374641749959,5,0,0,1,1,0
174,6,1,4,6,26,-0.01999999999999999,3,2.097167271806459,5,0,1,0,1,0
174,7,3,5,14,42,0.019999999999999962,1,4.405148094183734,5,0,0,1,0,1
174,8,3,6,12,35,0.06,6,3.7073088962302454,10,0,1,0,0,0
174,9,2,4,12,42,-0.03999999999999998,3,3.0624441499744086,12,0,0,1,0,0
174,10,0,1,9,40,-0.18,13,1.4999386838455835,12,0,0,0,0,1
174,11,0,0,0,0,0.0,174,0.0,0,0,0,1,0,0
174,12,0,0,0,0,0.0,174,0.0,0,0,0,0,0,0
175,1,3,5,11,28,0.07999999999999999,3,3.718811880130105,5,0,0,1,1,0
175,2,1,4,12,32,-0.13999999999999999,6,2.6150634437930362,8,0,0,0,1,0
175,3,2,2,5,30,0.1,5,1.8788401928604332,7,0,0,1,1,1
175,4,1,4,10,41,-0.1,10,2.3164665542948724,9,0,0,0,1,0
175,5,3,4,9,32,0.12,2,3.5533391848848814,12,0,0,1,1,0
175,6,1,4,6,26,-0.01999999999999999,4,1.9567262533666652,5,0,1,0,1,1
175,7,3,6,14,43,0.019999999999999962,1,5.110148504478915,6,0,0,1,0,0
175,8,3,5,12,35,0.06,7,3.4590415100007252,10,0,1,0,0,0
175,9,2,4,12,42,-0.03999999999999998,4,2.8573614266650176,16,0,1,1,0,0
175,10,1,2,9,41,-0.07999999999999999,1,2.3994922773102263,6,0,0,0,0,0
175,11,0,0,0,0,0.0,175,0.0,0,0,1,1,0,0
175,12,0,0,0,0,0.0,175,0.0,0,0,0,0,0,0
176,1,2,4,11,28,-0.01999999999999999,4,3.469774173480411,5,0,0,1,1,0
176,2,1,4,12,32,-0.13999999999999999,7,2.4399404680207626,8,0,1,0,1,0
176,3,3,3,6,31,0.18,1,2.753019885764162,3,0,0,1,1,0
176,4,0,4,10,41,-0.2,11,2.161339718948705,12,0,1,0,1,1
176,5,3,4,9,32,0.12,3,3.315382689618102,6,0,1,1,1,0
176,6,2,5,6,27,0.08000000000000002,1,2.8256901497973086,3,0,0,0,1,0
176,7,3,6,14,43,0.019999999999999962,2,4.767937146331305,6,0,1,1,0,0
176,8,3,5,12,35,0.06,8,3.2273998479259722,5,0,0,0,0,0
176,9,2,3,12,42,-0.03999999999999998,5,2.6660124798231415,4,0,0,1,0,1
176,10,1,2,8,41,-0.06,2,2.238805457668227,6,0,0,0,0,0
176,11,0,0,0,0,0.0,176,0.0,0,0,0,1,0,0
176,12,0,0,0,0,0.0,176,0.0,0,0,0,0,0,0
177,1,2,4,10,28,0.0,5,3.237413777039581,8,0,0,1,1,0
177,2,1,4,12,32,-0.13999999999999999,8,2.2765449540491303,7,0,0,0,1,0
177,3,3,3,6,31,0.18,2,2.568658379774856,6,0,1,1,1,1
177,4,1,4,11,42,-0.12,1,3.016601263698033,6,0,0,0,1,0
177,5,2,4,9,32,0.020000000000000018,4,3.0933614289837243,6,0,1,1,1,0
177,6,2,4,6,27,0.08000000000000002,2,2.6364621336214724,10,0,0,0,1,0
177,7,3,6,14,43,0.019999999999999962,3,4.448642659100966,11,0,0,1,0,0
177,8,2,5,11,35,-0.01999999999999999,9,3.0112705349958073,11,0,1,0,0,1
177,9,3,4,13,43,0.03999999999999998,1,3.487477599523848,6,0,0,1,0,0
177,10,1,2,8,41,-0.06,3,2.0888793536371173,14,0,1,0,0,0
177,11,0,0,0,0,0.0,177,0.0,0,0,0,1,0,0
177,12,0,0,0,0,0.0,177,0.0,0,0,0,0,0,0
178,1,2,4,10,28,0.0,6,3.0206138612337154,6,0,0,1,1,1
178,2,1,4,11,32,-0.12,9,2.1240915488444836,8,0,1,0,1,0
178,3,4,4,7,32,0.26,1,3.3966430123174227,5,0,0,1,1,0
178,4,1,4,11,42,-0.12,2,2.8145885013418894,12,0,1,0,1,0
178,5,2,4,9,32,0.020000000000000018,5,2.886208267989258,6,0,0,1,1,0
178,6,2,4,6,27,0.08000000000000002,3,2.4599061516063565,4,0,0,0,1,0
178,7,3,6,14,43,0.019999999999999962,4,4.150730368499232,11,0,1,1,0,1
178,8,2,5,11,36,-0.01999999999999999,1,3.8096147555937807,5,0,0,0,0,0
178,9,2,3,13,43,-0.06,2,3.2539316576013397,5,0,1,1,0,0
178,10,1,2,8,41,-0.06,4,1.9489933522835121,6,0,0,0,0,0
178,11,0,0,0,0,0.0,178,0.0,0,0,0,1,0,0
178,12,0,0,0,0,0.0,178,0.0,0,0,0,0,0,0
179,1,2,5,11,29,-0.01999999999999999,1,3.8183323872244403,5,0,0,1,1,0
179,2,1,4,10,32,-0.1,10,1.9818474921164193,8,0,1,0,1,0
179,3,4,4,7,32,0.26,2,3.1691799909651177,7,0,0,1,1,0
179,4,1,3,11,42,-0.12,3,2.6261039293521224,7,0,0,0,1,0
179,5,2,4,9,32,0.020000000000000018,6,2.6929275344802845,8,0,0,1,1,0
179,6,2,3,6,27,0.08000000000000002,4,2.295173595533074,4,0,1,0,1,0
179,7,4,7,15,44,0.10000000000000003,1,4.872768372783513,5,0,0,1,0,0
179,8,1,5,11,36,-0.12,2,3.5544962520144288,10,0,1,0,0,1
179,9,2,3,12,43,-0.03999999999999998,3,3.0360255887481005,12,0,0,1,0,1
179,10,1,2,8,41,-0.06,5,1.8184750979664361,7,0,0,0,0,0
179,11,0,0,0,0,0.0,179,0.0,0,0,0,1,0,0
179,12,0,0,0,0,0.0,179,0.0,0,0,0,0,0,0
180,1,2,5,11,29,-0.01999999999999999,2,3.562630089933899,7,0,0,1,1,0
180,2,0,3,10,32,-0.2,11,1.849129094339102,8,0,0,0,1,0
180,3,3,4,7,32,0.15999999999999998,3,2.956949487688776,6,0,0,1,1,0
180,4,1,3,11,42,-0.12,4,2.4502416052899756,13,0,0,0,1,0
180,5,2,4,9,32,0.020000000000000018,7,2.512590233487979,7,0,0,1,1,0
180,6,2,2,6,27,0.08000000000000002,5,2.1414726859365145,4,0,0,0,1,0
180,7,4,7,14,44,0.12,2,4.546453651924143,15,0,1,1,0,1
180,8,2,6,12,37,-0.03999999999999998,1,4.316462271423392,5,0,1,0,0,0
180,9,3,4,12,44,0.06,1,3.832712037451937,5,0,1,1,0,0
180,10,1,2,8,41,-0.06,6,1.6966972606908128,11,0,1,0,0,1
180,11,0,0,0,0,0.0,180,0.0,0,0,0,1,0,0
180,12,0,0,0,0,0.0,180,0.0,0,0,0,0,0,0
181,1,2,5,11,29,-0.01999999999999999,3,3.324051410550071,6,0,0,1,1,1
181,2,0,3,10,32,-0.2,12,1.7252984506289597,8,0,0,0,1,0
181,3,2,4,7,32,0.06,4,2.758931426321489,7,0,0,1,1,0
181,4,1,2,11,42,-0.12,5,2.286156254971655,9,0,0,0,1,0
181,5,2,4,8,32,0.04000000000000001,8,2.3443295820574543,12,0,0,1,1,0
181,6,2,2,6,27,0.08000000000000002,6,1.9980646664537083,5,0,1,0,1,0
181,7,4,8,14,45,0.12,1,5.241991251738225,7,0,0,1,0,0
181,8,2,5,12,37,-0.03999999999999998,2,4.02740170596193,10,0,1,0,0,1
181,9,3,4,12,44,0.06,2,3.576046778002913,16,0,1,1,0,0
181,10,2,3,9,42,0.020000000000000018,1,2.5830745208746553,7,0,0,0,0,0
181,11,0,0,0,0,0.0,181,0.0,0,0,1,1,0,0
181,12,0,0,0,0,0.0,181,0.0,0,0,0,0,0,0
182,1,3,6,12,30,0.06,1,4.101449631607677,4,0,0,1,1,0
182,2,0,2,10,32,-0.2,13,1.6097603746841571,7,0,1,0,1,0
182,3,2,4,7,32,0.06,5,2.57417404214565,8,0,0,1,1,0
182,4,1,2,10,42,-0.1,6,2.1330592096967873,11,0,0,0,1,1
182,5,2,4,8,32,0.04000000000000001,9,2.1873368430953,6,0,0,1,1,0
182,6,1,2,6,27,-0.01999999999999999,7,1.8642602530252967,3,0,0,0,1,1
182,7,4,8,14,45,0.12,2,4.89095077921909,12,0,1,1,0,0
182,8,3,6,13,38,0.03999999999999998,1,4.757698661834102,4,0,0,0,0,0
182,9,2,4,11,44,-0.01999999999999999,3,3.3365696231556194,9,0,1,1,0,0
182,10,2,2,9,42,0.020000000000000018,2,2.410093747574185,4,0,0,0,0,0
182,11,0,0,0,0,0.0,182,0.0,0,0,0,1,0,0
182,12,0,0,0,0,0.0,182,0.0,0,0,0,0,0,0
183,1,2,6,12,30,-0.03999999999999998,2,3.8267878194164475,6,0,0,1,1,0
183,2,0,1,10,32,-0.2,14,1.5019595380489712,5,0,0,0,1,0
183,3,2,4,7,32,0.06,6,2.4017893072795515,8,0,1,1,1,0
183,4,2,3,11,43,-0.01999999999999999,1,2.9902146155485316,8,0,0,0,1,0
183,5,1,4,7,32,-0.04000000000000001,10,2.040857438211884,5,0,1,1,1,0
183,6,2,3,7,28,0.06,1,2.7394163208833584,8,0,0,0,1,0
183,7,4,7,14,45,0.12,3,4.563418436994067,5,0,1,1,0,0
183,8,3,6,13,38,0.03999999999999998,2,4.439089815281737,8,0,0,0,0,1
183,9,2,4,11,44,-0.01999999999999999,4,3.1131295369637257,9,0,0,1,0,1
183,10,2,2,8,42,0.04000000000000001,3,2.248696979183297,9,0,0,0,0,0
183,11,0,0,0,0,0.0,183,0.0,0,0,0,1,0,0
183,12,0,0,0,0,0.0,183,0.0,0,0,0,0,0,0
184,1,2,6,12,30,-0.03999999999999998,3,3.570519287126744,8,0,0,1,1,0
184,2,0,1,9,32,-0.18,15,1.4013778009530728,8,0,0,0,1,0
184,3,2,4,7,32,0.06,7,2.240948662412156,6,0,0,1,1,0
184,4,2,3,11,43,-0.01999999999999999,2,2.789968888082331,13,0,0,0,1,1
184,5,0,3,7,32,-0.14,11,1.9041873208749793,7,0,0,1,1,0
184,6,2,3,7,28,0.06,2,2.5559658049385545,4,0,0,0,1,0
184,7,3,6,14,45,0.019999999999999962,4,4.2578199559027965,15,0,1,1,0,0
184,8,4,7,13,39,0.14,1,5.141817250052894,6,0,1,0,0,0
184,9,3,5,12,45,0.06,1,3.904652564914861,6,0,1,1,0,1
184,10,2,2,8,42,0.04000000000000001,4,2.0981084695471734,11,0,1,0,0,0
184,11,0,0,0,0,0.0,184,0.0,0,0,0,1,0,0
184,12,0,0,0,0,0.0,184,0.0,0,0,0,0,0,0
185,1,2,5,12,30,-0.03999999999999998,4,3.331412291807735,8,0,0,1,1,0
185,2,0,1,8,32,-0.16,16,1.3075317218965181,7,0,0,0,1,0
185,3,2,4,6,32,0.08000000000000002,8,2.090879034370821,6,0,1,1,1,1
185,4,3,4,12,44,0.06,1,3.6031330179420773,7,0,0,0,1,0
185,5,0,3,7,32,-0.14,12,1.7766695924424405,6,0,1,1,1,0
185,6,2,3,7,28,0.06,3,2.3848004212476033,11,0,0,0,1,0
185,7,2,5,14,45,-0.08000000000000002,5,3.9726864908811037,11,0,0,1,0,0
185,8,4,7,13,39,0.14,2,4.797485130752412,13,0,1,0,0,0
185,9,4,6,13,46,0.14,1,4.6431696635543815,7,0,0,1,0,1
185,10,1,2,8,42,-0.06,5,1.957604421910312,14,0,1,0,0,0
185,11,0,0,0,0,0.0,185,0.0,0,0,0,1,0,0
185,12,0,0,0,0,0.0,185,0.0,0,0,0,0,0,0
186,1,2,4,12,30,-0.03999999999999998,5,3.108317576667863,7,0,0,1,1,1
186,2,0,1,7,32,-0.14,17,1.2199702340103813,10,0,1,0,1,0
186,3,2,5,7,33,0.06,1,2.9508591203805983,2,0,0,1,1,0
186,4,3,3,12,44,0.06,2,3.3618419786355416,12,0,1,0,1,0
186,5,0,3,7,32,-0.14,13,1.6576913448090507,7,0,0,1,1,0
186,6,1,3,6,28,-0.01999999999999999,4,2.2250974712548897,6,0,0,0,1,1
186,7,2,5,14,45,-0.08000000000000002,6,3.706647561024658,12,0,0,1,0,0
186,8,4,7,13,39,0.14,3,4.476211903399274,11,0,1,0,0,0
186,9,5,7,14,47,0.21999999999999997,1,5.332230481399097,2,0,0,1,0,0
186,10,1,2,8,42,-0.06,6,1.8265095100206608,11,0,1,0,0,0
186,11,0,0,0,0,0.0,186,0.0,0,0,0,1,0,0
186,12,0,0,0,0,0.0,186,0.0,0,0,0,0,0,0
187,1,3,5,13,31,0.03999999999999998,1,3.900162847204856,3,0,0,1,1,1
187,2,0,1,7,32,-0.14,18,1.1382724770245651,7,0,1,0,1,0
187,3,2,5,7,33,0.06,2,2.753248912692382,6,0,0,1,1,0
187,4,2,3,12,44,-0.03999999999999998,3,3.136709478400339,12,0,0,0,1,0
187,5,0,2,6,32,-0.12,14,1.546680714491862,6,0,1,1,1,0
187,6,2,4,7,29,0.06,1,3.076089350065935,3,0,0,0,1,0
187,7,2,5,14,45,-0.08000000000000002,7,3.4584244624354477,7,0,1,1,0,1
187,8,4,6,13,39,0.14,4,4.1764533829812915,5,0,0,0,0,0
187,9,4,7,13,47,0.14,2,4.97514695762355,7,0,0,1,0,0
187,10,1,2,8,42,-0.06,7,1.7041936322050053,4,0,0,0,0,0
187,11,0,0,0,0,0.0,187,0.0,0,0,0,1,0,0
187,12,0,0,0,0,0.0,187,0.0,0,0,0,0,0,0
188,1,4,6,13,32,0.14,1,4.638980608808259,6,0,0,1,1,1
188,2,0,1,6,32,-0.12,19,1.0620457744222418,8,0,1,0,1,0
188,3,1,5,7,33,-0.04000000000000001,3,2.5688720694548355,7,0,0,1,1,0
188,4,2,3,12,44,-0.03999999999999998,4,2.926653428213727,7,0,0,0,1,1
188,5,0,2,6,32,-0.12,15,1.4431041339946287,8,0,0,1,1,0
188,6,2,4,7,29,0.06,2,2.870092848526533,5,0,1,0,1,0
188,7,3,6,15,46,0.0,1,4.226824122190221,6,0,0,1,0,0
188,8,3,5,13,39,0.03999999999999998,5,3.896768793937054,11,0,1,0,0,0
188,9,4,6,13,47,0.14,3,4.6419762492067465,12,0,0,1,0,0
188,10,1,2,8,42,-0.06,8,1.5900688828142138,8,0,0,0,0,0
188,11,0,0,0,0,0.0,188,0.0,0,0,0,1,0,0
188,12,0,0,0,0,0.0,188,0.0,0,0,0,0,0,0
189,1,4,6,14,33,0.12,1,5.32832195511761,5,0,0,1,1,0
189,2,0,1,6,32,-0.12,20,0.9909237460582097,6,0,1,0,1,0
189,3,1,5,7,33,-0.04000000000000001,4,2.3968423918387947,8,0,1,1,1,0
189,4,3,4,12,45,0.06,1,3.7306642033177067,5,0,0,0,1,0
189,5,0,2,6,32,-0.12,16,1.346463767240142,5,0,1,1,1,0
189,6,2,4,7,29,0.06,3,2.677891316449108,11,0,0,0,1,0
189,7,2,6,14,46,-0.08000000000000002,2,3.943766355427082,9,0,0,1,0,0
189,8,3,4,13,39,0.03999999999999998,6,3.6358138451343667,11,0,0,0,0,1
189,9,4,6,13,47,0.14,4,4.331116986440179,11,0,0,1,0,0
189,10,1,2,8,42,-0.06,9,1.483586726481735,7,0,0,0,0,1
189,11,0,0,0,0,0.0,189,0.0,0,0,0,1,0,0
189,12,0,0,0,0,0.0,189,0.0,0,0,0,0,0,0
190,1,4,6,14,33,0.12,2,4.971500173654634,5,0,0,1,1,0
190,2,0,0,6,32,-0.12,21,0.924564547169551,7,0,0,0,1,0
190,3,1,4,6,33,-0.01999999999999999,5,2.236333027099587,8,0,0,1,1,0
190,4,3,4,12,45,0.06,2,3.4808327820408,13,0,0,0,1,1
190,5,0,2,6,32,-0.12,17,1.2562951167439893,10,0,0,1,1,0
190,6,2,4,7,29,0.06,4,2.498560945996951,4,0,0,0,1,1
190,7,2,6,14,46,-0.08000000000000002,3,3.6796641205263425,14,0,1,1,0,0
190,8,3,5,14,40,0.019999999999999962,1,4.392334268596661,4,0,0,0,0,0
190,9,3,6,12,47,0.06,5,4.041075038554163,14,0,1,1,0,0
190,10,2,3,9,43,0.020000000000000018,1,2.3842353616135528,4,0,0,0,0,0
190,11,0,0,0,0,0.0,190,0.0,0,0,1,1,0,0
190,12,0,0,0,0,0.0,190,0.0,0,0,0,0,0,0
191,1,4,6,14,33,0.12,3,4.63857367945074,8,0,0,1,1,0
191,2,0,0,6,32,-0.12,22,0.8626492253144799,5,0,0,0,1,0
191,3,1,3,6,33,-0.01999999999999999,6,2.086572494347292,8,0,1,1,1,0
191,4,4,5,12,46,0.16000000000000003,1,4.247731823666916,9,0,0,0,1,1
191,5,0,2,6,32,-0.12,18,1.172164791028727,5,0,1,1,1,0
191,6,3,5,8,30,0.13999999999999999,1,3.3312397939805707,9,0,0,0,1,0
191,7,1,5,14,46,-0.18000000000000002,4,3.433248022225349,5,0,1,1,0,0
191,8,3,5,14,40,0.019999999999999962,2,4.098192782458378,8,0,0,0,0,0
191,9,3,6,12,47,0.06,6,3.77045633224691,10,0,0,1,0,0
191,10,1,3,8,43,-0.06,2,2.224570251974135,9,0,0,0,0,1
191,11,0,0,0,0,0.0,191,0.0,0,0,0,1,0,0
191,12,0,0,0,0,0.0,191,0.0,0,0,0,0,0,0
192,1,3,6,14,33,0.019999999999999962,4,4.32794227660182,6,0,0,1,1,0
192,2,0,0,6,32,-0.12,23,0.8048801873420786,6,0,0,0,1,0
192,3,1,3,6,33,-0.01999999999999999,7,1.9468409764592718,8,0,1,1,1,0
192,4,5,6,13,47,0.24,1,4.963273930682041,7,0,0,0,1,0
192,5,0,2,6,32,-0.12,19,1.0936684215476498,9,0,1,1,1,1
192,6,3,4,8,30,0.13999999999999999,2,3.10815663050415,12,0,0,0,1,0
192,7,1,5,13,46,-0.16,5,3.203333672864745,10,0,0,1,0,0
192,8,2,5,13,40,-0.06,3,3.8237490717116933,11,0,0,0,0,0
192,9,3,5,12,47,0.06,7,3.5179601511352327,15,0,1,1,0,0
192,10,2,4,9,44,0.020000000000000018,1,3.0755974370832164,7,0,0,0,0,1
192,11,0,0,0,0,0.0,192,0.0,0,0,1,1,0,0
192,12,0,0,0,0,0.0,192,0.0,0,0,0,0,0,0
193,1,3,5,14,33,0.019999999999999962,5,4.038112929536417,4,0,0,1,1,0
193,2,0,0,6,32,-0.12,24,0.7509797690244856,6,0,0,0,1,0
193,3,1,3,6,33,-0.01999999999999999,8,1.8164668603122336,6,0,0,1,1,1
193,4,4,6,13,47,0.14,2,4.630898323360913,9,0,1,0,1,0
193,5,1,2,7,33,-0.04000000000000001,1,2.020428719105942,8,0,0,1,1,0
193,6,2,4,8,30,0.04000000000000001,3,2.9000126791242504,6,0,1,0,1,0
193,7,1,5,13,46,-0.16,6,2.988815999683582,12,0,0,1,0,1
193,8,2,5,13,40,-0.06,4,3.5676840352652515,7,0,0,0,0,0
193,9,3,5,11,47,0.07999999999999999,8,3.2823728839209854,12,0,1,1,0,0
193,10,3,5,9,45,0.12,1,3.869633877484691,8,0,0,0,0,0
193,11,0,0,0,0,0.0,193,0.0,0,0,1,1,0,0
193,12,0,0,0,0,0.0,193,0.0,0,0,0,0,0,0
194,1,3,5,14,33,0.019999999999999962,6,3.767692586808824,9,0,0,1,1,0
194,2,0,0,5,32,-0.1,25,0.7006889004765364,9,0,1,0,1,0
194,3,2,4,7,34,0.06,1,2.6948235087045953,5,0,0,1,1,0
194,4,4,6,13,47,0.14,3,4.320780916148219,8,0,1,0,1,0
194,5,1,1,7,33,-0.04000000000000001,2,1.8851266519742969,8,0,0,1,1,1
194,6,2,4,8,30,0.04000000000000001,4,2.705807505497971,5,0,1,0,1,0
194,7,2,5,13,47,-0.06,1,3.7886639333378462,5,0,0,1,0,0
194,8,1,5,13,40,-0.16,5,3.3287669082816462,12,0,1,0,0,0
194,9,2,5,11,47,-0.01999999999999999,9,3.062562191224095,10,0,0,1,0,0
194,10,3,5,9,45,0.12,2,3.610496072861717,10,0,0,0,0,1
194,11,0,0,0,0,0.0,194,0.0,0,0,0,1,0,0
194,12,0,0,0,0,0.0,194,0.0,0,0,0,0,0,0
195,1,3,5,13,33,0.03999999999999998,7,3.5153814854612895,4,0,0,1,1,0
195,2,0,0,5,32,-0.1,26,0.6537658609482591,6,0,0,0,1,0
195,3,2,4,7,34,0.06,2,2.5143592399903643,6,0,0,1,1,0
195,4,3,6,13,47,0.03999999999999998,4,4.03143114396892,9,0,1,0,1,1
195,5,2,2,8,34,0.04000000000000001,1,2.758885359517344,9,0,0,1,1,0
195,6,2,4,8,30,0.04000000000000001,5,2.5246076713775185,6,0,1,0,1,0
195,7,2,4,13,47,-0.06,2,3.534948443649818,12,0,0,1,0,0
195,8,1,5,12,40,-0.13999999999999999,6,3.1058493465627537,7,0,0,0,0,1
195,9,1,5,11,47,-0.12,10,2.8574715630453373,12,0,1,1,0,0
195,10,4,5,10,46,0.2,1,4.368711951794063,9,0,0,0,0,0
195,11,0,0,0,0,0.0,195,0.0,0,0,1,1,0,0
195,12,0,0,0,0,0.0,195,0.0,0,0,0,0,0,0
196,1,3,5,13,33,0.03999999999999998,8,3.2799669037730528,9,0,0,1,1,0
196,2,0,0,5,32,-0.1,27,0.6099851170051906,5,0,0,0,1,0
196,3,1,3,7,34,-0.04000000000000001,3,2.3459801234864233,10,0,1,1,1,0
196,4,4,7,13,48,0.14,1,4.761458260431975,8,0,0,0,1,0
196,5,2,2,8,34,0.04000000000000001,2,2.574131060297568,5,0,1,1,1,0
196,6,2,3,8,30,0.04000000000000001,6,2.355542248082139,10,0,0,0,1,1
196,7,2,4,13,47,-0.06,3,3.2982235213069715,10,0,1,1,0,0
196,8,2,6,13,41,-0.06,1,3.8978599070860844,8,0,0,0,0,1
196,9,0,5,11,47,-0.22,11,2.666115240699548,13,0,1,1,0,0
196,10,4,5,9,46,0.22000000000000003,2,4.07615238154502,11,0,0,0,0,0
196,11,0,0,0,0,0.0,196,0.0,0,0,0,1,0,0
196,12,0,0,0,0,0.0,196,0.0,0,0,0,0,0,0
197,1,2,5,13,33,-0.06,9,3.0603173323690913,7,0,0,1,1,0
197,2,0,0,5,32,-0.1,28,0.5691362385122826,6,0,0,0,1,0
197,3,1,3,7,34,-0.04000000000000001,4,2.1888768527024265,8,0,0,1,1,0
197,4,4,6,13,48,0.14,2,4.4425976448084885,17,0,0,0,1,0
197,5,2,2,8,34,0.04000000000000001,3,2.401749203797254,6,0,1,1,1,0
197,6,2,4,9,31,0.020000000000000018,1,3.1977986304194146,2,0,0,0,1,1
197,7,2,4,12,47,-0.03999999999999998,4,3.077351358842107,9,0,1,1,0,0
197,8,3,7,14,42,0.019999999999999962,1,4.636831889699911,2,0,0,0,0,0
197,9,0,4,10,47,-0.2,12,2.4875734788117745,9,0,1,1,0,1
197,10,4,5,9,46,0.22000000000000003,3,3.803184650512832,7,0,0,0,0,0
197,11,0,0,0,0,0.0,197,0.0,0,0,0,1,0,0
197,12,0,0,0,0,0.0,197,0.0,0,0,0,0,0,0
198,1,1,5,12,33,-0.13999999999999999,10,2.855377035672275,7,0,0,1,1,0
198,2,0,0,5,32,-0.1,29,0.5310228872111209,8,0,0,0,1,0
198,3,1,2,7,34,-0.04000000000000001,5,2.0422943179826167,5,0,0,1,1,1
198,4,4,6,12,48,0.16000000000000003,3,4.145090170730039,16,0,0,0,1,0
198,5,2,2,8,34,0.04000000000000001,4,2.240911244540097,7,0,1,1,1,0
198,6,3,5,10,32,0.09999999999999998,1,3.983651622472532,4,0,0,0,1,0
198,7,1,4,12,47,-0.13999999999999999,5,2.8712703443503105,10,0,1,1,0,1
198,8,3,6,14,42,0.019999999999999962,2,4.326317129299976,8,0,1,0,0,0
198,9,1,5,11,48,-0.12,1,3.320988124603373,4,0,0,1,0,0
198,10,4,5,9,46,0.22000000000000003,4,3.548496751834855,11,0,1,0,0,0
198,11,0,0,0,0,0.0,198,0.0,0,0,0,1,0,0
198,12,0,0,0,0,0.0,198,0.0,0,0,0,0,0,0
199,1,0,4,12,33,-0.24,11,2.664160977558804,9,0,0,1,1,0
199,2,0,0,4,32,-0.08,30,0.4954618730291048,9,0,1,0,1,0
199,3,2,3,7,35,0.06,1,2.905527977105945,6,0,0,1,1,0
199,4,3,6,12,48,0.06,4,3.8675058821860637,8,0,1,0,1,1
199,5,2,2,8,34,0.04000000000000001,5,2.090844122261717,8,0,0,1,1,0
199,6,3,5,10,32,0.09999999999999998,2,3.716878390556003,5,0,1,0,1,0
199,7,2,4,13,48,-0.06,1,3.678989958900089,6,0,0,1,0,0
199,8,3,6,14,42,0.019999999999999962,3,4.036596613487689,12,0,1,0,0,1
199,9,1,5,11,48,-0.12,2,3.0985914847568967,10,0,0,1,0,0
199,10,4,5,9,46,0.22000000000000003,5,3.3108645398231187,10,0,0,0,0,0
199,11,0,0,0,0,0.0,199,0.0,0,0,0,1,0,0
199,12,0,0,0,0,0.0,199,0.0,0,0,0,0,0,0
200,1,0,4,11,33,-0.22,12,2.485750086827316,9,0,0,1,1,0
200,2,0,0,4,32,-0.08,31,0.4622822735847755,5,0,0,0,1,1
200,3,2,3,7,35,0.06,2,2.710953460473048,10,0,1,1,1,0
200,4,4,7,12,49,0.16000000000000003,1,4.608510583042262,9,0,0,0,1,0
200,5,2,2,8,34,0.04000000000000001,6,1.950826546231,5,0,1,1,1,0
200,6,3,5,10,32,0.09999999999999998,3,3.4679701639189813,11,0,0,0,1,0
200,7,2,4,13,48,-0.06,2,3.4326190071864264,10,0,1,1,0,1
200,8,3,6,15,43,0.0,1,4.766277813909765,9,0,0,0,0,0
200,9,1,4,11,48,-0.12,3,2.891088082573205,13,0,1,1,0,0
200,10,3,5,9,46,0.12,6,3.0891458461642998,11,0,0,0,0,0
200,11,0,0,0,0,0.0,200,0.0,0,0,0,1,0,0
200,12,0,0,0,0,0.0,200,0.0,0,0,0,0,0,0
201,1,0,4,11,33,-0.22,13,2.319286839725369,10,0,1,1,1,1
201,2,1,1,5,33,0.0,1,1.4313246126572399,5,0,0,0,1,0
201,3,2,3,7,35,0.06,3,2.5294090171422283,11,0,1,1,1,1
201,4,3,7,12,49,0.06,2,4.299892415824958,5,0,0,0,1,0
201,5,2,2,8,34,0.04000000000000001,7,1.8201855283993278,7,0,0,1,1,0
201,6,2,5,10,32,0.0,4,3.2357305766017195,5,0,1,0,1,0
201,7,3,4,13,49,0.03999999999999998,1,4.202746781081258,5,0,0,1,0,0
201,8,3,6,14,43,0.019999999999999962,2,4.447094447207743,10,0,1,0,0,0
201,9,1,4,11,48,-0.12,4,2.69748056247969,13,0,0,1,0,0
201,10,3,4,9,46,0.12,7,2.882274990140179,11,0,0,0,0,0
201,11,0,0,0,0,0.0,201,0.0,0,0,0,1,0,0
201,12,0,0,0,0,0.0,201,0.0,0,0,0,0,0,0
202,1,1,4,12,34,-0.13999999999999999,1,3.163971138300909,4,0,0,1,1,0
202,2,1,1,5,33,0.0,2,1.3354730852078467,9,0,1,0,1,0
202,3,3,4,8,36,0.13999999999999999,1,3.360022062084389,4,0,0,1,1,0
202,4,2,7,12,49,-0.03999999999999998,3,4.01194148402359,10,0,1,0,1,1
202,5,2,2,7,34,0.06,8,1.6982931487144293,6,0,0,1,1,1
202,6,2,5,10,32,0.0,5,3.019043379693821,6,0,0,0,1,0
202,7,3,4,13,49,0.03999999999999998,2,3.921301401823934,12,0,0,1,0,0
202,8,3,5,14,43,0.019999999999999962,3,4.149285835724965,9,0,0,0,0,0
202,9,1,4,11,48,-0.12,5,2.516838358822815,6,0,0,1,0,0
202,10,2,4,8,46,0.04000000000000001,8,2.689257656482213,4,0,0,0,0,0
202,11,0,0,0,0,0.0,202,0.0,0,0,0,1,0,0
202,12,0,0,0,0,0.0,202,0.0,0,0,0,0,0,0
203,1,1,4,12,34,-0.13999999999999999,2,2.952089456305015,8,0,0,1,1,0
203,2,1,1,5,33,0.0,3,1.2460404478083669,4,0,0,0,1,0
203,3,3,4,8,36,0.13999999999999999,2,3.1350114362162698,8,0,1,1,1,1
203,4,3,7,13,50,0.03999999999999998,1,4.74327376470915,3,0,1,0,1,0
203,5,2,3,8,35,0.04000000000000001,1,2.584563537051488,3,0,1,1,1,1
203,6,2,4,10,32,0.0,6,2.8168670761351193,12,0,1,0,1,0
203,7,3,4,12,49,0.06,3,3.6587035776612615,8,0,0,1,0,0
203,8,3,5,14,43,0.019999999999999962,4,3.871420576047766,12,0,0,0,0,0
203,9,1,4,11,48,-0.12,6,2.34829322314704,11,0,0,1,0,0
203,10,1,4,7,46,-0.04000000000000001,9,2.509166116240863,16,0,0,0,0,0
203,11,0,0,0,0,0.0,203,0.0,0,0,0,1,0,0
203,12,0,0,0,0,0.0,203,0.0,0,0,0,0,0,0
204,1,1,4,11,34,-0.12,3,2.7543968567005357,7,0,0,1,1,0
204,2,1,1,5,33,0.0,4,1.1625968465945036,7,0,1,0,1,0
204,3,3,5,9,37,0.12,1,3.9250690988349692,4,0,0,1,1,0
204,4,3,7,13,50,0.03999999999999998,2,4.4256309103646325,8,0,1,0,1,0
204,5,3,4,9,36,0.12,1,3.411483048792102,4,0,0,1,1,0
204,6,2,4,10,32,0.0,7,2.62822991480789,6,0,1,0,1,1
204,7,2,4,12,49,-0.03999999999999998,4,3.4136911442117066,11,0,0,1,0,0
204,8,3,4,14,43,0.019999999999999962,5,3.612163121566997,8,0,0,0,0,1
204,9,1,3,10,48,-0.1,7,2.191035050998494,6,0,0,1,0,0
204,10,1,4,7,46,-0.04000000000000001,10,2.341134767699005,12,0,0,0,0,0
204,11,0,0,0,0,0.0,204,0.0,0,0,0,1,0,0
204,12,0,0,0,0,0.0,204,0.0,0,0,0,0,0,0
205,1,1,4,11,34,-0.12,4,2.5699431390868797,7,0,0,1,1,0
205,2,1,1,5,33,0.0,5,1.0847412137293284,6,0,0,0,1,0
205,3,3,5,9,37,0.12,2,3.6622189632746722,8,0,0,1,1,0
205,4,3,6,13,50,0.03999999999999998,3,4.129259647735277,18,0,0,0,1,0
205,5,2,4,8,36,0.04000000000000001,2,3.1830262345916034,6,0,1,1,1,1
205,6,3,5,11,33,0.07999999999999999,1,3.4522252198597343,3,0,0,0,1,0
205,7,2,4,12,49,-0.03999999999999998,5,3.1850864604665556,9,0,1,1,0,0
205,8,4,5,14,44,0.12,1,4.370267363234587,3,0,0,0,0,1
205,9,1,2,10,48,-0.1,8,2.0443079881951265,10,0,1,1,0,0
205,10,0,4,7,46,-0.14,11,2.1843559758970312,7,0,0,0,0,0
205,11,0,0,0,0,0.0,205,0.0,0,0,0,1,0,0
205,12,0,0,0,0,0.0,205,0.0,0,0,0,0,0,0
206,1,1,4,10,34,-0.1,5,2.397841735141725,7,0,0,1,1,1
206,2,1,1,5,33,0.0,6,1.0120993396891427,5,0,0,0,1,0
206,3,3,4,9,37,0.12,3,3.416971114966993,9,0,0,1,1,0
206,4,2,6,13,50,-0.06,4,3.8527354819586694,12,0,1,0,1,0
206,5,3,5,9,37,0.12,1,3.9698684898011436,4,0,0,1,1,0
206,6,3,5,11,33,0.07999999999999999,2,3.2210400243445405,6,0,1,0,1,0
206,7,2,4,12,49,-0.03999999999999998,6,2.9717907485124915,12,0,1,1,0,0
206,8,4,6,15,45,0.10000000000000003,1,5.077603631734442,4,0,0,0,0,0
206,9,1,1,9,48,-0.07999999999999999,9,1.9074067978482911,10,0,1,1,0,0
206,10,0,4,7,46,-0.14,12,2.0380761907725096,13,0,0,0,0,1
206,11,0,0,0,0,0.0,206,0.0,0,0,0,1,0,0
206,12,0,0,0,0,0.0,206,0.0,0,0,0,0,0,0
207,1,2,4,11,35,-0.01999999999999999,1,3.2372654473710925,2,0,0,1,1,0
207,2,1,1,5,33,0.0,7,0.9443220746425882,8,0,1,0,1,0
207,3,3,4,9,37,0.12,4,3.188146781392514,7,0,0,1,1,0
207,4,2,6,12,50,-0.03999999999999998,5,3.594729312331901,12,0,0,0,1,0
207,5,3,5,9,37,0.12,2,3.7040182730468687,12,0,0,1,1,0
207,6,2,4,10,33,0.0,3,3.0053366097739778,6,0,0,0,1,0
207,7,2,4,12,49,-0.03999999999999998,7,2.772778812306018,13,0,0,1,0,0
207,8,3,6,15,45,0.0,2,4.737571706355345,8,0,0,0,0,1
207,9,1,1,9,48,-0.07999999999999999,10,1.7796734706740336,12,0,1,1,0,1
207,10,1,5,8,47,-0.06,1,2.9015923252564155,2,0,0,0,0,0
207,11,0,0,0,0,0.0,207,0.0,0,0,1,1,0,0
207,12,0,0,0,0,0.0,207,0.0,0,0,0,0,0,0
208,1,2,3,11,35,-0.01999999999999999,2,3.0204754647593917,8,0,0,1,1,0
208,2,1,1,5,33,0.0,8,0.8810836502780184,8,0,0,0,1,0
208,3,3,4,9,37,0.12,5,2.9746461289011012,7,0,0,1,1,0
208,4,2,6,12,50,-0.03999999999999998,6,3.354001044050084,16,0,0,0,1,0
208,5,3,5,9,37,0.12,3,3.455971250007919,8,0,0,1,1,0
208,6,1,4,10,33,-0.1,4,2.8040782075925015,7,0,0,0,1,1
208,7,2,3,12,49,-0.03999999999999998,8,2.58709411011576,15,0,1,1,0,0
208,8,4,7,15,46,0.10000000000000003,1,5.420310701800865,7,0,1,0,0,1
208,9,1,2,9,49,-0.07999999999999999,1,2.6604940623016864,7,0,1,1,0,0
208,10,1,5,8,47,-0.06,2,2.7072813674542346,12,0,1,0,0,0
208,11,0,0,0,0,0.0,208,0.0,0,0,0,1,0,0
208,12,0,0,0,0,0.0,208,0.0,0,0,0,0,0,0
209,1,2,2,11,35,-0.01999999999999999,3,2.818203258747984,7,0,0,1,1,0
209,2,1,1,5,33,0.0,9,0.8220801140130697,6,0,0,0,1,1
209,3,2,4,9,37,0.020000000000000018,6,2.7754429764119783,8,0,0,1,1,0
209,4,2,5,11,50,-0.01999999999999999,7,3.129393627747625,18,0,0,0,1,0
209,5,3,5,9,37,0.12,4,3.2245351940600884,7,0,1,1,1,0
209,6,2,5,10,34,0.0,1,3.6162974785332005,4,0,0,0,1,1
209,7,1,3,12,49,-0.13999999999999999,9,2.4138441569485622,9,0,1,1,0,0
209,8,5,8,16,47,0.18,1,6.057328709160234,4,0,0,0,0,0
209,9,1,2,9,49,-0.07999999999999999,2,2.4823287339152555,11,0,1,1,0,0
209,10,1,5,8,47,-0.06,3,2.5259828332076832,7,0,0,0,0,0
209,11,0,0,0,0,0.0,209,0.0,0,0,0,1,0,0
209,12,0,0,0,0,0.0,209,0.0,0,0,0,0,0,0
210,1,2,2,11,35,-0.01999999999999999,4,2.629476617268411,7,0,1,1,1,0
210,2,2,2,5,34,0.1,1,1.7670278680605342,4,0,0,0,1,1
210,3,2,4,9,37,0.020000000000000018,7,2.589579863121489,8,0,1,1,1,0
210,4,1,5,11,50,-0.12,8,2.9198274981935888,11,0,0,0,1,1
210,5,3,5,9,37,0.12,5,3.008597718429604,5,0,1,1,1,0
210,6,3,6,10,35,0.09999999999999998,1,4.3741248546828455,4,0,0,0,1,0
210,7,1,3,12,49,-0.13999999999999999,10,2.25219623486136,7,0,1,1,0,0
210,8,4,7,16,47,0.08000000000000002,2,5.651687526229561,7,0,0,0,0,0
210,9,1,2,9,49,-0.07999999999999999,3,2.3160946045827266,9,0,0,1,0,0
210,10,1,4,8,47,-0.06,4,2.3568253194383852,7,0,0,0,0,0
210,11,0,0,0,0,0.0,210,0.0,0,0,0,1,0,0
210,12,0,0,0,0,0.0,210,0.0,0,0,0,0,0,0
211,1,2,2,11,35,-0.01999999999999999,5,2.45338843438603,9,0,1,1,1,0
211,2,2,3,6,35,0.08000000000000002,1,2.6486952978654275,3,0,0,0,1,1
211,3,2,4,9,37,0.020000000000000018,8,2.416163446511719,10,0,1,1,1,0
211,4,2,5,11,51,-0.01999999999999999,1,3.724295385410996,3,0,0,0,1,1
211,5,3,5,9,37,0.12,6,2.807120929557187,5,0,1,1,1,0
211,6,3,5,10,35,0.09999999999999998,2,4.081202798520239,13,0,0,0,1,0
211,7,0,3,12,49,-0.24,11,2.1013733905406284,8,0,0,1,0,0
211,8,4,7,15,47,0.10000000000000003,3,5.273210919829226,12,0,0,0,0,0
211,9,1,2,9,49,-0.07999999999999999,4,2.1609926775960804,12,0,0,1,0,0
211,10,1,4,8,47,-0.06,5,2.1989957783252883,11,0,0,0,0,0
211,11,0,0,0,0,0.0,211,0.0,0,0,0,1,0,0
211,12,0,0,0,0,0.0,211,0.0,0,0,0,0,0,0
212,1,1,2,11,35,-0.12,6,2.289092350337002,9,0,1,1,1,0
212,2,3,4,6,36,0.18,1,3.471320097436855,4,0,0,0,1,0
212,3,1,4,9,37,-0.07999999999999999,9,2.2543602085407124,10,0,1,1,1,0
212,4,3,5,12,52,0.06,1,4.474890464816749,4,0,0,0,1,0
212,5,3,5,9,37,0.12,7,2.619136438510326,5,0,1,1,1,0
212,6,3,5,10,35,0.09999999999999998,3,3.8078968561717286,13,0,0,0,1,0
212,7,0,3,12,49,-0.24,12,1.9606507009119665,8,0,0,1,0,1
212,8,4,7,15,47,0.10000000000000003,4,4.920079759532823,12,0,0,0,0,0
212,9,1,2,9,49,-0.07999999999999999,5,2.0162774626666065,12,0,0,1,0,1
212,10,1,3,7,47,-0.04000000000000001,6,2.051735609427654,11,0,0,0,0,0
212,11,0,0,0,0,0.0,212,0.0,0,0,0,1,0,0
212,12,0,0,0,0,0.0,212,0.0,0,0,0,0,0,0
213,1,1,2,11,35,-0.12,7,2.1357986835389546,10,0,0,1,1,0
213,2,3,4,5,36,0.19999999999999998,2,3.2388561750933507,10,0,0,0,1,0
213,3,1,4,9,37,-0.07999999999999999,10,2.103392449376282,8,0,0,1,1,0
213,4,2,5,12,52,-0.03999999999999998,2,4.175220437187506,10,0,0,0,1,0
213,5,2,4,9,37,0.020000000000000018,8,2.443740706466349,9,0,0,1,1,0
213,6,3,5,10,35,0.09999999999999998,4,3.552893395177512,6,0,1,0,1,0
213,7,1,4,12,50,-0.13999999999999999,1,2.82935178883063,9,0,0,1,0,0
213,8,4,7,15,47,0.10000000000000003,5,4.590596736636606,14,0,1,0,0,0
213,9,2,3,10,50,0.0,1,2.881253392760067,9,0,0,1,0,1
213,10,1,2,7,47,-0.04000000000000001,7,1.9143370135068787,15,0,1,0,0,1
213,11,0,0,0,0,0.0,213,0.0,0,0,0,1,0,0
213,12,0,0,0,0,0.0,213,0.0,0,0,0,0,0,0
214,1,1,2,11,35,-0.12,8,1.992770635022726,6,0,0,1,1,0
214,2,3,4,5,36,0.19999999999999998,3,3.0219596662048107,9,0,0,0,1,0
214,3,0,3,9,37,-0.18,11,1.962534549417485,5,0,0,1,1,1
214,4,2,5,12,52,-0.03999999999999998,3,3.8956184148346757,14,0,0,0,1,0
214,5,1,4,8,37,-0.06,9,2.2800907018945686,13,0,0,1,1,0
214,6,3,5,10,35,0.09999999999999998,5,3.3149667531138385,7,0,0,0,1,0
214,7,1,3,11,50,-0.12,2,2.63987856364266,16,0,0,1,0,0
214,8,4,7,15,47,0.10000000000000003,6,4.283178206123158,11,0,1,0,0,0
214,9,3,4,11,51,0.07999999999999999,1,3.6883044724225016,9,0,1,1,0,0
214,10,2,3,8,48,0.04000000000000001,1,2.7861395905219606,9,0,1,0,0,1
214,11,0,0,0,0,0.0,214,0.0,0,0,1,1,0,0
214,12,0,0,0,0,0.0,214,0.0,0,0,0,0,0,0
215,1,1,2,10,35,-0.1,9,1.8593207470419573,6,0,0,1,1,0
215,2,3,4,5,36,0.19999999999999998,4,2.8195880676626466,9,0,1,0,1,0
215,3,1,4,10,38,-0.1,1,2.8311094816373368,4,0,0,1,1,0
215,4,2,5,12,52,-0.03999999999999998,4,3.634740503479073,12,0,1,0,1,1
215,5,1,3,8,37,-0.06,10,2.1273998485639485,13,0,0,1,1,0
215,6,2,5,10,35,0.0,6,3.092973346502862,6,0,0,0,1,0
215,7,1,3,10,50,-0.1,3,2.4630937935294015,13,0,0,1,0,1
215,8,3,7,15,47,0.0,7,3.9963465749443463,9,0,0,0,0,0
215,9,3,4,11,51,0.07999999999999999,2,3.441309755602953,11,0,1,1,0,0
215,10,3,3,9,49,0.12,1,3.5995601569838405,4,0,0,0,0,0
215,11,0,0,0,0,0.0,215,0.0,0,0,1,1,0,0
215,12,0,0,0,0,0.0,215,0.0,0,0,0,0,0,0
216,1,1,2,9,35,-0.07999999999999999,10,1.734807598839009,11,0,0,1,1,1
216,2,3,4,5,36,0.19999999999999998,5,2.6307686896727653,9,0,0,0,1,0
216,3,1,4,10,38,-0.1,2,2.6415185490203044,11,0,1,1,1,0
216,4,3,5,12,53,0.06,1,4.391332805421081,4,0,0,0,1,0
216,5,0,3,8,37,-0.16,11,1.9849342449005718,8,0,1,1,1,1
216,6,2,5,10,35,0.0,7,2.885846174231176,11,0,1,0,1,0
216,7,2,4,11,51,-0.01999999999999999,1,3.298147770612481,4,0,0,1,0,0
216,8,2,6,15,47,-0.09999999999999998,8,3.7287232000381976,16,0,1,0,0,0
216,9,3,4,11,51,0.07999999999999999,3,3.210855536075023,16,0,0,1,0,0
216,10,3,3,9,49,0.12,2,3.358508381487333,14,0,0,0,0,0
216,11,0,0,0,0,0.0,216,0.0,0,0,0,1,0,0
216,12,0,0,0,0,0.0,216,0.0,0,0,0,0,0,0
217,1,1,3,10,36,-0.1,1,2.618632723685546,4,0,0,1,1,0
217,2,3,4,5,36,0.19999999999999998,6,2.4545939805667474,6,0,1,0,1,0
217,3,1,4,10,38,-0.1,3,2.4646239539923815,8,0,0,1,1,0
217,4,3,5,12,53,0.06,2,4.097258384275753,8,0,1,0,1,0
217,5,1,4,8,38,-0.06,1,2.852009136523434,4,0,0,1,1,0
217,6,2,4,10,35,0.0,8,2.692589689057965,6,0,1,0,1,1
217,7,2,4,11,51,-0.01999999999999999,2,3.0772806809450155,11,0,0,1,0,0
217,8,2,5,14,47,-0.08000000000000002,9,3.479021761944337,8,0,0,0,0,0
217,9,3,4,11,51,0.07999999999999999,4,2.9958341462165983,8,0,0,1,0,1
217,10,2,3,9,49,0.020000000000000018,3,3.1335991222805673,11,0,0,0,0,0
217,11,0,0,0,0,0.0,217,0.0,0,0,0,1,0,0
217,12,0,0,0,0,0.0,217,0.0,0,0,0,0,0,0
218,1,1,3,10,36,-0.1,2,2.443270723916503,7,0,0,1,1,0
218,2,3,4,5,36,0.19999999999999998,7,2.290217164696432,9,0,0,0,1,0
218,3,1,4,10,38,-0.1,4,2.2995754608067864,5,0,0,1,1,0
218,4,3,5,12,53,0.06,3,3.8228772473800716,16,0,0,0,1,0
218,5,1,4,8,38,-0.06,2,2.6610186165407668,7,0,1,1,1,0
218,6,3,4,11,36,0.07999999999999999,1,3.512275012562915,5,0,0,0,1,0
218,7,2,4,11,51,-0.01999999999999999,3,2.8712043995405514,11,0,1,1,0,0
218,8,1,5,13,47,-0.16,10,3.246042082168579,11,0,1,0,0,1
218,9,3,4,11,52,0.07999999999999999,1,3.79521209559259,5,0,0,1,0,1
218,10,2,3,9,49,0.020000000000000018,4,2.9237513633385515,12,0,1,0,0,0
218,11,0,0,0,0,0.0,218,0.0,0,0,0,1,0,0
218,12,0,0,0,0,0.0,218,0.0,0,0,0,0,0,0
219,1,1,3,9,36,-0.07999999999999999,3,2.279652192670116,8,0,0,1,1,0
219,2,3,4,5,36,0.19999999999999998,8,2.1368481724456574,8,0,0,0,1,1
219,3,1,3,10,38,-0.1,5,2.1455797714611884,7,0,0,1,1,0
219,4,3,5,12,53,0.06,4,3.566870594401024,16,0,0,0,1,0
219,5,1,4,8,38,-0.06,3,2.4828181603261683,8,0,0,1,1,0
219,6,2,4,11,36,-0.01999999999999999,2,3.2770684620715542,9,0,0,0,1,1
219,7,2,3,11,51,-0.01999999999999999,4,2.6789284302169634,16,0,1,1,0,0
219,8,1,6,13,48,-0.16,1,4.028664354580116,8,0,1,0,0,0
219,9,4,5,12,53,0.16000000000000003,1,4.541058095067431,8,0,1,1,0,0
219,10,2,3,9,49,0.020000000000000018,5,2.7279564810455876,13,0,1,0,0,0
219,11,0,0,0,0,0.0,219,0.0,0,0,0,1,0,0
219,12,0,0,0,0,0.0,219,0.0,0,0,0,0,0,0
220,1,1,3,9,36,-0.07999999999999999,4,2.126990704990441,7,0,1,1,1,0
220,2,3,5,5,37,0.19999999999999998,1,2.993749842796931,5,0,0,0,1,0
220,3,1,3,9,38,-0.07999999999999999,6,2.001896712747292,8,0,1,1,1,0
220,4,3,4,12,53,0.06,5,3.328007941118658,13,0,0,0,1,0
220,5,1,4,8,38,-0.06,4,2.3165512555710377,5,0,1,1,1,0
220,6,2,5,12,37,-0.03999999999999998,1,4.057612990637547,5,0,0,0,1,1
220,7,2,3,11,51,-0.01999999999999999,5,2.4995286073583367,7,0,1,1,0,0
220,8,1,5,13,48,-0.16,2,3.7588767546515873,7,0,0,0,0,0
220,9,4,5,12,53,0.16000000000000003,2,4.236957019183201,10,0,0,1,0,0
220,10,2,3,9,49,0.020000000000000018,6,2.5452733962921865,7,0,0,0,0,1
220,11,0,0,0,0,0.0,220,0.0,0,0,0,1,0,0
220,12,0,0,0,0,0.0,220,0.0,0,0,0,0,0,0
221,1,1,3,9,36,-0.07999999999999999,5,1.984552500448214,5,0,0,1,1,0
221,2,2,4,5,37,0.1,2,2.7932673717376675,9,0,0,0,1,1
221,3,1,3,8,38,-0.06,7,1.867835678642307,7,0,0,1,1,0
221,4,2,4,12,53,-0.03999999999999998,6,3.1051412051601925,16,0,0,0,1,0
221,5,1,4,8,38,-0.06,5,2.1614187480337925,12,0,1,1,1,0
221,6,3,6,13,38,0.03999999999999998,1,4.785886787153162,4,0,0,0,1,0
221,7,2,2,10,51,0.0,6,2.332142653955379,9,0,1,1,0,0
221,8,1,5,13,48,-0.16,3,3.5071560232107366,8,0,0,0,0,0
221,9,4,5,12,53,0.16000000000000003,3,3.9532206826213763,14,0,1,1,0,0
221,10,3,4,10,50,0.09999999999999998,1,3.3748240512215486,4,0,0,0,0,0
221,11,0,0,0,0,0.0,221,0.0,0,0,1,1,0,1
221,12,0,0,0,0,0.0,221,0.0,0,0,0,0,0,0
222,1,1,2,9,36,-0.07999999999999999,6,1.8516529563550486,4,0,1,1,1,0
222,2,2,5,6,38,0.08000000000000002,1,3.6062106120145514,1,0,0,0,1,0
222,3,1,2,8,38,-0.06,8,1.7427523109428145,5,0,1,1,1,0
222,4,1,4,12,53,-0.13999999999999999,7,2.897199187794822,4,0,0,0,1,0
222,5,1,4,8,38,-0.06,6,2.0166750004417104,2,0,0,1,1,1
222,6,3,6,12,38,0.06,2,4.465390266173994,5,0,0,0,1,0
222,7,2,2,10,51,0.0,7,2.1759660371105767,5,0,0,1,0,0
222,8,1,5,13,48,-0.16,4,3.2722922761226463,3,0,0,0,0,1
222,9,4,5,11,53,0.18000000000000002,4,3.6884853197114027,5,0,0,1,0,0
222,10,3,4,10,50,0.09999999999999998,2,3.148822180421609,4,0,1,0,0,0
222,11,1,1,1,1,0.08,1,1.0,1,0,0,1,0,0
222,12,0,0,0,0,0.0,222,0.0,0,0,1,0,0,0
223,1,1,2,8,36,-0.06,7,1.7276532971559244,8,0,0,1,1,0
223,2,2,5,6,38,0.08000000000000002,2,3.364713475439718,5,0,0,0,1,0
223,3,1,2,8,38,-0.06,9,1.6260454021866586,9,0,0,1,1,0
223,4,1,3,12,53,-0.13999999999999999,8,2.7031824252662116,12,0,1,0,1,0
223,5,2,4,8,39,0.04000000000000001,1,2.881624308619622,5,0,0,1,1,0
223,6,3,6,12,38,0.06,3,4.166356438427663,7,0,1,0,1,0
223,7,1,2,10,51,-0.1,8,2.030248101087773,12,0,1,1,0,0
223,8,2,6,14,49,-0.08000000000000002,1,4.053156651573501,5,0,0,0,0,1
223,9,3,5,11,53,0.07999999999999999,5,3.4414784920899275,12,0,1,1,0,0
223,10,3,4,10,50,0.09999999999999998,3,2.9379549788162267,13,0,0,0,0,0
223,11,1,1,1,1,0.08,2,0.9330329915368074,0,0,0,1,0,0
223,12,0,0,0,0,0.0,223,0.0,0,0,0,0,0,1
224,1,1,2,8,36,-0.06,8,1.611957524183821,4,0,0,1,1,0
224,2,2,5,6,38,0.08000000000000002,3,3.1393886796537283,3,0,0,0,1,0
224,3,1,1,8,38,-0.06,10,1.5171540059768893,5,0,0,1,1,0
224,4,1,3,12,53,-0.13999999999999999,9,2.5221583849158558,9,0,0,0,1,0
224,5,2,3,7,39,0.06,2,2.68865054915655,5,0,0,1,1,1
224,6,3,6,12,38,0.06,4,3.8873480115548005,4,0,0,0,1,0
224,7,1,2,9,51,-0.07999999999999999,9,1.8942884593198475,7,0,1,1,0,0
224,8,3,7,15,50,0.0,1,4.781728875784934,1,0,0,0,0,0
224,9,2,5,11,53,-0.01999999999999999,6,3.2110129727842462,8,0,1,1,0,0
224,10,2,4,10,50,0.0,4,2.7412089228853618,4,0,0,0,0,0
224,11,1,1,1,1,0.08,3,0.8705505632961241,0,0,1,1,0,0
224,12,1,1,1,1,0.08,1,1.0,1,0,0,0,0,1
225,1,1,2,8,36,-0.06,9,1.5040095510194962,4,0,0,1,1,0
225,2,2,5,6,38,0.08000000000000002,4,2.929153211374106,2,0,0,0,1,0
225,3,0,1,8,38,-0.16,11,1.4155547408186684,4,0,0,1,1,0
225,4,1,3,12,53,-0.13999999999999999,10,2.3532569830076833,3,0,1,0,1,1
225,5,3,4,8,40,0.13999999999999999,1,3.508599665076616,1,0,0,1,1,1
225,6,3,5,12,38,0.06,5,3.6270239443656354,3,0,1,0,1,0
225,7,1,2,8,51,-0.06,10,1.767433628032847,5,0,0,1,0,0
225,8,3,6,15,50,0.0,2,4.461510797691552,6,0,0,0,0,0
225,9,2,5,11,53,-0.01999999999999999,7,2.9959810398603826,4,0,0,1,0,0
225,10,1,4,9,50,-0.07999999999999999,5,2.557638361747119,9,0,0,0,0,0
225,11,1,1,1,1,0.08,4,0.8122523963562355,0,0,1,1,0,0
225,12,2,2,2,2,0.16,1,1.9330329915368074,1,0,0,0,0,0
226,1,1,2,8,36,-0.06,10,1.403290530687651,9,0,0,1,1,0
226,2,2,5,6,38,0.08000000000000002,5,2.7329965834780285,6,0,0,0,1,0
226,3,0,1,7,38,-0.14,12,1.3207592745101522,9,0,1,1,1,0
226,4,1,4,13,54,-0.16,1,3.1956664027105406,4,0,1,0,1,1
226,5,4,4,9,41,0.22000000000000003,1,4.273639241611475,4,0,1,1,1,0
226,6,3,5,11,38,0.07999999999999999,6,3.3841330011870996,12,0,1,0,1,0
226,7,0,2,8,51,-0.16,11,1.6490738853062403,9,0,0,1,0,1
226,8,3,5,15,50,0.0,3,4.162736766343916,14,0,0,0,0,0
226,9,2,5,11,53,-0.01999999999999999,8,2.795349152208488,11,0,0,1,0,0
226,10,1,4,9,50,-0.07999999999999999,6,2.3863609719302135,16,0,0,0,0,0
226,11,1,1,1,1,0.08,5,0.757858283255199,0,0,0,1,0,0
226,12,2,2,2,2,0.16,2,1.8035835548329315,1,0,0,0,0,0
227,1,0,1,8,36,-0.16,11,1.3093163618427732,11,0,0,1,1,0
227,2,2,5,6,38,0.08000000000000002,6,2.549975978142379,9,0,0,0,1,0
227,3,0,1,7,38,-0.14,13,1.2323119769961908,11,0,1,1,1,1
227,4,2,5,13,55,-0.06,1,3.9816621836746835,5,0,0,0,1,1
227,5,3,4,9,41,0.12,2,3.9874464063498474,9,0,1,1,1,0
227,6,3,5,11,38,0.07999999999999999,7,3.157507737856034,11,0,1,0,1,0
227,7,1,3,9,52,-0.07999999999999999,1,2.5386403404725075,5,0,0,1,0,0
227,8,3,5,15,50,0.0,4,3.88397073808212,16,0,1,0,0,0
227,9,2,5,10,53,0.0,9,2.608152981874964,16,0,0,1,0,0
227,10,1,3,9,50,-0.07999999999999999,7,2.2265535165267303,14,0,0,0,0,0
227,11,1,1,1,1,0.08,6,0.7071067811865475,0,0,0,1,0,0
227,12,2,2,2,2,0.16,3,1.6828029596523597,0,0,0,0,0,0
228,1,0,1,8,36,-0.16,12,1.2216353619582516,9,0,0,1,1,0
228,2,2,5,6,38,0.08000000000000002,7,2.3792117152331804,9,0,1,0,1,1
228,3,1,2,7,39,-0.04000000000000001,1,2.149787730403393,6,0,1,1,1,0
228,4,3,6,14,56,0.019999999999999962,1,4.7150221785229665,6,0,1,0,1,0
228,5,3,4,9,41,0.12,3,3.72041904910929,8,0,1,1,1,0
228,6,2,5,11,38,-0.01999999999999999,8,2.946058890452433,12,0,0,0,1,0
228,7,1,3,9,52,-0.07999999999999999,2,2.368635191307083,11,0,0,1,0,0
228,8,3,4,14,50,0.019999999999999962,5,3.6238728367941824,14,0,0,0,0,0
228,9,1,4,10,53,-0.1,10,2.4334927790644425,9,0,0,1,0,0
228,10,1,3,9,50,-0.07999999999999999,8,2.0774478883417333,11,0,0,0,0,0
228,11,1,1,1,1,0.08,7,0.6597539553864471,0,0,0,1,0,1
228,12,2,2,2,2,0.16,4,1.5701106796114346,0,0,0,0,0,0
229,1,0,1,7,36,-0.14,13,1.139826096335058,4,0,1,1,1,1
229,2,3,6,7,39,0.15999999999999998,1,3.219883024163433,2,0,0,0,1,0
229,3,1,2,7,39,-0.04000000000000001,2,2.0058228772674016,5,0,1,1,1,0
229,4,3,6,14,56,0.019999999999999962,2,4.399271248389678,4,0,0,0,1,0
229,5,3,4,9,41,0.12,4,3.471273715160965,2,0,0,1,1,0
229,6,2,4,11,38,-0.01999999999999999,9,2.748770139802441,5,0,0,0,1,0
229,7,1,3,8,52,-0.06,3,2.210014778404606,5,0,0,1,0,0
229,8,2,3,14,50,-0.08000000000000002,6,3.3811929138630528,3,0,0,0,0,0
229,9,0,4,10,53,-0.2,11,2.270529047533716,5,0,0,1,0,1
229,10,1,3,9,50,-0.07999999999999999,9,1.9383274180213108,4,0,1,0,0,0
229,11,2,2,2,2,0.16,1,1.615572206672458,2,0,0,1,0,0
229,12,2,2,2,2,0.16,5,1.4649650644417467,0,0,1,0,0,0
230,1,1,2,8,37,-0.06,1,2.06349535249522,5,0,0,1,1,1
230,2,2,5,7,39,0.06,2,3.00425709043379,9,0,1,0,1,0
230,3,1,2,7,39,-0.04000000000000001,3,1.8714989196697702,6,0,0,1,1,0
230,4,3,6,14,56,0.019999999999999962,3,4.104665213466887,12,0,0,0,1,0
230,5,3,4,9,41,0.12,5,3.238812898899723,8,0,0,1,1,0
230,6,1,3,11,38,-0.12,10,2.56469322658692,8,0,0,0,1,0
230,7,1,3,8,52,-0.06,4,2.0620167000354037,15,0,0,1,0,0
230,8,2,3,13,50,-0.06,7,3.154764539384699,12,0,1,0,0,0
230,9,1,5,10,54,-0.1,1,3.118478509591601,5,0,0,1,0,0
230,10,1,3,9,50,-0.07999999999999999,10,1.8085234294142394,11,0,1,0,0,0
230,11,2,2,2,2,0.16,2,1.5073821690353248,0,0,0,1,0,1
230,12,2,2,2,2,0.16,6,1.3668607365729948,0,0,0,0,0,0
231,1,2,3,9,38,0.020000000000000018,1,2.925309241760914,1,0,0,1,1,0
231,2,2,4,7,39,0.06,3,2.8030709804331044,6,0,1,0,1,0
231,3,1,2,7,39,-0.04000000000000001,4,1.746170235677389,4,0,0,1,1,0
231,4,3,5,14,56,0.019999999999999962,4,3.829788063378077,5,0,0,0,1,0
231,5,3,4,9,41,0.12,6,3.021919288088408,4,0,0,1,1,1
231,6,0,3,11,38,-0.22,11,2.392943393576581,3,0,0,0,1,0
231,7,1,3,7,52,-0.04000000000000001,5,1.9239296102328884,6,0,0,1,0,0
231,8,2,3,13,50,-0.06,8,2.943499395776344,4,0,0,0,0,0
231,9,1,5,10,54,-0.1,2,2.909643332847496,5,0,0,1,0,0
231,10,0,3,8,50,-0.16,11,1.6874120256107739,2,0,1,0,0,1
231,11,3,3,3,3,0.24,1,2.4064372945642707,1,0,0,1,0,0
231,12,2,2,2,2,0.16,7,1.2753261620589054,0,0,1,0,0,0
232,1,2,3,8,38,0.04000000000000001,2,2.7294100330104554,6,0,0,1,1,0
232,2,1,3,7,39,-0.04000000000000001,4,2.6153577023635113,6,0,0,0,1,0
232,3,1,2,7,39,-0.04000000000000001,5,1.6292344387266062,8,0,0,1,1,0
232,4,3,4,14,56,0.019999999999999962,5,3.5733186137256037,11,0,1,0,1,0
232,5,4,5,10,42,0.2,1,3.8195503935479063,10,0,0,1,1,0
232,6,0,3,11,38,-0.22,12,2.232695133086997,7,0,1,0,1,0
232,7,1,3,7,52,-0.04000000000000001,6,1.7950897997418358,12,0,0,1,0,0
232,8,2,3,12,50,-0.03999999999999998,9,2.746382046827987,9,0,0,0,0,0
232,9,1,5,10,54,-0.1,3,2.714793223151826,13,0,1,1,0,0
232,10,1,4,9,51,-0.07999999999999999,1,2.574411090210804,10,0,0,0,0,1
232,11,2,3,3,3,0.14,2,2.245285387893043,0,0,1,1,0,0
232,12,2,2,2,2,0.16,8,1.1899213841709757,1,0,0,0,0,1
233,1,2,3,8,38,0.04000000000000001,3,2.5466296082303215,2,0,0,1,1,0
233,2,1,3,7,39,-0.04000000000000001,5,2.440215020975058,4,0,0,0,1,0
233,3,1,2,7,39,-0.04000000000000001,6,1.5201294822798768,4,0,0,1,1,0
233,4,3,4,13,56,0.03999999999999998,6,3.3340241558785575,7,0,0,0,1,0
233,5,3,5,10,42,0.09999999999999998,2,3.563766530017593,11,0,0,1,1,1
233,6,0,3,10,38,-0.2,13,2.0831782192138313,4,0,0,0,1,0
233,7,1,2,7,52,-0.04000000000000001,7,1.6748780059303336,7,0,0,1,0,0
233,8,1,3,12,50,-0.13999999999999999,10,2.562465057054897,5,0,0,0,0,0
233,9,1,4,10,54,-0.1,4,2.5329916424012,9,0,1,1,0,0
233,10,2,5,10,52,0.0,1,3.4020104809449205,1,0,0,0,0,1
233,11,2,3,3,3,0.14,3,2.0949253423197267,0,0,1,1,0,0
233,12,3,3,3,3,0.24,1,2.110235908766664,1,0,0,0,0,0
234,1,2,3,8,38,0.04000000000000001,4,2.376089441703345,6,0,0,1,1,0
234,2,1,3,7,39,-0.04000000000000001,6,2.2768011210134116,6,0,0,0,1,0
234,3,1,2,7,39,-0.04000000000000001,7,1.4183309583748918,8,0,0,1,1,0
234,4,3,4,13,56,0.03999999999999998,7,3.1107545320153496,11,0,1,0,1,0
234,5,4,6,11,43,0.18000000000000002,1,4.3251117466410625,11,0,0,1,1,0
234,6,0,3,10,38,-0.2,14,1.9436740057774002,7,0,1,0,1,0
234,7,1,2,7,52,-0.04000000000000001,8,1.5627164363323818,12,0,0,1,0,1
234,8,0,3,11,50,-0.22,11,2.3908644378924664,9,0,0,0,0,0
234,9,1,3,9,54,-0.07999999999999999,5,2.3633647696473226,13,0,1,1,0,0
234,10,3,5,11,53,0.07999999999999999,1,4.174188016275612,11,0,0,0,0,0
234,11,2,3,3,3,0.14,4,1.9546344591908449,0,0,1,1,0,1
234,12,2,3,3,3,0.14,2,1.968919722804954,2,0,0,0,0,0
235,1,2,3,8,38,0.04000000000000001,5,2.2169698399514943,7,0,0,1,1,0
235,2,1,3,7,39,-0.04000000000000001,7,2.1243305610735,7,0,0,0,1,1
235,3,1,1,7,39,-0.04000000000000001,8,1.3233495770817922,6,0,0,1,1,1
235,4,3,4,12,56,0.06,8,2.902436606942963,5,0,0,0,1,0
235,5,3,6,11,43,0.07999999999999999,2,4.035471951699496,5,0,0,1,1,0
235,6,0,3,10,38,-0.2,15,1.8135119721828177,2,0,1,0,1,0
235,7,2,3,8,53,0.04000000000000001,1,2.4580659915149408,1,0,0,1,0,0
235,8,0,3,11,50,-0.22,12,2.2307553988457753,7,0,1,0,0,0
235,9,1,3,8,54,-0.06,6,2.205097301116739,9,0,0,1,0,0
235,10,3,4,11,53,0.07999999999999999,2,3.894655132062726,7,0,1,0,0,0
235,11,3,4,4,4,0.21999999999999997,1,2.823738436819764,1,0,0,1,0,0
235,12,1,3,3,3,0.04000000000000001,3,1.8370670590645277,0,0,1,0,0,0
236,1,2,3,8,38,0.04000000000000001,6,2.0685060019168198,8,0,1,1,1,1
236,2,2,4,8,40,0.04000000000000001,1,2.9820704984114723,6,0,1,0,1,1
236,3,2,2,7,40,0.06,1,2.2347288147535935,6,0,1,1,1,0
236,4,2,3,12,56,-0.03999999999999998,9,2.7080691101219334,10,0,1,0,1,0
236,5,2,6,11,43,-0.01999999999999999,3,3.7652284673570597,6,0,0,1,1,0
236,6,0,3,10,38,-0.2,16,1.6920665005935498,8,0,0,0,1,0
236,7,2,2,8,53,0.04000000000000001,2,2.293456665458074,11,0,0,1,0,0
236,8,0,3,11,50,-0.22,13,2.0813683831719576,8,0,0,0,0,0
236,9,1,3,7,54,-0.04000000000000001,7,2.0574285314906913,7,0,0,1,0,0
236,10,3,4,11,53,0.07999999999999999,3,3.6338417288726648,8,0,0,0,0,0
236,11,3,4,4,4,0.21999999999999997,2,2.634641121023413,2,0,0,1,0,0
236,12,1,3,3,3,0.04000000000000001,4,1.7140441737727012,0,0,0,0,0,0
237,1,3,3,8,39,0.13999999999999999,1,2.9299843429802914,5,0,1,1,1,0
237,2,3,5,9,41,0.12,1,3.7823701581065143,5,0,1,0,1,0
237,3,2,2,7,40,0.06,2,2.085075711303049,10,0,1,1,1,0
237,4,1,3,12,56,-0.13999999999999999,10,2.5267178231054874,9,0,0,0,1,1
237,5,2,5,11,43,-0.01999999999999999,4,3.513082380717706,6,0,0,1,1,1
237,6,0,3,9,38,-0.18,17,1.578753868928017,8,0,0,0,1,0
237,7,1,2,8,53,-0.06,3,2.1398707335323777,11,0,0,1,0,0
237,8,0,3,11,50,-0.22,14,1.9419853690410596,7,0,0,0,0,0
237,9,1,3,7,54,-0.04000000000000001,8,1.9196486976099403,10,0,0,1,0,0
237,10,3,4,11,53,0.07999999999999999,4,3.3904942190613467,6,0,0,0,0,0
237,11,3,4,4,4,0.21999999999999997,3,2.4582070867743626,3,0,0,1,0,0
237,12,1,3,3,3,0.04000000000000001,5,1.5992597630813787,0,0,0,0,0,0
238,1,3,3,7,39,0.15999999999999998,2,2.7337720566869086,9,0,0,1,1,0
238,2,3,5,9,41,0.12,2,3.5290761437176683,6,0,0,0,1,0
238,3,1,2,7,40,-0.04000000000000001,3,1.9454444284978205,10,0,1,1,1,1
238,4,1,4,13,57,-0.16,1,3.357511089261483,5,0,1,0,1,0
238,5,3,6,12,44,0.06,1,4.2778217631962905,5,0,1,1,1,1
238,6,0,2,9,38,-0.18,18,1.4730294452262165,12,0,1,0,1,0
238,7,1,2,7,53,-0.04000000000000001,4,1.9965699920097768,10,0,0,1,0,0
238,8,0,3,11,50,-0.22,15,1.8119364183970907,14,0,0,0,0,0
238,9,1,2,7,54,-0.04000000000000001,9,1.7910955670307387,11,0,0,1,0,0
238,10,3,4,11,53,0.07999999999999999,5,3.16344296399906,18,0,0,0,0,0
238,11,3,4,4,4,0.21999999999999997,4,2.2935883119900637,0,0,0,1,0,0
238,12,1,3,3,3,0.04000000000000001,6,1.4921621209922646,1,0,0,0,0,0
239,1,3,3,6,39,0.18,3,2.550699520230317,8,0,0,1,1,0
239,2,2,5,9,41,0.020000000000000018,3,3.292744471734076,8,0,1,0,1,0
239,3,2,3,8,41,0.04000000000000001,1,2.815163834989936,5,0,0,1,1,0
239,4,1,4,12,57,-0.13999999999999999,2,3.132668615731646,11,0,1,0,1,1
239,5,4,7,13,45,0.14,1,4.991348836976295,5,0,0,1,1,0
239,6,0,2,9,38,-0.18,19,1.3743850699012206,6,0,1,0,1,0
239,7,1,2,7,53,-0.04000000000000001,5,1.8628656724575017,11,0,0,1,0,0
239,8,0,2,11,50,-0.22,16,1.690596456931526,10,0,0,0,0,0
239,9,1,1,7,54,-0.04000000000000001,10,1.6711512550350045,6,0,0,1,0,0
239,10,3,4,11,53,0.07999999999999999,6,2.9515966522561077,15,0,0,0,0,0
239,11,2,4,4,4,0.12000000000000001,5,2.1399935640899455,0,0,0,1,0,0
239,12,1,3,3,3,0.04000000000000001,7,1.3922364876073203,1,0,0,0,0,1
240,1,2,3,6,39,0.08000000000000002,4,2.379886803871992,5,0,0,1,1,1
240,2,2,4,9,41,0.020000000000000018,4,3.0722392248283295,4,0,0,0,1,0
240,3,2,3,8,41,0.04000000000000001,2,2.6266407346268914,6,0,1,1,1,0
240,4,2,5,13,58,-0.06,1,3.922883170029567,1,0,0,0,1,0
240,5,4,7,13,45,0.14,2,4.657093137167757,6,0,1,1,1,0
240,6,0,1,9,38,-0.18,20,1.28234661329346,9,0,0,0,1,0
240,7,1,2,7,53,-0.04000000000000001,6,1.738115131204249,5,0,0,1,0,0
240,8,0,2,10,50,-0.2,17,1.577382269692349,10,0,0,0,0,0
240,9,0,1,7,54,-0.14,11,1.5592392547958005,7,0,0,1,0,1
240,10,3,4,10,53,0.09999999999999998,7,2.753937054264542,8,0,0,0,0,0
240,11,2,4,4,4,0.12000000000000001,6,1.9966845969723563,0,0,1,1,0,0
240,12,2,4,4,4,0.12000000000000001,1,2.2990025749589553,1,0,0,0,0,0
241,1,2,4,7,40,0.06,1,3.220512904135656,6,0,0,1,1,0
241,2,2,4,9,41,0.020000000000000018,5,2.8665005546582987,10,0,1,0,1,0
241,3,2,3,8,41,0.04000000000000001,3,2.450742462321366,6,0,0,1,1,1
241,4,2,5,12,58,-0.03999999999999998,2,3.6601794195820814,12,0,0,0,1,0
241,5,4,7,13,45,0.14,3,4.345221541637168,8,0,0,1,1,0
241,6,0,0,8,38,-0.16,21,1.1964716967882905,8,0,0,0,1,0
241,7,1,2,7,53,-0.04000000000000001,7,1.621718760502891,15,0,0,1,0,0
241,8,0,2,10,50,-0.2,18,1.4717496978881714,12,0,1,0,0,1
241,9,1,2,8,55,-0.06,1,2.454821666423748,6,0,0,1,0,0
241,10,3,3,10,53,0.09999999999999998,8,2.5695141282445086,11,0,1,0,0,0
241,11,1,4,4,4,0.020000000000000004,7,1.8629726026685822,1,0,0,1,0,0
241,12,2,4,4,4,0.12000000000000001,2,2.1450452500647774,0,0,0,0,0,0
242,1,2,4,7,40,0.06,2,3.0048447892285823,8,0,0,1,1,0
242,2,2,3,9,41,0.020000000000000018,6,2.67453958775475,9,0,1,0,1,0
242,3,3,4,9,42,0.12,1,3.2866235711059857,6,0,0,1,1,0
242,4,2,5,11,58,-0.01999999999999999,3,3.4150681534141247,15,0,1,0,1,0
242,5,3,7,13,45,0.03999999999999998,4,4.054235053883905,10,0,0,1,1,0
242,6,0,0,8,38,-0.16,22,1.1163475665434985,7,0,0,0,1,0
242,7,1,2,7,53,-0.04000000000000001,8,1.5131171065433757,13,0,1,1,0,0
242,8,1,3,11,51,-0.12,1,2.3731910234139932,6,0,0,0,0,0
242,9,1,2,8,55,-0.06,2,2.2904296031127203,10,0,1,1,0,0
242,10,2,3,9,53,0.020000000000000018,9,2.397441453872066,8,0,0,0,0,1
242,11,1,3,4,4,0.020000000000000004,8,1.7382149006189793,0,0,0,1,0,0
242,12,2,4,4,4,0.12000000000000001,3,2.001397986649758,1,0,0,0,0,1
243,1,2,4,7,40,0.06,3,2.8036193227977315,2,0,0,1,1,0
243,2,2,3,9,41,0.020000000000000018,7,2.495433672546434,4,0,0,0,1,0
243,3,3,4,9,42,0.12,2,3.066528222604403,4,0,0,1,1,0
243,4,2,5,11,58,-0.01999999999999999,4,3.1863712554820616,8,0,0,0,1,0
243,5,3,6,12,45,0.06,5,3.7827350607186894,12,0,0,1,1,0
243,6,0,0,8,38,-0.16,23,1.0415891096069156,4,0,0,0,1,0
243,7,1,2,7,53,-0.04000000000000001,9,1.411788180463684,7,0,0,1,0,1
243,8,1,2,11,51,-0.12,2,2.214265520064256,5,0,0,0,0,1
243,9,1,2,8,55,-0.06,3,2.137046384496724,9,0,1,1,0,0
243,10,2,4,9,54,0.020000000000000018,1,3.2368919717406066,2,0,0,0,0,0
243,11,1,3,4,4,0.020000000000000004,9,1.6218118486583806,0,0,1,1,0,0
243,12,2,5,5,5,0.1,1,2.8673703507395674,2,0,0,0,0,0
244,1,2,4,7,40,0.06,4,2.6158693238803656,10,0,0,1,1,1
244,2,2,3,9,41,0.020000000000000018,8,2.3283219446776813,8,0,0,0,1,0
244,3,3,4,8,42,0.13999999999999999,3,2.861172001168635,12,0,0,1,1,0
244,4,2,5,11,58,-0.01999999999999999,5,2.9729895046493207,14,0,0,0,1,0
244,5,2,6,12,45,-0.03999999999999998,6,3.5294166098935253,10,0,0,1,1,0
244,6,0,0,8,38,-0.16,24,0.9718370028887001,6,0,1,0,1,0
244,7,2,3,7,54,0.06,1,2.317244949434337,8,0,1,1,0,0
244,8,2,2,12,52,-0.03999999999999998,1,3.065982782242357,8,0,1,0,0,0
244,9,1,2,8,55,-0.06,4,1.9939347811798969,17,0,1,1,0,1
244,10,1,4,9,54,-0.07999999999999999,2,3.020126999674613,11,0,0,0,0,0
244,11,1,3,4,4,0.020000000000000004,10,1.5132039608635688,1,0,0,1,0,0
244,12,2,4,5,5,0.1,2,2.6753511361944833,1,0,0,0,0,0
245,1,3,5,8,41,0.13999999999999999,1,3.4406923807294634,7,0,0,1,1,0
245,2,2,3,9,41,0.020000000000000018,9,2.172401189303414,10,0,1,0,1,1
245,3,3,4,8,42,0.13999999999999999,4,2.6695678715517253,6,0,0,1,1,0
245,4,2,5,11,58,-0.01999999999999999,6,2.7738972913304867,12,0,0,0,1,0
245,5,2,5,11,45,-0.01999999999999999,7,3.2930621379086533,8,0,0,1,1,1
245,6,0,0,8,38,-0.16,25,0.9067559860914088,8,0,0,0,1,0
245,7,1,3,7,54,-0.04000000000000001,2,2.1620659872942776,15,0,0,1,0,0
245,8,2,2,12,52,-0.03999999999999998,2,2.86066308731593,12,0,1,0,0,0
245,9,2,3,9,56,0.020000000000000018,1,2.860406933813569,7,0,0,1,0,0
245,10,1,4,8,54,-0.06,3,2.817878129327487,11,0,1,0,0,0
245,11,0,3,4,4,-0.08,11,1.4118692184098816,1,0,0,1,0,0
245,12,2,3,5,5,0.1,3,2.4961908740149354,0,0,0,0,0,0
246,1,3,5,8,41,0.13999999999999999,2,3.210279504949911,9,0,1,1,1,0
246,2,2,4,10,42,0.0,1,3.0269219804738827,3,0,0,0,1,0
246,3,2,4,8,42,0.04000000000000001,5,2.490794897304454,11,0,1,1,1,0
246,4,2,4,10,58,0.0,7,2.588137687945931,9,0,1,0,1,1
246,5,3,5,12,46,0.06,1,4.072535617849505,3,0,0,1,1,1
246,6,0,0,8,38,-0.16,26,0.8460332502967749,8,0,1,0,1,0
246,7,1,3,7,54,-0.04000000000000001,3,2.017278896025161,10,0,0,1,0,0
246,8,2,2,11,52,-0.01999999999999999,3,2.6690930381373015,8,0,0,0,0,0
246,9,2,3,9,56,0.020000000000000018,2,2.6688540384687007,9,0,0,1,0,0
246,10,1,4,8,54,-0.06,4,2.6291732607925677,15,0,0,0,0,0
246,11,0,3,4,4,-0.08,12,1.317320560511706,2,0,0,1,0,0
246,12,2,3,5,5,0.1,4,2.329028438629033,1,0,0,0,0,0
247,1,2,5,8,41,0.04000000000000001,3,2.9952966901727165,9,0,0,1,1,0
247,2,1,4,10,42,-0.1,2,2.8242180705900646,7,0,0,0,1,0
247,3,2,4,8,42,0.04000000000000001,6,2.32399381433659,11,0,1,1,1,1
247,4,3,4,11,59,0.07999999999999999,1,3.4148178494933483,6,0,1,0,1,0
247,5,4,6,13,47,0.14,1,4.799810090662325,6,0,1,1,1,0
247,6,0,0,7,38,-0.14,27,0.7893769344640085,12,0,1,0,1,0
247,7,1,2,7,54,-0.04000000000000001,4,1.8821877631224242,10,0,0,1,0,0
247,8,2,2,10,52,0.0,4,2.4903518620633123,14,0,0,0,0,0
247,9,2,3,9,56,0.020000000000000018,3,2.4901288674875417,11,0,0,1,0,0
247,10,1,4,8,54,-0.06,5,2.453105392785872,18,0,0,0,0,1
247,11,0,3,4,4,-0.08,13,1.2291035433871809,0,0,0,1,0,0
247,12,2,3,5,5,0.1,5,2.1730603714683463,2,0,0,0,0,0
248,1,2,5,8,41,0.04000000000000001,4,2.7947106313721473,6,0,0,1,1,0
248,2,1,4,10,42,-0.1,3,2.635088635154958,10,0,1,0,1,0
248,3,3,4,9,43,0.12,1,3.1683629009035044,5,0,0,1,1,0
248,4,2,3,11,59,-0.01999999999999999,2,3.1861377136660662,13,0,1,0,1,0
248,5,3,6,13,47,0.03999999999999998,2,4.478381167699224,16,0,0,1,1,0
248,6,0,0,6,38,-0.12,28,0.7365147226131082,7,0,0,0,1,0
248,7,1,2,7,54,-0.04000000000000001,5,1.7561432792600873,13,0,0,1,0,1
248,8,2,2,10,52,0.0,5,2.323580447840191,10,0,0,0,0,1
248,9,2,3,8,56,0.04000000000000001,4,2.3233723865440634,11,0,1,1,0,0
248,10,2,5,9,55,0.020000000000000018,1,3.2888282631860775,5,0,0,0,0,0
248,11,0,3,4,4,-0.08,14,1.1467941559950314,0,0,1,1,0,0
248,12,2,3,5,5,0.1,6,2.027537019181197,2,0,0,0,0,0
249,1,2,5,8,41,0.04000000000000001,5,2.607557220868874,10,0,0,1,1,0
249,2,1,3,10,42,-0.1,4,2.458624632223273,8,0,0,0,1,1
249,3,2,4,8,43,0.04000000000000001,2,2.956187115704234,12,0,0,1,1,0
249,4,2,3,11,59,-0.01999999999999999,3,2.9727716024300936,14,0,0,0,1,0
249,5,2,6,13,47,-0.06,3,4.178477378140507,10,0,0,1,1,0
249,6,0,0,6,38,-0.12,29,0.6871925349506103,6,0,1,0,1,0
249,7,2,3,7,55,0.06,1,2.638539617415298,9,0,1,1,0,0
249,8,3,3,11,53,0.07999999999999999,1,3.167977216324768,9,0,1,0,0,0
249,9,2,3,8,56,0.04000000000000001,5,2.1677830882712192,17,0,1,1,0,0
249,10,2,5,9,55,0.020000000000000018,2,3.0685852730513083,11,0,0,0,0,0
249,11,0,2,4,4,-0.08,15,1.0699967820449723,1,0,0,1,0,1
249,12,2,3,5,5,0.1,7,1.8917589304582536,1,0,0,0,0,0
250,1,2,4,8,41,0.04000000000000001,6,2.432936914390689,6,0,1,1,1,0
250,2,2,4,11,43,-0.01999999999999999,1,3.2939778956693635,3,0,0,0,1,0
250,3,2,4,8,43,0.04000000000000001,3,2.758220108108088,6,0,1,1,1,0
250,4,1,3,10,59,-0.1,4,2.773693981371019,4,0,0,0,1,0
250,5,2,6,13,47,-0.06,4,3.8986572481953132,3,0,0,1,1,0
250,6,0,0,6,38,-0.12,30,0.64117330664673,5,0,0,0,1,0
250,7,2,3,7,55,0.06,2,2.461844512525379,6,0,0,1,0,0
250,8,3,3,10,53,0.09999999999999998,2,2.955827259267946,3,0,0,0,0,1
250,9,2,2,8,56,0.04000000000000001,6,2.0226131398525946,5,0,0,1,0,0
250,10,2,5,9,55,0.020000000000000018,3,2.863091297100853,4,0,1,0,0,1
250,11,1,3,5,5,0.0,1,1.9983422984861778,3,0,0,1,0,0
250,12,1,3,5,5,0.0,8,1.7650734941519355,0,0,1,0,0,0
251,1,1,3,8,41,-0.06,7,2.2700104074542744,6,0,0,1,1,1
251,2,2,4,10,43,0.0,2,3.0733900500525038,7,0,0,0,1,1
251,3,2,4,8,43,0.04000000000000001,4,2.573510358785066,11,0,0,1,1,0
251,4,1,3,10,59,-0.1,5,2.5879479930462397,16,0,0,0,1,0
251,5,2,6,13,47,-0.06,5,3.6375758352603307,16,0,0,1,1,0
251,6,0,0,6,38,-0.12,31,0.5982358483941452,8,0,0,0,1,0
251,7,2,3,6,55,0.08000000000000002,3,2.296982150220028,16,0,1,1,0,0
251,8,4,4,11,54,0.18000000000000002,1,3.757884350180814,5,0,0,0,0,0
251,9,1,2,8,56,-0.06,7,1.8871647885983214,17,0,1,1,0,0
251,10,3,6,10,56,0.09999999999999998,1,3.6713586379770073,5,0,0,0,0,0
251,11,1,2,5,5,0.0,2,1.8645192928710983,0,0,1,1,0,0
251,12,1,3,5,5,0.0,9,1.646871802530906,3,0,0,0,0,0
252,1,2,4,8,42,0.04000000000000001,1,3.1179946012867488,6,0,1,1,1,0
252,2,3,5,11,44,0.07999999999999999,1,3.8675743125599458,6,0,1,0,1,0
252,3,1,4,7,43,-0.04000000000000001,5,2.4011700688081925,10,0,1,1,1,1
252,4,1,3,10,59,-0.1,6,2.41464085789361,9,0,0,0,1,0
252,5,2,5,13,47,-0.06,6,3.3939782635149474,7,0,0,1,1,1
252,6,0,0,6,38,-0.12,32,0.5581737832717493,8,0,0,0,1,0
252,7,2,3,6,55,0.08000000000000002,4,2.143160127126441,11,0,0,1,0,0
252,8,3,4,11,54,0.07999999999999999,2,3.5062300770985564,7,0,0,0,0,0
252,9,1,2,8,56,-0.06,8,1.7607870082288186,12,0,0,1,0,0
252,10,3,5,10,56,0.09999999999999998,2,3.4254987329961857,6,0,0,0,0,0
252,11,1,2,5,5,0.0,3,1.7396580136056137,4,0,0,1,0,0
252,12,1,3,5,5,0.0,10,1.5365857245930254,0,0,0,0,0,0
253,1,2,4,8,42,0.04000000000000001,2,2.90919183043419,8,0,0,1,1,0
253,2,3,5,11,44,0.07999999999999999,2,3.6085744308387175,9,0,1,0,1,0
253,3,2,5,8,44,0.04000000000000001,1,3.2403708924887495,6,0,0,1,1,0
253,4,1,3,9,59,-0.07999999999999999,7,2.252939583127478,12,0,1,0,1,0
253,5,3,6,13,48,0.03999999999999998,1,4.16669369241825,6,0,0,1,1,0
253,6,0,0,6,38,-0.12,33,0.5207945548034578,6,0,1,0,1,0
253,7,2,3,6,55,0.08000000000000002,5,1.9996391047551876,11,0,0,1,0,0
253,8,3,4,11,54,0.07999999999999999,3,3.271428337851597,11,0,0,0,0,0
253,9,1,2,8,56,-0.06,9,1.6428723697468797,6,0,0,1,0,1
253,10,2,4,10,56,0.0,3,3.1961033303529747,16,0,0,0,0,1
253,11,1,2,5,5,0.0,4,1.6231583206854256,0,0,0,1,0,0
253,12,0,2,5,5,-0.1,11,1.4336851753697835,1,0,0,0,0,0
254,1,2,4,8,42,0.04000000000000001,3,2.714371956504453,9,0,0,1,1,0
254,2,3,5,11,44,0.07999999999999999,3,3.366918996388681,9,0,0,0,1,0
254,3,2,5,7,44,0.06,2,3.0233729475075726,7,0,0,1,1,1
254,4,1,3,9,59,-0.07999999999999999,8,2.1020669589971184,14,0,0,0,1,0
254,5,3,5,12,48,0.06,2,3.8876626806545462,15,0,0,1,1,0
254,6,0,0,6,38,-0.12,34,0.48591850144435006,9,0,0,0,1,0
254,7,1,3,6,55,-0.01999999999999999,6,1.8657292559037162,16,0,0,1,0,1
254,8,2,4,11,54,-0.01999999999999999,4,3.0523505686639614,13,0,1,0,0,0
254,9,2,3,9,57,0.020000000000000018,1,2.532854121858095,10,0,1,1,0,0
254,10,3,4,11,57,0.07999999999999999,1,3.982069851579989,10,0,1,0,0,0
254,11,1,2,5,5,0.0,5,1.5144602636869833,0,0,1,1,0,0
254,12,0,2,5,5,-0.1,12,1.3376755680972414,2,0,0,0,0,0
255,1,1,4,8,42,-0.06,4,2.5325985867209666,10,0,0,1,1,0
255,2,3,5,11,44,0.07999999999999999,4,3.141446503462636,11,0,1,0,1,1
255,3,3,6,8,45,0.13999999999999999,1,3.8209067057444455,7,0,0,1,1,0
255,4,1,3,9,59,-0.07999999999999999,9,1.9612978231637608,11,0,1,0,1,0
255,5,3,5,12,48,0.06,3,3.6273175410171152,11,0,0,1,1,1
255,6,0,0,5,38,-0.1,35,0.4533779930457044,5,0,1,0,1,0
255,7,2,3,7,56,0.06,1,2.740786949033586,7,0,0,1,0,0
255,8,2,4,10,54,0.0,5,2.847943782299611,15,0,1,0,0,0
255,9,1,3,9,57,-0.07999999999999999,2,2.3632364584435916,11,0,0,1,0,0
255,10,3,4,11,57,0.07999999999999999,2,3.7154025461282076,12,0,0,0,0,0
255,11,1,1,5,5,0.0,6,1.4130413903914882,1,0,0,1,0,0
255,12,0,2,5,5,-0.1,13,1.2480954370074675,0,0,0,0,0,0
256,1,1,4,8,42,-0.06,5,2.362998035730154,10,0,1,1,1,0
256,2,3,5,12,45,0.06,1,3.9310732288785872,4,0,0,0,1,0
256,3,3,5,8,45,0.13999999999999999,2,3.565032014043788,12,0,1,1,1,0
256,4,1,3,9,59,-0.07999999999999999,10,1.829955575241112,10,0,1,0,1,0
256,5,3,6,12,49,0.06,1,4.384406936549135,4,0,0,1,1,0
256,6,0,0,5,38,-0.1,36,0.42301662514838745,8,0,1,0,1,0
256,7,2,3,7,56,0.06,2,2.557244646221846,10,0,0,1,0,0
256,8,2,4,9,54,0.020000000000000018,6,2.6572255069276562,8,0,0,0,0,0
256,9,1,3,9,57,-0.07999999999999999,3,2.2049775825304745,9,0,0,1,0,0
256,10,3,4,11,57,0.07999999999999999,3,3.4665931523774725,15,0,0,0,0,1
256,11,1,1,5,5,0.0,7,1.3184142356423,3,0,0,1,0,1
256,12,0,2,5,5,-0.1,14,1.1645142193145164,1,0,0,0,0,0
257,1,1,3,7,42,-0.04000000000000001,6,2.2047551262729055,3,0,0,1,1,0
257,2,3,4,12,45,0.06,2,3.667821014690845,7,0,0,0,1,0
257,3,3,5,8,45,0.13999999999999999,3,3.326292484987765,5,0,0,1,1,0
257,4,0,3,9,59,-0.18,11,1.7074089247466742,7,0,0,0,1,0
257,5,2,6,12,49,-0.03999999999999998,2,4.090796320123169,11,0,0,1,1,0
257,6,0,0,5,38,-0.1,37,0.39468846723200424,4,0,0,0,1,0
257,7,2,3,7,56,0.06,3,2.385993622355854,8,0,0,1,0,1
257,8,2,4,9,54,0.020000000000000018,7,2.4792790639166205,5,0,0,0,0,1
257,9,1,3,9,57,-0.07999999999999999,4,2.057316830100006,10,0,1,1,0,0
257,10,4,5,11,58,0.18000000000000002,1,4.234445779403765,1,0,1,0,0,0
257,11,2,2,6,6,0.08000000000000002,1,2.2301239783660485,1,0,1,1,0,0
257,12,0,2,5,5,-0.1,15,1.0865301857341731,2,0,1,0,0,0
258,1,1,3,7,42,-0.04000000000000001,7,2.0571092710725205,10,0,0,1,1,0
258,2,3,4,12,45,0.06,3,3.4221980137585675,8,0,0,0,1,1
258,3,2,5,8,45,0.04000000000000001,4,3.1035406279945357,13,0,0,1,1,0
258,4,0,2,9,59,-0.18,12,1.5930688568330331,14,0,0,0,1,0
258,5,2,5,12,49,-0.03999999999999998,3,3.8168479283322836,10,0,0,1,1,0
258,6,0,0,5,38,-0.1,38,0.3682573613065541,6,0,1,0,1,0
258,7,3,4,8,57,0.13999999999999999,1,3.226210767254426,10,0,1,1,0,0
258,8,3,5,9,55,0.12,1,3.3132491618607,10,0,1,0,0,1
258,9,1,3,8,57,-0.06,5,1.9195444765272305,17,0,1,1,0,0
258,10,3,5,11,58,0.07999999999999999,2,3.9508776130575027,12,0,0,0,0,0
258,11,2,2,6,6,0.08000000000000002,2,2.0807792470328406,1,0,0,1,0,0
258,12,0,2,5,5,-0.1,16,1.0137685095905986,1,0,0,0,0,0
259,1,1,3,7,42,-0.04000000000000001,8,1.9193508171068951,10,0,1,1,1,0
259,2,4,5,13,46,0.14,1,4.193023650408477,4,0,0,0,1,0
259,3,2,4,8,45,0.04000000000000001,5,2.8957057964937634,12,0,1,1,1,0
259,4,0,2,9,59,-0.18,13,1.4863858012150468,13,0,0,0,1,0
259,5,2,4,12,49,-0.03999999999999998,4,3.5612450408129366,9,0,0,1,1,1
259,6,0,0,4,38,-0.08,39,0.34359626747530514,9,0,0,0,1,0
259,7,2,4,8,57,0.04000000000000001,2,3.0101610834996557,15,0,1,1,0,0
259,8,3,6,9,56,0.12,1,4.091370777197708,4,0,0,0,0,0
259,9,1,3,8,57,-0.06,6,1.7909983253221569,13,0,1,1,0,0
259,10,3,5,11,58,0.07999999999999999,3,3.6862991585068428,9,0,0,0,0,1
259,11,2,2,6,6,0.08000000000000002,3,1.9414356855867567,3,0,0,1,0,0
259,12,0,2,5,5,-0.1,17,0.9458794652291268,1,0,0,0,0,0
260,1,1,3,7,42,-0.04000000000000001,9,1.790817634693862,6,0,0,1,1,0
260,2,3,5,12,46,0.06,2,3.9122294001252054,8,0,0,0,1,1
260,3,2,4,8,45,0.04000000000000001,6,2.7017890419130497,11,0,0,1,1,0
260,4,0,1,9,59,-0.18,14,1.3868469906855094,13,0,1,0,1,0
260,5,3,5,13,50,0.03999999999999998,1,4.322759114025314,12,0,0,1,1,1
260,6,0,0,3,38,-0.06,40,0.320586653323365,7,0,1,0,1,0
260,7,2,4,8,57,0.04000000000000001,3,2.8085796007453614,12,0,0,1,0,0
260,8,3,6,9,56,0.12,2,3.8173839157350504,10,0,0,0,0,0
260,9,1,3,8,57,-0.06,7,1.6710605253127442,14,0,1,1,0,0
260,10,4,6,12,59,0.16000000000000003,1,4.439438731561255,12,0,0,0,0,0
260,11,1,2,6,6,-0.01999999999999999,4,1.8114235455993242,1,0,1,1,0,0
260,12,0,1,5,5,-0.1,18,0.8825367470759677,3,0,0,0,0,0
261,1,1,2,7,42,-0.04000000000000001,10,1.6708919349952835,10,0,1,1,1,0
261,2,4,6,12,47,0.16000000000000003,1,4.650239100777069,5,0,0,0,1,0
261,3,2,4,8,45,0.04000000000000001,7,2.5208583122774977,12,0,1,1,1,0
261,4,0,1,8,59,-0.16,15,1.2939739965231198,10,0,1,0,1,1
261,5,4,6,14,51,0.12,1,5.033276867852038,5,0,0,1,1,0
261,6,0,0,3,38,-0.06,41,0.2991179241970726,8,0,1,0,1,0
261,7,2,4,8,57,0.04000000000000001,4,2.6204974268526966,10,0,0,1,0,0
261,8,2,6,9,56,0.020000000000000018,3,3.561745134742766,9,0,0,0,0,0
261,9,1,2,8,57,-0.06,8,1.5591546009716186,9,0,0,1,0,1
261,10,3,6,12,59,0.06,2,4.142142800452968,16,0,0,0,0,0
261,11,1,2,6,6,-0.01999999999999999,5,1.6901179296907478,3,0,0,1,0,0
261,12,0,1,5,5,-0.1,19,0.823435901265453,1,0,0,0,0,0
262,1,0,2,7,42,-0.14,11,1.5589973006433742,12,0,0,1,1,0
262,2,3,6,11,47,0.07999999999999999,2,4.338826499559462,9,0,0,0,1,0
262,3,2,3,8,45,0.04000000000000001,8,2.3520439723447013,8,0,1,1,1,0
262,4,1,2,8,60,-0.06,1,2.207320428946805,8,0,0,0,1,0
262,5,4,6,14,51,0.12,2,4.6962133732449995,10,0,1,1,1,0
262,6,0,0,3,38,-0.06,42,0.27908689163587463,14,0,0,0,1,1
262,7,2,4,8,57,0.04000000000000001,5,2.4450105534908775,14,0,0,1,0,0
262,8,2,5,9,56,0.020000000000000018,4,3.323225718160712,17,0,1,0,0,1
262,9,2,3,9,58,0.020000000000000018,1,2.4547426816129265,8,0,0,1,0,0
262,10,3,6,12,59,0.06,3,3.8647558884792814,17,0,1,0,0,0
262,11,1,2,6,6,-0.01999999999999999,6,1.576935787989354,0,0,0,1,0,0
262,12,0,1,5,5,-0.1,20,0.7682928622965127,1,0,0,0,0,0
263,1,0,2,7,42,-0.14,12,1.4545959152170949,7,0,0,1,1,0
263,2,3,6,11,47,0.07999999999999999,3,4.04826826864314,9,0,0,0,1,0
263,3,1,3,8,45,-0.06,9,2.1945346237428924,9,0,0,1,1,0
263,4,1,2,8,60,-0.06,2,2.0595027831005464,18,0,0,0,1,1
263,5,3,6,14,51,0.019999999999999962,3,4.3817220125339436,8,0,1,1,1,0
263,6,1,1,4,39,0.020000000000000004,1,1.260397277401729,5,0,0,0,1,0
263,7,2,4,7,57,0.06,6,2.281275511062659,12,0,1,1,0,0
263,8,3,6,10,57,0.09999999999999998,1,4.100679233367544,5,0,0,0,0,0
263,9,2,3,8,58,0.04000000000000001,2,2.2903559076783937,13,0,1,1,0,0
263,10,3,5,12,59,0.06,4,3.605944748187316,9,0,0,0,0,1
263,11,1,2,6,6,-0.01999999999999999,7,1.4713331157291596,0,0,0,1,0,0
263,12,0,0,5,5,-0.1,21,0.7168425876848917,1,0,0,0,0,0
264,1,0,2,7,42,-0.14,13,1.3571859782522262,7,0,0,1,1,0
264,2,3,6,11,47,0.07999999999999999,4,3.7771678532356407,8,0,0,0,1,0
264,3,1,3,8,45,-0.06,10,2.047573205021933,11,0,1,1,1,0
264,4,2,3,9,61,0.020000000000000018,1,2.9215840427946835,8,0,0,0,1,0
264,5,3,6,14,51,0.019999999999999962,4,4.088291197437226,18,0,1,1,1,0
264,6,1,1,4,39,0.020000000000000004,2,1.1759922422589824,13,0,0,0,1,0
264,7,2,3,7,57,0.06,7,2.1285053146064516,12,0,0,1,0,0
264,8,3,5,10,57,0.09999999999999998,2,3.8260690124417818,14,0,0,0,0,0
264,9,1,3,7,58,-0.04000000000000001,3,2.1369776242251715,18,0,1,1,0,0
264,10,3,6,12,60,0.06,1,4.3644654157176515,8,0,0,0,0,1
264,11,1,2,6,6,-0.01999999999999999,8,1.3728023385159493,1,0,1,1,0,0
264,12,0,0,5,5,-0.1,22,0.6688377840486207,3,0,0,0,0,1
265,1,0,1,7,42,-0.14,14,1.266299293360483,2,0,0,1,1,0
265,2,3,6,11,47,0.07999999999999999,5,3.5242222216411108,4,0,0,0,1,0
265,3,0,3,7,45,-0.14,11,1.910453352872223,5,0,0,1,1,0
265,4,2,3,9,61,0.020000000000000018,2,2.7259342994749236,9,0,0,0,1,0
265,5,3,6,14,51,0.019999999999999962,5,3.814510566218451,13,0,0,1,1,0
265,6,1,1,4,39,0.020000000000000004,3,1.0972395598189764,4,0,0,0,1,0
265,7,1,3,7,57,-0.04000000000000001,8,1.985965681189251,7,0,0,1,0,1
265,8,3,5,10,57,0.09999999999999998,3,3.569848616504834,6,0,0,0,0,0
265,9,1,2,7,58,-0.04000000000000001,4,1.9938706255780312,10,0,1,1,0,1
265,10,4,7,12,61,0.16000000000000003,1,5.072190223285976,3,0,0,0,0,0
265,11,1,2,6,6,-0.01999999999999999,9,1.2808698726942611,1,0,1,1,0,0
265,12,1,1,6,6,-0.01999999999999999,1,1.6240477185037339,3,0,0,0,0,0
266,1,0,1,7,42,-0.14,15,1.1814990178650768,13,0,0,1,1,0
266,2,2,5,11,47,-0.01999999999999999,6,3.288215602298299,10,0,0,0,1,0
266,3,0,3,7,45,-0.14,12,1.7825160070218942,9,0,0,1,1,0
266,4,2,3,8,61,0.04000000000000001,3,2.5433866341718794,13,0,0,0,1,0
266,5,2,5,14,51,-0.08000000000000002,6,3.5590642048475627,9,0,0,1,1,0
266,6,1,1,4,39,0.020000000000000004,4,1.0237607089304293,7,0,1,0,1,0
266,7,2,4,7,58,0.06,1,2.8529715006094403,10,0,0,1,0,1
266,8,3,5,10,57,0.09999999999999998,4,3.3307865339910387,18,0,1,0,0,0
266,9,2,3,8,59,0.04000000000000001,1,2.860347074520436,10,0,0,1,0,0
266,10,4,7,12,61,0.16000000000000003,2,4.732520817676262,17,0,1,0,0,0
266,11,1,2,6,6,-0.01999999999999999,10,1.1950938490892962,1,0,0,1,0,0
266,12,1,1,6,6,-0.01999999999999999,2,1.5152901011940656,0,0,0,0,0,1
267,1,0,1,6,42,-0.12,16,1.1023775631364525,6,0,0,1,1,0
267,2,2,5,11,47,-0.01999999999999999,7,3.0680136402303866,5,0,0,0,1,0
267,3,0,3,7,45,-0.14,13,1.6631462424938828,7,0,0,1,1,1
267,4,2,2,8,61,0.04000000000000001,4,2.3730636399161202,6,0,0,0,1,0
267,5,2,4,13,51,-0.06,7,3.32072432212049,6,0,0,1,1,0
267,6,1,1,4,39,0.020000000000000004,5,0.9552025168712012,2,0,1,0,1,0
267,7,3,5,8,59,0.13999999999999999,1,3.6619165339828808,1,0,0,1,0,0
267,8,3,5,10,57,0.09999999999999998,5,3.107733723980173,11,0,1,0,0,0
267,9,2,3,8,59,0.04000000000000001,2,2.668798187773358,10,0,0,1,0,1
267,10,3,7,12,61,0.06,3,4.415598056026701,10,0,0,0,0,0
267,11,0,2,6,6,-0.12,11,1.1150619891830238,1,0,1,1,0,0
267,12,2,2,7,7,0.06,1,2.4138156561632105,1,0,0,0,0,0
268,1,0,1,6,42,-0.12,17,1.02855463553626,11,0,0,1,1,0
268,2,2,5,11,47,-0.01999999999999999,8,2.862557944819888,11,0,1,0,1,0
268,3,1,3,8,46,-0.06,1,2.551770313997268,3,0,0,1,1,0
268,4,2,2,8,61,0.04000000000000001,5,2.214146667058163,14,0,1,0,1,1
268,5,2,4,13,51,-0.06,8,3.098345348337118,10,0,0,1,1,0
268,6,1,1,3,39,0.04000000000000001,6,0.8912354618398246,8,0,0,0,1,0
268,7,2,5,8,59,0.04000000000000001,2,3.4166889384601444,17,0,0,1,0,0
268,8,2,5,10,57,0.0,6,2.8996180933850435,14,0,1,0,0,0
268,9,3,4,8,60,0.13999999999999999,1,3.4900767569461864,3,0,0,1,0,1
268,10,3,6,12,61,0.06,4,4.119898663638704,15,0,1,0,0,0
268,11,0,2,6,6,-0.12,12,1.0403896235164198,0,0,0,1,0,0
268,12,2,2,7,7,0.06,2,2.252169642688342,0,0,0,0,0,0
269,1,0,1,6,42,-0.12,18,0.9596754085534474,12,0,0,1,1,0
269,2,1,5,11,47,-0.12,9,2.6708610027027553,9,0,0,0,1,0
269,3,1,3,8,46,-0.06,2,2.3808858897836895,9,0,1,1,1,0
269,4,3,3,9,62,0.12,1,3.0658718884665292,9,0,0,0,1,0
269,5,2,4,13,51,-0.06,9,2.8908584291731327,10,0,1,1,1,0
269,6,1,1,3,39,0.04000000000000001,7,0.8315520891240997,14,0,0,0,1,0
269,7,2,4,8,59,0.04000000000000001,3,3.1878835014021876,15,0,0,1,0,0
269,8,1,4,9,57,-0.07999999999999999,7,2.705439343985301,17,0,1,0,0,1
269,9,4,5,8,61,0.24000000000000002,1,4.2563567572265795,9,0,0,1,0,0
269,10,3,6,12,61,0.06,5,3.844001374963315,18,0,1,0,0,0
269,11,0,2,6,6,-0.12,13,0.970717842793378,0,0,0,1,0,0
269,12,2,2,7,7,0.06,3,2.101348579165886,1,0,0,0,0,1
270,1,0,1,6,42,-0.12,19,0.8954088173469308,4,0,0,1,1,0
270,2,1,4,10,47,-0.1,10,2.492001431330749,4,0,0,0,1,0
270,3,1,3,8,46,-0.06,3,2.2214450842526494,6,0,0,1,1,1
270,4,3,3,9,62,0.12,2,2.860559619764527,10,0,0,0,1,0
270,5,1,4,13,51,-0.16,10,2.697266288280804,6,0,0,1,1,0
270,6,1,1,2,39,0.060000000000000005,8,0.7758655333341407,5,0,0,0,1,0
270,7,2,4,8,59,0.04000000000000001,4,2.9744004799841153,11,0,1,1,0,0
270,8,2,5,10,58,0.0,1,3.524264164539983,2,0,0,0,0,0
270,9,4,5,8,61,0.24000000000000002,2,3.9713212782430203,8,0,1,1,0,1
270,10,2,6,12,61,-0.03999999999999998,6,3.586580102353623,8,0,0,0,0,0
270,11,0,1,6,6,-0.12,14,0.9057117727996619,0,0,1,1,0,0
270,12,3,3,8,8,0.13999999999999999,1,2.9606275510807665,2,0,0,0,0,0
271,1,0,1,6,42,-0.12,20,0.8354459674976416,11,0,0,1,1,0
271,2,0,4,10,47,-0.2,11,2.3251195503885347,11,0,1,0,1,0
271,3,2,4,9,47,0.020000000000000018,1,3.0726815524949846,4,0,0,1,1,1
271,4,3,3,9,62,0.12,3,2.668996499498289,15,0,1,0,1,0
271,5,0,4,13,51,-0.26,11,2.5166384339260195,10,0,0,1,1,1
271,6,1,1,1,39,0.08,9,0.7239081395970538,8,0,0,0,1,0
271,7,2,4,8,59,0.04000000000000001,5,2.7752137778680948,17,0,0,1,0,0
271,8,2,4,10,58,0.0,2,3.288254736406708,14,0,1,0,0,0
271,9,5,6,9,62,0.32,1,4.705373772592863,4,0,0,1,0,0
271,10,2,5,11,61,-0.01999999999999999,7,3.34639756228539,15,0,1,0,0,0
271,11,0,1,6,6,-0.12,15,0.8450589648453738,0,0,0,1,0,0
271,12,3,3,8,8,0.13999999999999999,2,2.7623631808111795,0,0,0,0,0,0
272,1,0,0,6,42,-0.12,21,0.7794986503216869,8,0,0,1,1,0
272,2,0,3,9,47,-0.18,12,2.169413249779731,11,0,1,0,1,1
272,3,3,5,10,48,0.09999999999999998,1,3.866913260964357,7,0,0,1,1,0
272,4,2,3,9,62,0.020000000000000018,4,2.4902617883281555,12,0,1,0,1,0
272,5,1,5,14,52,-0.18000000000000002,1,3.3481066866225,7,0,0,1,1,0
272,6,1,1,1,39,0.08,10,0.6754301770860839,6,0,1,0,1,0
272,7,2,4,8,59,0.04000000000000001,6,2.5893660133184335,12,0,0,1,0,0
272,8,2,4,10,58,0.0,3,3.0680501536446267,11,0,0,0,0,0
272,9,4,6,9,62,0.22000000000000003,2,4.390268967341153,8,0,0,1,0,0
272,10,2,5,11,61,-0.01999999999999999,8,3.1222993284106173,17,0,0,0,0,0
272,11,0,1,5,6,-0.1,16,0.7884678939946769,0,0,0,1,0,0
272,12,3,3,8,8,0.13999999999999999,3,2.5773759823033857,1,0,0,0,0,1
273,1,0,0,6,42,-0.12,22,0.7272979576085472,6,0,1,1,1,1
273,2,1,4,10,48,-0.1,1,3.02413413432157,1,0,0,0,1,0
273,3,3,4,10,48,0.09999999999999998,2,3.607957647890925,6,0,1,1,1,0
273,4,2,3,9,62,0.020000000000000018,5,2.3234964060736187,5,0,0,0,1,0
273,5,1,4,13,52,-0.16,2,3.1238939978037794,6,0,0,1,1,0
273,6,0,1,1,39,-0.02,11,0.6301986387008645,5,0,0,0,1,0
273,7,2,4,8,59,0.04000000000000001,7,2.4159639175902345,6,0,0,1,0,0
273,8,1,4,9,58,-0.07999999999999999,4,2.8625920130400075,6,0,0,0,0,1
273,9,4,6,9,62,0.22000000000000003,3,4.096265788249526,5,0,0,1,0,0
273,10,2,5,11,61,-0.01999999999999999,9,2.9132082828603227,7,0,0,0,0,0
273,11,0,1,5,6,-0.1,17,0.7356665578645797,3,0,1,1,0,0
273,12,4,4,9,9,0.22000000000000003,1,3.4047768230836457,1,0,0,0,0,0
274,1,1,1,7,43,-0.04000000000000001,1,1.678592989126113,5,0,0,1,1,1
274,2,1,4,10,48,-0.1,2,2.821616918154628,10,0,1,0,1,0
274,3,3,4,10,48,0.09999999999999998,3,3.3663435175497733,10,0,0,1,1,0
274,4,1,3,9,62,-0.07999999999999999,6,2.1678988025838892,14,0,0,0,1,0
274,5,1,4,13,52,-0.16,3,2.9146961620147374,9,0,0,1,1,0
274,6,0,1,1,39,-0.02,12,0.5879961211294912,8,0,0,0,1,0
274,7,2,4,8,59,0.04000000000000001,8,2.2541740414742013,16,0,1,1,0,0
274,8,2,5,9,59,0.020000000000000018,1,3.6708927894760897,5,0,0,0,0,1
274,9,4,5,9,62,0.22000000000000003,4,3.8219511225403338,15,0,1,1,0,0
274,10,1,4,11,61,-0.12,10,2.7181194391269727,7,0,0,0,0,0
274,11,0,1,5,6,-0.1,18,0.6864011692579746,1,0,0,1,0,0
274,12,4,4,8,9,0.24000000000000002,2,3.176769104756921,2,0,0,0,0,0
275,1,2,2,8,44,0.04000000000000001,1,2.566182638217049,6,0,0,1,1,0
275,2,1,4,10,48,-0.1,3,2.6326616741166795,10,0,1,0,1,0
275,3,3,3,10,48,0.09999999999999998,4,3.140909562720004,10,0,0,1,1,1
275,4,1,3,9,62,-0.07999999999999999,7,2.022721105123909,14,0,0,0,1,0
275,5,1,4,12,52,-0.13999999999999999,4,2.7195076794654613,9,0,0,1,1,0
275,6,0,1,1,39,-0.02,13,0.5486197799094882,8,0,0,0,1,0
275,7,2,3,8,59,0.04000000000000001,9,2.1032187493612895,16,0,1,1,0,1
275,8,3,6,10,60,0.09999999999999998,1,4.425064080975772,6,0,0,0,0,0
275,9,4,5,9,62,0.22000000000000003,5,3.566006489371267,15,0,1,1,0,0
275,10,0,4,11,61,-0.22,11,2.5360951116429886,7,0,0,0,0,0
275,11,0,1,5,6,-0.1,19,0.6404349363471304,1,0,0,1,0,0
275,12,3,4,7,9,0.15999999999999998,3,2.9640303812330555,2,0,0,0,0,0
276,1,2,2,8,44,0.04000000000000001,2,2.39433306376547,10,0,0,1,1,0
276,2,1,3,10,48,-0.1,4,2.456360197505385,11,0,1,0,1,0
276,3,4,4,11,49,0.18000000000000002,1,3.930572245451211,8,0,0,1,1,1
276,4,1,3,8,62,-0.06,8,1.8872655237583977,11,0,1,0,1,0
276,5,1,3,11,52,-0.12,5,2.5373903856789806,12,0,0,1,1,0
276,6,0,1,1,39,-0.02,14,0.5118803544652146,5,0,1,0,1,0
276,7,2,4,9,60,0.020000000000000018,1,2.9623724815728667,8,0,0,1,0,0
276,8,3,6,10,60,0.09999999999999998,2,4.128730777214898,16,0,1,0,0,0
276,9,3,5,9,62,0.12,6,3.3272017026177414,14,0,0,1,0,1
276,10,0,4,11,61,-0.22,12,2.3662604088381314,12,0,0,0,0,0
276,11,0,1,5,6,-0.1,20,0.597546924544648,1,0,0,1,0,0
276,12,3,4,7,9,0.15999999999999998,4,2.7655381336078615,1,0,0,0,0,0
277,1,2,2,8,44,0.04000000000000001,3,2.233991741220586,11,0,0,1,1,0
277,2,1,3,10,48,-0.1,5,2.2918651033703923,11,0,1,0,1,0
277,3,5,5,12,50,0.26,1,4.66735358062489,5,0,0,1,1,1
277,4,1,3,7,62,-0.04000000000000001,9,1.7608809974565776,15,0,1,0,1,0
277,5,1,3,11,52,-0.12,6,2.3674689422467927,11,0,0,1,1,0
277,6,0,1,1,39,-0.02,15,0.4776012584356006,8,0,0,0,1,0
277,7,1,4,8,60,-0.06,2,2.7639912585282476,18,0,0,1,0,0
277,8,3,6,10,60,0.09999999999999998,3,3.852242028314904,14,0,1,0,0,1
277,9,4,6,10,63,0.2,1,4.10438895803979,5,0,0,1,0,0
277,10,0,3,11,61,-0.22,13,2.207799028013351,15,0,1,0,0,0
277,11,0,0,5,6,-0.1,21,0.5575309945915118,0,0,0,1,0,0
277,12,2,4,7,9,0.06,5,2.580338318009262,0,0,0,0,0,0
278,1,2,2,8,44,0.04000000000000001,4,2.0843879973795647,10,0,0,1,1,0
278,2,1,3,10,48,-0.1,6,2.1383857535964914,10,0,1,0,1,0
278,3,5,6,12,51,0.26,1,5.35479487389047,7,0,0,1,1,0
278,4,1,3,6,62,-0.01999999999999999,10,1.642960064797228,15,0,1,0,1,0
278,5,1,3,11,52,-0.12,7,2.2089266295550063,12,0,0,1,1,0
278,6,0,1,1,39,-0.02,16,0.4456177309199123,8,0,0,0,1,0
278,7,1,3,8,60,-0.06,3,2.578895032526196,18,0,1,1,0,1
278,8,4,6,11,61,0.18000000000000002,1,4.594268903802474,7,0,0,0,0,0
278,9,3,6,10,63,0.09999999999999998,2,3.829530307950505,13,0,1,1,0,0
278,10,0,3,11,61,-0.22,14,2.0599493318193525,10,0,0,0,0,0
278,11,0,0,5,6,-0.1,22,0.5201948117582098,0,0,0,1,0,0
278,12,2,4,7,9,0.06,6,2.4075407800292354,2,0,0,0,0,1
279,1,2,2,8,44,0.04000000000000001,5,1.9448027687184704,6,0,0,1,1,0
279,2,1,2,9,48,-0.07999999999999999,7,1.9951844567378247,6,0,0,0,1,0
279,3,5,6,12,51,0.26,2,4.996200280251987,8,0,0,1,1,0
279,4,0,3,6,62,-0.12,11,1.5329359442332646,6,0,0,0,1,0
279,5,1,3,11,52,-0.12,8,2.0610014212590246,6,0,0,1,1,1
279,6,0,1,1,39,-0.02,17,0.41577604456204986,2,0,1,0,1,1
279,7,2,4,9,61,0.020000000000000018,1,3.406194147057329,2,0,0,1,0,0
279,8,4,5,11,61,0.18000000000000002,2,4.286604459239351,12,0,1,0,0,0
279,9,2,6,10,63,0.0,3,3.5730781194079313,10,0,0,1,0,0
279,10,0,3,11,61,-0.22,15,1.922000687481658,10,0,0,0,0,0
279,11,0,0,4,6,-0.08,23,0.4853589213966889,1,0,1,1,0,0
279,12,3,5,8,10,0.13999999999999999,1,3.2463149762375365,2,0,0,0,0,0
280,1,2,2,7,44,0.06,6,1.8145651452464602,7,0,0,1,1,0
280,2,1,2,9,48,-0.07999999999999999,8,1.8615729223378326,10,0,0,0,1,1
280,3,5,6,12,51,0.26,3,4.661619693800547,10,0,0,1,1,0
280,4,0,3,6,62,-0.12,12,1.4302798098822636,15,0,1,0,1,0
280,5,2,3,12,53,-0.03999999999999998,1,2.9229823216389192,4,0,1,1,1,0
280,6,1,2,2,40,0.060000000000000005,1,1.3879327666670704,4,0,1,0,1,0
280,7,2,4,9,61,0.020000000000000018,2,3.178091514784064,7,0,1,1,0,1
280,8,3,5,11,61,0.07999999999999999,3,3.99954338213911,10,0,0,0,0,0
280,9,2,6,9,63,0.020000000000000018,4,3.333799766745892,9,0,0,1,0,0
280,10,0,2,11,61,-0.22,16,1.7932900511768117,16,0,0,0,0,0
280,11,0,0,4,6,-0.08,24,0.4528558863998308,0,0,0,1,0,0
280,12,2,5,8,10,0.04000000000000001,2,3.0289189737496485,1,0,0,0,0,0
281,1,2,2,6,44,0.08000000000000002,7,1.6930491458077261,12,0,1,1,1,0
281,2,2,2,10,49,0.0,1,2.736908952692785,6,0,0,0,1,0
281,3,4,6,12,51,0.16000000000000003,4,4.3494449683136205,14,0,1,1,1,1
281,4,0,3,6,62,-0.12,13,1.3344982497491444,9,0,0,0,1,1
281,5,2,2,12,53,-0.03999999999999998,2,2.7272389397679633,10,0,0,1,1,0
281,6,1,2,2,40,0.060000000000000005,2,1.2949870613353345,7,0,1,0,1,0
281,7,3,5,10,62,0.09999999999999998,1,3.965264233416719,6,0,0,1,0,0
281,8,3,5,11,61,0.07999999999999999,4,3.7317059266184947,14,0,1,0,0,0
281,9,1,6,9,63,-0.07999999999999999,5,3.1105451695516306,15,0,0,1,0,0
281,10,0,2,11,61,-0.22,17,1.6731987811426952,11,0,0,0,0,0
281,11,0,0,3,6,-0.06,25,0.4225294824226868,4,0,0,1,0,0
281,12,2,5,8,10,0.04000000000000001,3,2.826081331200231,3,0,0,0,0,0
282,1,2,2,6,44,0.08000000000000002,8,1.5796707093318192,9,0,0,1,1,0
282,2,2,2,10,49,0.0,2,2.5536263476948196,10,0,1,0,1,0
282,3,4,7,13,52,0.14,1,5.058175650310372,7,0,1,1,1,0
282,4,1,3,7,63,-0.04000000000000001,1,2.2451308941640775,7,0,1,0,1,0
282,5,1,2,11,53,-0.12,3,2.5446039066073736,13,0,1,1,1,1
282,6,1,2,2,40,0.060000000000000005,3,1.2082656518391661,12,0,0,0,1,0
282,7,3,5,10,62,0.09999999999999998,2,3.699722349938707,13,0,0,1,0,0
282,8,3,5,11,61,0.07999999999999999,5,3.481804744248488,16,0,0,0,0,0
282,9,1,5,9,63,-0.07999999999999999,6,2.902241264857124,14,0,0,1,0,0
282,10,0,2,10,61,-0.2,18,1.5611496642053089,13,0,0,0,0,0
282,11,0,0,3,6,-0.06,26,0.3942339469973383,0,0,0,1,0,1
282,12,2,5,8,10,0.04000000000000001,4,2.6368271187760746,1,0,0,0,0,0
283,1,2,2,6,44,0.08000000000000002,9,1.4738848875709378,5,0,0,1,1,0
283,2,1,2,10,49,-0.1,3,2.382617630456909,8,0,0,0,1,0
283,3,4,7,13,52,0.14,2,4.719444758727723,7,0,0,1,1,0
283,4,1,3,7,63,-0.04000000000000001,2,2.0947811945736166,6,0,1,0,1,1
283,5,2,3,12,54,-0.03999999999999998,1,3.374199395258125,1,0,0,1,1,0
283,6,1,1,2,40,0.060000000000000005,4,1.1273517157066677,4,0,1,0,1,0
283,7,3,5,10,62,0.09999999999999998,3,3.451963012018899,6,0,0,1,0,1
283,8,3,4,11,61,0.07999999999999999,6,3.2486386964732152,5,0,0,0,0,0
283,9,1,5,9,63,-0.07999999999999999,7,2.70788684951121,4,0,0,1,0,0
283,10,0,2,9,61,-0.18,19,1.4566041414301616,13,0,1,0,0,0
283,11,1,1,4,7,0.020000000000000004,1,1.3678332789322898,1,0,0,1,0,0
283,12,1,5,7,10,-0.04000000000000001,5,2.4602466947970214,1,0,1,0,0,0
284,1,1,2,6,44,-0.01999999999999999,10,1.3751832258312031,11,0,0,1,1,0
284,2,1,2,10,49,-0.1,4,2.2230608554335496,10,0,0,0,1,0
284,3,4,7,13,52,0.14,3,4.403397661628433,15,0,1,1,1,0
284,4,2,3,8,64,0.04000000000000001,1,2.9544999645880683,6,0,0,0,1,0
284,5,2,3,11,54,-0.01999999999999999,2,3.1482393557993746,11,0,1,1,1,0
284,6,1,1,2,40,0.060000000000000005,5,1.0518563438199446,11,0,1,0,1,0
284,7,4,6,11,63,0.18000000000000002,1,4.220795375778401,6,0,0,1,0,1
284,8,2,4,11,61,-0.01999999999999999,7,3.0310870813926383,19,0,1,0,0,1
284,9,1,5,9,63,-0.07999999999999999,8,2.526547767942625,19,0,0,1,0,0
284,10,0,1,8,61,-0.16,20,1.3590597195634866,15,0,0,0,0,0
284,11,1,1,4,7,0.020000000000000004,2,1.2762335761657946,1,0,0,1,0,0
284,12,1,5,7,10,-0.04000000000000001,6,2.295491333565008,3,0,0,0,0,0
285,1,0,2,6,44,-0.12,11,1.2830913191085245,12,0,0,1,1,0
285,2,1,2,10,49,-0.1,5,2.0741891203135387,10,0,0,0,1,0
285,3,4,7,13,52,0.14,4,4.108515293155359,15,0,0,1,1,0
285,4,2,3,8,64,0.04000000000000001,2,2.756645940454997,15,0,0,0,1,1
285,5,2,3,11,54,-0.01999999999999999,3,2.937411184215402,10,0,0,1,1,0
285,6,1,1,2,40,0.060000000000000005,6,0.9814166711412916,7,0,1,0,1,0
285,7,5,7,11,64,0.28,1,4.938141336127245,11,0,1,1,0,0
285,8,2,5,12,62,-0.03999999999999998,1,3.828104247160344,11,0,1,0,0,0
285,9,1,5,9,63,-0.07999999999999999,9,2.357352422184151,18,0,1,1,0,1
285,10,0,0,8,61,-0.16,21,1.2680475558214945,12,0,0,0,0,0
285,11,1,1,3,7,0.04000000000000001,3,1.1907680314696893,1,0,0,1,0,0
285,12,1,4,7,10,-0.04000000000000001,7,2.1417691460029746,4,0,0,0,0,0
286,1,0,2,6,44,-0.12,12,1.197166531882735,12,0,0,1,1,0
286,2,1,2,9,49,-0.07999999999999999,6,1.93528687993924,9,0,0,0,1,0
286,3,3,7,12,52,0.06,5,3.833380314747468,12,0,1,1,1,1
286,4,3,4,9,65,0.12,1,3.5720416084305215,10,0,0,0,1,0
286,5,2,3,11,54,-0.01999999999999999,4,2.7407015445821727,10,0,1,1,1,0
286,6,1,1,2,40,0.060000000000000005,7,0.9156941326190544,14,0,0,0,1,0
286,7,4,6,11,64,0.18000000000000002,2,4.607448783478371,16,0,0,1,0,0
286,8,2,5,12,62,-0.03999999999999998,2,3.5717475576427735,17,0,1,0,0,0
286,9,2,5,10,64,0.0,1,3.1994875825770173,10,0,0,1,0,0
286,10,0,0,8,61,-0.16,22,1.183130204419066,18,0,1,0,0,0
286,11,1,1,3,7,0.04000000000000001,4,1.1110258586285595,0,0,0,1,0,0
286,12,1,4,7,10,-0.04000000000000001,8,1.9983412734763886,1,0,0,0,0,1
287,1,0,2,5,44,-0.1,13,1.116995870610293,4,0,0,1,1,0
287,2,1,2,8,49,-0.06,7,1.8056865070716432,7,0,1,0,1,0
287,3,3,8,13,53,0.03999999999999998,1,4.5766703027671385,1,0,0,1,1,0
287,4,3,4,9,65,0.12,2,3.3328326678078786,8,0,1,0,1,0
287,5,2,3,11,54,-0.01999999999999999,5,2.557164961051053,8,0,0,1,1,0
287,6,1,1,2,40,0.060000000000000005,8,0.8543728358902584,3,0,0,0,1,0
287,7,4,5,11,64,0.18000000000000002,3,4.298901721801449,10,0,0,1,0,0
287,8,2,5,12,62,-0.03999999999999998,3,3.3325583087217225,9,0,0,0,0,0
287,9,1,5,10,64,-0.1,2,2.9852274705567026,5,0,0,1,0,1
287,10,0,0,8,61,-0.16,23,1.1038995140066756,8,0,0,0,0,0
287,11,1,1,3,7,0.04000000000000001,5,1.036623780550955,0,0,1,1,0,0
287,12,2,4,8,11,0.04000000000000001,1,2.8645183365031484,1,0,0,0,0,1
288,1,0,2,5,44,-0.1,14,1.0421939986897824,7,0,0,1,1,0
288,2,1,2,8,49,-0.06,8,1.6847650834707038,6,0,0,0,1,0
288,3,2,7,13,53,-0.06,2,4.270184383868489,6,0,0,1,1,0
288,4,3,4,8,65,0.13999999999999999,3,3.1096428343363836,11,0,0,0,1,0
288,5,2,3,10,54,0.0,6,2.3859192734625676,5,0,0,1,1,0
288,6,1,1,2,40,0.060000000000000005,9,0.7971580429584736,5,0,0,0,1,0
288,7,4,5,11,64,0.18000000000000002,4,4.0110171338151375,12,0,0,1,0,0
288,8,1,5,12,62,-0.13999999999999999,4,3.109386848257472,10,0,1,0,0,0
288,9,2,5,11,65,-0.01999999999999999,1,3.7853157172713767,1,0,0,1,0,0
288,10,0,0,8,61,-0.16,24,1.0299746659096765,13,0,1,0,0,0
288,11,1,1,3,7,0.04000000000000001,6,0.9672041870656526,0,0,1,1,0,1
288,12,3,5,9,12,0.12,1,3.6726901128195717,1,0,0,0,0,1
289,1,0,2,5,44,-0.1,15,0.9724013843592352,1,0,0,1,1,0
289,2,1,2,8,49,-0.06,9,1.5719414058674297,4,0,0,0,1,0
289,3,2,7,12,53,-0.03999999999999998,3,3.9842229100945756,1,0,0,1,1,0
289,4,3,3,8,65,0.13999999999999999,4,2.901399356331873,1,0,0,0,1,0
289,5,2,3,9,54,0.020000000000000018,7,2.2261413972841053,2,0,0,1,1,0
289,6,1,1,2,40,0.060000000000000005,10,0.7437747535491714,0,0,0,0,1,0
289,7,3,5,11,64,0.07999999999999999,5,3.7424113154689285,3,0,0,1,0,0
289,8,1,5,12,62,-0.13999999999999999,5,2.901160512874874,2,0,0,0,0,0
289,9,2,4,11,65,-0.01999999999999999,2,3.5318244475970086,1,0,0,1,0,1
289,10,0,0,8,61,-0.16,25,0.9610003437408292,4,0,1,0,0,0
289,11,2,2,4,8,0.12000000000000001,1,1.9024334160847918,1,0,1,1,0,1
289,12,3,6,10,13,0.09999999999999998,1,4.4267410429517,1,0,1,0,0,0
290,1,0,2,5,44,-0.1,16,0.9072825726232301,8,0,0,1,1,0
290,2,1,2,8,49,-0.06,10,1.4666731924370626,8,0,0,0,1,0
290,3,2,7,12,53,-0.03999999999999998,4,3.717411420755026,5,0,0,1,1,0
290,4,3,3,7,65,0.15999999999999998,5,2.707101321081295,10,0,0,0,1,0
290,5,1,3,9,54,-0.07999999999999999,8,2.0770633674919172,5,0,0,1,1,0
290,6,0,1,2,40,-0.04,11,0.6939663833335351,5,0,0,0,1,1
290,7,3,5,11,64,0.07999999999999999,6,3.491793225233173,11,0,0,1,0,0
290,8,1,4,12,62,-0.13999999999999999,6,2.7068784722561023,8,0,1,0,0,0
290,9,3,5,12,66,0.06,1,4.295308729924269,1,0,0,1,0,0
290,10,0,0,8,61,-0.16,26,0.8966450255884061,11,0,1,0,0,0
290,11,3,3,5,9,0.19999999999999998,1,2.775033141409181,1,0,0,1,0,1
290,12,3,5,9,13,0.12,2,4.130295438063992,2,0,1,0,0,0
291,1,0,2,4,44,-0.08,17,0.8465245729038631,4,0,0,1,1,0
291,2,0,2,8,49,-0.16,11,1.3684544763463922,8,0,0,0,1,0
291,3,2,6,12,53,-0.03999999999999998,5,3.4684674986801554,3,0,0,1,1,0
291,4,3,3,7,65,0.15999999999999998,6,2.525814844001724,9,0,0,0,1,0
291,5,1,3,9,54,-0.07999999999999999,9,1.9379686473824986,5,0,1,1,1,0
291,6,1,2,3,41,0.04000000000000001,1,1.647493530667667,1,0,0,0,1,0
291,7,2,5,11,64,-0.01999999999999999,7,3.2579582787672643,3,0,1,1,0,1
291,8,1,4,12,62,-0.13999999999999999,7,2.525606918695694,5,0,0,0,0,0
291,9,3,4,11,66,0.07999999999999999,2,4.007664753855406,6,0,0,1,0,0
291,10,0,0,8,61,-0.16,27,0.8365993905713478,5,0,1,0,0,0
291,11,4,4,6,10,0.28,1,3.5891974735427925,1,0,0,1,0,0
291,12,3,5,9,13,0.12,3,3.8537019085076745,1,0,1,0,0,1
292,1,0,2,4,44,-0.08,18,0.7898353546659096,6,0,0,1,1,0
292,2,0,2,8,49,-0.16,12,1.2768131738474096,7,0,0,0,1,0
292,3,1,5,11,53,-0.12,6,3.236194606341733,9,0,0,1,1,0
292,4,2,3,7,65,0.06,7,2.3566685799670033,7,0,0,0,1,0
292,5,1,2,9,54,-0.07999999999999999,10,1.808188684571833,6,0,0,1,1,0
292,6,1,2,3,41,0.04000000000000001,2,1.5371658174563902,2,0,1,0,1,0
292,7,3,6,12,65,0.06,1,4.0397825591403285,3,0,0,1,0,0
292,8,1,4,11,62,-0.12,8,2.3564745787967016,13,0,1,0,0,0
292,9,3,4,11,66,0.07999999999999999,3,3.739283434366332,11,0,0,1,0,0
292,10,0,0,8,61,-0.16,28,0.7805748321026545,10,0,0,0,0,0
292,11,4,4,6,10,0.28,2,3.3488396559559828,2,0,1,1,0,1
292,12,4,6,10,14,0.2,1,4.595631020186019,3,0,0,0,0,1
293,1,0,2,4,44,-0.08,19,0.7369424437854689,1,0,0,1,1,0
293,2,0,1,8,49,-0.16,13,1.1913088152284543,4,0,0,0,1,0
293,3,1,5,11,53,-0.12,7,3.019476334750308,1,0,0,1,1,0
293,4,2,3,7,65,0.06,8,2.198849535227413,1,0,0,0,1,0
293,5,0,2,9,54,-0.18,11,1.687099697629062,2,0,0,1,1,0
293,6,1,2,3,41,0.04000000000000001,3,1.4342264211494578,1,0,0,0,1,0
293,7,3,6,12,65,0.06,2,3.76925040631292,4,0,0,1,0,1
293,8,1,4,11,62,-0.12,9,2.198668525735125,2,0,0,0,0,0
293,9,3,4,11,66,0.07999999999999999,4,3.4888748089708463,2,0,0,1,0,0
293,10,0,0,7,61,-0.14,29,0.7283020707150809,4,0,1,0,0,1
293,11,4,5,7,11,0.26,1,4.124577882373703,2,0,1,1,0,0
293,12,5,6,10,15,0.3,1,5.287875358763512,2,0,1,0,0,0
294,1,0,1,4,44,-0.08,20,0.6875916129156016,8,0,0,1,1,0
294,2,0,1,8,49,-0.16,14,1.1115304277167746,10,0,0,0,1,0
294,3,1,5,11,53,-0.12,8,2.8172710374866745,13,0,0,1,1,1
294,4,1,3,7,65,-0.04000000000000001,9,2.051599159792552,14,0,0,0,1,0
294,5,0,2,9,54,-0.18,12,1.5741196778996869,17,0,0,1,1,0
294,6,1,2,3,41,0.04000000000000001,4,1.3381805682662076,6,0,1,0,1,1
294,7,3,7,12,66,0.06,1,4.516834982453471,8,0,0,1,0,0
294,8,1,3,10,62,-0.1,10,2.0514302719644655,16,0,1,0,0,0
294,9,3,4,11,66,0.07999999999999999,5,3.2552353001114764,20,0,1,1,0,0
294,10,1,1,8,62,-0.06,1,1.6795298597817434,8,0,0,0,0,0
294,11,4,5,7,11,0.26,2,3.8483672404176867,2,0,1,1,0,0
294,12,5,6,10,15,0.3,2,4.933762164860888,6,0,0,0,0,0
295,1,0,0,3,44,-0.06,21,0.6415456595542622,7,0,0,1,1,0
295,2,0,1,8,49,-0.16,15,1.0370945601567692,11,0,1,0,1,0
295,3,2,6,12,54,-0.03999999999999998,1,3.628606824076197,4,0,0,1,1,1
295,4,1,3,7,65,-0.04000000000000001,10,1.9142097014956454,16,0,1,0,1,0
295,5,0,2,9,54,-0.18,13,1.4687055921077006,11,0,1,1,1,0
295,6,2,3,4,42,0.12000000000000001,1,2.2485666188258446,4,0,0,0,1,0
295,7,2,7,12,66,-0.03999999999999998,2,4.214356055956665,10,0,1,1,0,0
295,8,0,2,10,62,-0.2,11,1.9140521235801717,12,0,0,0,0,0
295,9,3,4,10,66,0.09999999999999998,6,3.0372419302192277,10,0,0,1,0,0
295,10,1,1,8,62,-0.06,2,1.5670567694475548,9,0,0,0,0,0
295,11,4,5,7,11,0.26,3,3.5906535988591624,1,0,0,1,0,1
295,12,5,6,10,15,0.3,3,4.60336287221127,1,0,0,0,0,0
296,1,0,0,3,44,-0.06,22,0.5985832659413675,5,0,0,1,1,0
296,2,0,1,7,49,-0.14,16,0.9676434399696198,9,0,1,0,1,0
296,3,3,6,13,55,0.03999999999999998,1,4.385609880178688,1,0,0,1,1,0
296,4,0,3,7,65,-0.14,11,1.7860208042152612,7,0,1,0,1,0
296,5,0,2,8,54,-0.16,14,1.370350772291086,8,0,0,1,1,0
296,6,2,3,4,42,0.12000000000000001,2,2.097986839032882,5,0,0,0,1,0
296,7,2,6,12,66,-0.03999999999999998,3,3.9321332382905076,9,0,0,1,0,0
296,8,0,2,10,62,-0.2,12,1.7858737788213865,7,0,0,0,0,1
296,9,2,4,10,66,0.0,7,2.833846924173473,6,0,0,1,0,0
296,10,1,1,8,62,-0.06,3,1.462115665505657,6,0,1,0,0,0
296,11,5,6,8,12,0.33999999999999997,1,4.3501982689159675,1,0,0,1,0,0
296,12,5,6,10,15,0.3,4,4.295089431788751,3,0,1,0,0,1
297,1,0,0,3,44,-0.06,23,0.5584979353051465,6,0,0,1,1,0
297,2,0,1,7,49,-0.14,17,0.9028432535358214,5,0,0,0,1,0
297,3,2,5,13,55,-0.06,2,4.091918706216501,8,0,0,1,1,0
297,4,0,3,6,65,-0.12,12,1.6664163339039397,10,0,0,0,1,0
297,5,0,2,7,54,-0.14,15,1.2785824805255264,6,0,0,1,1,1
297,6,2,3,4,42,0.12000000000000001,3,1.9574909366277002,5,0,0,0,1,0
297,7,2,6,12,66,-0.03999999999999998,4,3.6688100384435063,14,0,1,1,0,0
297,8,1,3,11,63,-0.12,1,2.6662791543608613,3,0,0,0,0,1
297,9,2,3,10,66,0.0,8,2.644072673218956,9,0,1,1,0,0
297,10,1,1,8,62,-0.06,4,1.3642021533595732,8,0,0,0,0,0
297,11,5,6,8,12,0.33999999999999997,2,4.058878504624906,2,0,1,1,0,0
297,12,5,7,11,16,0.28,1,5.007460141459985,3,0,0,0,0,0
298,1,0,0,3,44,-0.06,24,0.5210969993448912,10,0,0,1,1,0
298,2,0,1,7,49,-0.14,18,0.8423825417353518,9,0,0,0,1,0
298,3,2,4,12,55,-0.03999999999999998,3,3.8178951515866046,14,0,0,1,1,0
298,4,0,3,6,65,-0.12,13,1.5548214171681922,15,0,1,0,1,0
298,5,1,3,8,55,-0.06,1,2.192959636731284,6,0,0,1,1,0
298,6,2,3,4,42,0.12000000000000001,4,1.8264036245079303,9,0,1,0,1,1
298,7,2,6,12,66,-0.03999999999999998,5,3.423120805549214,16,0,1,1,0,0
298,8,2,3,12,64,-0.03999999999999998,1,3.4877264156655436,6,0,0,0,0,0
298,9,1,3,10,66,-0.1,9,2.467007036134206,12,0,1,1,0,0
298,10,1,1,7,62,-0.04000000000000001,5,1.272845616210037,17,0,0,0,0,0
298,11,5,6,8,12,0.33999999999999997,3,3.78706755345462,1,0,0,1,0,1
298,12,4,7,11,16,0.18000000000000002,2,4.672125515787735,4,0,0,0,0,0
299,1,0,0,3,44,-0.06,25,0.4862006921796176,4,0,0,1,1,0
299,2,0,1,7,49,-0.14,19,0.7859707029337147,8,0,0,0,1,0
299,3,2,4,12,55,-0.03999999999999998,4,3.5622221346587226,5,0,0,1,1,0
299,4,0,3,6,65,-0.12,14,1.4506996781659367,9,0,0,0,1,1
299,5,1,3,8,55,-0.06,2,2.0461036901788603,5,0,1,1,1,0
299,6,3,4,5,43,0.19999999999999998,1,2.7040948375283023,2,0,0,0,1,0
299,7,2,5,11,66,-0.01999999999999999,6,3.193884645593469,3,0,1,1,0,0
299,8,2,3,11,64,-0.01999999999999999,2,3.254163811270369,5,0,0,0,0,0
299,9,1,3,10,66,-0.1,10,2.301798955066651,6,0,0,1,0,0
299,10,1,1,7,62,-0.04000000000000001,6,1.187606953056962,5,0,1,0,0,0
299,11,5,7,9,13,0.32,1,4.533458968551742,2,0,0,1,0,1
299,12,3,6,11,16,0.07999999999999999,3,4.359247246830879,2,0,1,0,0,0
300,1,0,0,3,44,-0.06,26,0.45364128631161504,6,0,0,1,1,0
300,2,0,1,6,49,-0.12,20,0.7333365962185312,7,0,0,0,1,0
300,3,2,4,12,55,-0.03999999999999998,5,3.3236707748192598,8,0,1,1,1,0
300,4,1,4,7,66,-0.04000000000000001,1,2.3535506605406473,1,0,0,0,1,0
300,5,1,2,8,55,-0.06,3,1.909082247042083,7,0,1,1,1,1
300,6,3,3,5,43,0.19999999999999998,2,2.5230096956582693,11,0,0,0,1,0
300,7,2,5,11,66,-0.01999999999999999,7,2.9799997455015506,7,0,0,1,0,0
300,8,2,3,11,64,-0.01999999999999999,3,3.036242195780411,9,0,0,0,0,0
300,9,0,3,10,66,-0.2,11,2.1476543649621345,11,0,0,1,0,0
300,10,1,1,7,62,-0.04000000000000001,7,1.10807646818065,9,0,1,0,0,1
300,11,5,8,9,14,0.32,1,5.229866783437202,1,0,0,1,0,0
300,12,3,6,11,16,0.07999999999999999,4,4.067321499559207,3,0,1,0,0,0
301,1,0,0,3,44,-0.06,27,0.42326228645193154,6,0,0,1,1,0
301,2,0,0,6,49,-0.12,21,0.684227238173196,9,0,0,0,1,0
301,3,2,4,12,55,-0.03999999999999998,6,3.1010944859130727,12,0,0,1,1,0
301,4,1,4,7,66,-0.04000000000000001,2,2.1959404135376692,14,0,1,0,1,1
301,5,2,3,9,56,0.020000000000000018,1,2.781236720047485,13,0,0,1,1,1
301,6,2,3,5,43,0.1,3,2.354051284016405,8,0,1,0,1,0
301,7,2,4,11,66,-0.01999999999999999,8,2.7804380773242365,13,0,0,1,0,0
301,8,2,3,10,64,0.0,4,2.832914138959282,11,0,0,0,0,0
301,9,0,3,10,66,-0.2,12,2.003832376927703,14,0,1,1,0,0
301,10,2,2,7,63,0.06,1,2.0338719019581317,13,0,0,0,0,0
301,11,4,8,9,14,0.22000000000000003,2,4.879638250289393,2,0,1,1,0,0
301,12,3,6,11,16,0.07999999999999999,5,3.7949451462757007,4,0,0,0,0,0
302,1,0,0,2,44,-0.04,28,0.3949176773329548,9,0,0,1,1,0
302,2,0,0,5,49,-0.1,22,0.6384065869237047,9,0,0,0,1,0
302,3,2,3,12,55,-0.03999999999999998,7,2.893423465229772,14,0,1,1,1,0
302,4,2,4,8,67,0.04000000000000001,1,3.0488848532796253,7,0,1,0,1,0
302,5,3,4,10,57,0.09999999999999998,1,3.5949856170779233,7,0,1,1,1,0
302,6,2,3,5,43,0.1,4,2.196407511756889,13,0,1,0,1,0
302,7,1,4,11,66,-0.12,9,2.5942404570686817,11,0,0,1,0,1
302,8,2,3,10,64,0.0,5,2.6432023538400977,15,0,0,0,0,0
302,9,0,3,10,66,-0.2,13,1.869641717183166,14,0,0,1,0,0
302,10,2,2,7,63,0.06,2,1.8976695850866518,21,0,0,0,0,0
302,11,4,8,9,14,0.22000000000000003,3,4.552863474284945,2,0,0,1,0,0
302,12,2,6,11,16,-0.01999999999999999,6,3.540809022547704,2,0,0,0,0,1
303,1,0,0,2,44,-0.04,29,0.36847122189273446,6,0,0,1,1,1
303,2,0,0,5,49,-0.1,23,0.595654407614227,7,0,0,0,1,0
303,3,2,3,11,55,-0.01999999999999999,8,2.6996595515461297,9,0,0,1,1,0
303,4,2,4,8,67,0.04000000000000001,2,2.844710155506749,7,0,0,0,1,1
303,5,3,3,9,57,0.12,2,3.35424018483401,6,0,0,1,1,0
303,6,2,3,5,43,0.1,5,2.0493206713284455,2,0,1,0,1,0
303,7,2,5,12,67,-0.03999999999999998,1,3.4205119344246064,4,0,0,1,0,0
303,8,2,3,10,64,0.0,6,2.466194999440557,14,0,1,0,0,0
303,9,0,3,10,66,-0.2,14,1.7444374044854232,11,0,0,1,0,0
303,10,2,2,7,63,0.06,3,1.7705883299218108,11,0,0,0,0,0
303,11,3,7,9,14,0.12,4,4.247971827470745,3,0,1,1,0,0
303,12,2,7,12,17,-0.03999999999999998,1,4.303691634768203,4,0,0,0,0,0
304,1,1,1,3,45,0.04000000000000001,1,1.3437958064578008,6,0,0,1,1,0
304,2,0,0,5,49,-0.1,24,0.5557652138583872,10,0,1,0,1,0
304,3,2,3,11,55,-0.01999999999999999,9,2.5188714275100015,11,0,1,1,1,0
304,4,3,4,9,68,0.12,1,3.6542084264475987,6,0,0,0,1,1
304,5,3,3,9,57,0.12,3,3.1296167539886506,11,0,1,1,1,0
304,6,2,3,5,43,0.1,6,1.912083796587798,12,0,0,0,1,0
304,7,1,4,12,67,-0.13999999999999999,2,3.1914504827635426,12,0,0,1,0,0
304,8,2,3,10,64,0.0,7,2.301041298041138,15,0,0,0,0,0
304,9,0,3,9,66,-0.18,15,1.6276176500557382,17,0,0,1,0,1
304,10,1,2,6,63,-0.01999999999999999,4,1.652017326247107,10,0,0,0,0,0
304,11,3,7,9,14,0.12,5,3.963497862149108,2,0,0,1,0,0
304,12,2,7,12,17,-0.03999999999999998,2,4.01548628063971,1,0,0,0,0,0
305,1,1,1,3,45,0.04000000000000001,2,1.2538058213139385,13,0,0,1,1,0
305,2,0,0,5,49,-0.1,25,0.5185472800783846,9,0,0,0,1,1
305,3,1,3,10,55,-0.1,10,2.350190143306245,12,0,1,1,1,0
305,4,4,5,10,69,0.2,1,4.409497019827413,11,0,0,0,1,0
305,5,3,3,9,57,0.12,4,2.920035682337743,11,0,1,1,1,0
305,6,1,3,5,43,0.0,7,1.7840372647993694,14,0,0,0,1,1
305,7,1,3,11,67,-0.12,3,2.9777285912744564,16,0,0,1,0,0
305,8,2,2,10,64,0.0,8,2.1469474459610614,17,0,1,0,0,0
305,9,1,4,10,67,-0.1,1,2.518620965109614,11,0,0,1,0,0
305,10,1,2,6,63,-0.01999999999999999,5,1.541386667978976,18,0,1,0,0,0
305,11,3,7,9,14,0.12,6,3.698074267270723,2,0,0,1,0,0
305,12,2,7,12,17,-0.03999999999999998,3,3.7465811769002766,2,0,0,0,0,0
306,1,1,1,3,45,0.04000000000000001,3,1.1698421962668077,9,0,1,1,1,0
306,2,1,1,5,50,0.0,1,1.4838217199848098,6,0,0,0,1,0
306,3,0,3,10,55,-0.2,11,2.192804940089344,10,0,1,1,1,0
306,4,4,4,10,69,0.2,2,4.114206195582208,13,0,0,0,1,0
306,5,3,3,8,57,0.13999999999999999,5,2.724489628085807,9,0,1,1,1,0
306,6,2,4,6,44,0.08000000000000002,1,2.664565626188899,6,0,0,0,1,0
306,7,1,3,11,67,-0.12,4,2.778319015501489,8,0,1,1,0,0
306,8,2,2,10,64,0.0,9,2.0031727981773573,9,0,0,0,0,0
306,9,1,3,10,67,-0.1,2,2.349956453623544,10,0,0,1,0,1
306,10,1,2,6,63,-0.01999999999999999,6,1.4381646139393758,8,0,0,0,0,1
306,11,2,7,9,14,0.020000000000000018,7,3.45042529651689,5,0,0,1,0,0
306,12,2,7,12,17,-0.03999999999999998,4,3.4956838435187576,1,0,0,0,0,0
307,1,1,1,3,45,0.04000000000000001,4,1.0915013640088087,9,0,0,1,1,1
307,2,1,1,5,50,0.0,2,1.3844546183047182,9,0,0,0,1,0
307,3,0,2,10,55,-0.2,12,2.0459593531082505,10,0,0,1,1,0
307,4,4,4,10,69,0.2,3,3.8386901144633345,19,0,0,0,1,0
307,5,3,3,8,57,0.13999999999999999,6,2.542038708103904,17,0,0,1,1,0
307,6,2,4,6,44,0.08000000000000002,2,2.486127637349175,9,0,0,0,1,0
307,7,1,3,11,67,-0.12,5,2.592263302476952,18,0,0,1,0,0
307,8,1,2,10,64,-0.1,10,1.869026308448577,13,0,1,0,0,0
307,9,2,4,11,68,-0.01999999999999999,1,3.1925868999056024,11,0,1,1,0,1
307,10,2,3,6,64,0.08000000000000002,1,2.3418550320662335,11,0,1,0,0,0
307,11,2,7,8,14,0.04000000000000001,8,3.2193606364834295,2,0,1,1,0,0
307,12,1,6,12,17,-0.13999999999999999,5,3.2615883539851915,4,0,0,0,0,0
308,1,2,2,4,46,0.12000000000000001,1,2.0184067829276446,8,0,0,1,1,0
308,2,1,1,5,50,0.0,3,1.2917418341638,11,0,1,0,1,0
308,3,0,2,10,55,-0.2,13,1.9089475757933023,9,0,0,1,1,1
308,4,4,4,10,69,0.2,4,3.5816245210804944,17,0,0,0,1,0
308,5,2,3,8,57,0.04000000000000001,7,2.371805980424547,8,0,0,1,1,0
308,6,2,4,6,44,0.08000000000000002,3,2.3196391068182356,8,0,0,0,1,0
308,7,1,3,10,67,-0.1,6,2.4186671839611544,16,0,0,1,0,0
308,8,0,2,9,64,-0.18,11,1.7438632078327716,14,0,1,0,0,0
308,9,3,4,12,69,0.06,1,3.9787889059601462,8,0,0,1,0,0
308,10,2,3,6,64,0.08000000000000002,2,2.1850280063142837,13,0,1,0,0,0
308,11,2,7,8,14,0.04000000000000001,9,3.0037696854939746,2,0,0,1,0,0
308,12,1,5,12,17,-0.13999999999999999,6,3.0431695390804148,1,0,0,0,0,1
309,1,2,2,4,46,0.12000000000000001,2,1.8832401188131638,4,0,0,1,1,0
309,2,1,1,4,50,0.020000000000000004,4,1.205237747823093,7,0,1,0,1,0
309,3,1,3,11,56,-0.12,1,2.7811110673293613,2,0,0,1,1,0
309,4,4,4,10,69,0.2,5,3.341773841465319,8,0,1,0,1,0
309,5,2,3,8,57,0.04000000000000001,8,2.2129732292604056,8,0,0,1,1,0
309,6,1,4,6,44,-0.01999999999999999,4,2.1642998151203865,4,0,0,0,1,0
309,7,1,3,10,67,-0.1,7,2.2566962781831816,12,0,0,1,0,0
309,8,0,2,8,64,-0.16,12,1.6270819056351842,10,0,0,0,0,0
309,9,3,4,12,69,0.06,2,3.7123413156214564,6,0,0,1,0,0
309,10,2,3,6,64,0.08000000000000002,3,2.038703217323122,8,0,0,0,0,1
309,11,1,6,8,14,-0.06,10,2.802616215544018,3,0,1,1,0,1
309,12,2,5,13,18,-0.06,1,3.8393775788018867,2,0,0,0,0,0
310,1,2,2,4,46,0.12000000000000001,3,1.7571251618383787,3,0,0,1,1,0
310,2,1,1,4,50,0.020000000000000004,5,1.1245265813644647,7,0,0,0,1,1
310,3,1,3,11,56,-0.12,2,2.5948683789464373,6,0,0,1,1,0
310,4,3,4,10,69,0.09999999999999998,6,3.1179852443418357,9,0,0,0,1,0
310,5,2,3,7,57,0.06,9,2.0647770322877053,14,0,0,1,1,0
310,6,1,4,6,44,-0.01999999999999999,5,2.0193631310843334,6,0,0,0,1,0
310,7,1,3,10,67,-0.1,8,2.1055720794232333,9,0,0,1,0,0
310,8,0,2,8,64,-0.16,13,1.5181210978902053,5,0,0,0,0,0
310,9,3,3,12,69,0.06,3,3.4637369233199746,12,0,1,1,0,0
310,10,3,4,6,65,0.18,1,2.9021773617147066,2,0,1,0,0,1
310,11,1,6,9,15,-0.07999999999999999,1,3.6149333917186013,2,0,1,1,0,0
310,12,2,5,13,18,-0.06,2,3.5822659479888688,5,0,1,0,0,0
311,1,2,2,4,46,0.12000000000000001,4,1.6394557462546593,8,0,1,1,1,0
311,2,2,2,4,51,0.12000000000000001,1,2.0492204002731453,5,0,0,0,1,0
311,3,1,3,11,56,-0.12,3,2.4210978062526602,11,0,1,1,1,0
311,4,3,4,10,69,0.09999999999999998,7,2.9091831000958863,12,0,0,0,1,0
311,5,1,3,6,57,-0.01999999999999999,10,1.9265050912918888,18,0,0,1,1,0
311,6,1,3,6,44,-0.01999999999999999,6,1.8841324231947498,10,0,0,0,1,0
311,7,1,3,10,67,-0.1,9,1.9645682161606357,14,0,0,1,0,1
311,8,0,2,8,64,-0.16,14,1.4164570694796408,9,0,0,0,0,0
311,9,3,3,12,69,0.06,4,3.231780823461733,16,0,1,1,0,0
311,10,3,5,7,66,0.15999999999999998,1,3.707827225771072,5,0,0,0,0,0
311,11,1,5,9,15,-0.07999999999999999,2,3.3728521166815044,5,0,1,1,0,0
311,12,2,5,13,18,-0.06,3,3.3423723139324917,4,0,0,0,0,1
312,1,2,2,4,46,0.12000000000000001,5,1.5296662994201937,6,0,0,1,1,0
312,2,2,2,4,51,0.12000000000000001,2,1.9119902403851068,7,0,0,0,1,0
312,3,1,3,11,56,-0.12,4,2.2589641289711215,10,0,0,1,1,0
312,4,2,4,9,69,0.020000000000000018,8,2.7143638108107884,7,0,0,0,1,0
312,5,0,3,6,57,-0.12,11,1.7974928085389612,6,0,0,1,1,0
312,6,1,3,6,44,-0.01999999999999999,7,1.7579577112648914,2,0,1,0,1,0
312,7,2,3,11,68,-0.01999999999999999,1,2.8330069598024874,5,0,0,1,0,0
312,8,0,2,8,64,-0.16,15,1.3216011769200486,14,0,1,0,0,1
312,9,3,3,11,69,0.07999999999999999,5,3.015358129705788,11,0,0,1,0,0
312,10,3,5,7,66,0.15999999999999998,2,3.4595251285628046,11,0,0,0,0,1
312,11,1,5,9,15,-0.07999999999999999,3,3.146982300438597,3,0,1,1,0,0
312,12,3,5,14,19,0.019999999999999962,1,4.118543638898234,5,0,0,0,0,0
313,1,2,2,4,46,0.12000000000000001,6,1.427229123401061,8,0,0,1,1,0
313,2,2,2,4,51,0.12000000000000001,3,1.7839499737756956,9,0,0,0,1,1
313,3,1,3,11,56,-0.12,5,2.107688059028264,12,0,0,1,1,0
313,4,2,4,9,69,0.020000000000000018,9,2.5325909865200384,17,0,0,0,1,0
313,5,0,3,6,57,-0.12,12,1.6771200924170049,19,0,0,1,1,0
313,6,1,3,5,44,0.0,8,1.6402325423366808,9,0,0,0,1,0
313,7,1,3,11,68,-0.12,2,2.643288958749111,19,0,1,1,0,1
313,8,1,3,8,65,-0.06,1,2.2330974997202784,6,0,0,0,0,0
313,9,3,3,11,69,0.07999999999999999,6,2.8134286163142237,19,0,1,1,0,0
313,10,4,6,8,67,0.24000000000000002,1,4.227851079999712,6,0,0,0,0,0
313,11,1,4,9,15,-0.07999999999999999,4,2.9362383100916083,2,0,1,1,0,0
313,12,2,4,14,19,-0.08000000000000002,2,3.8427370921761077,6,0,0,0,0,0
314,1,1,2,4,46,0.020000000000000004,7,1.3316518586153472,12,0,1,1,1,0
314,2,3,3,5,52,0.19999999999999998,1,2.6644841807839463,7,0,0,0,1,0
314,3,1,3,11,56,-0.12,6,1.9665424949415484,14,0,1,1,1,1
314,4,1,4,8,69,-0.06,10,2.362990944491946,10,0,0,0,1,1
314,5,0,3,6,57,-0.12,13,1.564808376994325,10,0,0,1,1,0
314,6,1,3,5,44,0.0,9,1.5303910757924164,8,0,1,0,1,0
314,7,2,3,12,69,-0.03999999999999998,1,3.4662758046778954,7,0,0,1,0,0
314,8,1,3,8,65,-0.06,2,2.0835536405573762,15,0,1,0,0,0
314,9,3,3,11,69,0.07999999999999999,7,2.6250217183549207,15,0,0,1,0,0
314,10,4,5,7,67,0.26,2,3.9447245409442533,13,0,0,0,0,0
314,11,1,4,9,15,-0.07999999999999999,5,2.7396072143297534,4,0,0,1,0,0
314,12,2,4,14,19,-0.08000000000000002,3,3.585400484802526,6,0,0,0,0,0
315,1,1,2,4,46,0.020000000000000004,8,1.242475117329427,10,0,0,1,1,0
315,2,3,3,5,52,0.19999999999999998,2,2.486051646099345,10,0,1,0,1,0
315,3,2,3,12,57,-0.03999999999999998,1,2.83484902703957,8,0,1,1,1,1
315,4,1,5,9,70,-0.07999999999999999,1,3.2047485099137063,8,0,1,0,1,0
315,5,0,3,6,57,-0.12,14,1.4600178411688713,14,0,1,1,1,0
315,6,1,2,5,44,0.0,10,1.4279053636678312,13,0,0,0,1,1
315,7,2,3,12,69,-0.03999999999999998,2,3.234149683530271,14,0,0,1,0,0
315,8,1,3,8,65,-0.06,3,1.9440242862766548,16,0,0,0,0,0
315,9,2,3,11,69,-0.01999999999999999,8,2.4492318667257824,16,0,0,1,0,0
315,10,4,5,6,67,0.28,3,3.680558139225876,13,0,0,0,0,0
315,11,1,4,9,15,-0.07999999999999999,6,2.5561439148219094,2,0,0,1,0,0
315,12,2,4,13,19,-0.06,4,3.3452969401928203,3,0,0,0,0,0
316,1,1,2,4,46,0.020000000000000004,9,1.159270275631921,7,0,0,1,1,0
316,2,2,3,5,52,0.1,3,2.3195682044750763,12,0,1,0,1,0
316,3,3,3,13,58,0.03999999999999998,1,3.6450076682539376,5,0,0,1,1,0
316,4,1,5,9,70,-0.07999999999999999,2,2.9901360893279114,17,0,1,0,1,0
316,5,0,3,6,57,-0.12,15,1.3622448140429033,11,0,1,1,1,0
316,6,1,3,6,45,-0.01999999999999999,1,2.3322828130944497,5,0,0,0,1,1
316,7,2,3,11,69,-0.01999999999999999,3,3.0175683543020675,10,0,1,1,0,1
316,8,1,3,8,65,-0.06,4,1.8138387954449142,12,0,0,0,0,0
316,9,2,3,10,69,0.0,9,2.285214135578436,10,0,0,1,0,0
316,10,4,5,6,67,0.28,4,3.4340821711670646,9,0,0,0,0,0
316,11,1,3,9,15,-0.07999999999999999,7,2.384966603644892,3,0,0,1,0,0
316,12,2,4,13,19,-0.06,5,3.1212724116870354,2,0,0,0,0,0
317,1,1,2,4,46,0.020000000000000004,10,1.0816374132725506,9,0,0,1,1,0
317,2,2,3,5,52,0.1,4,2.164233660895041,13,0,0,0,1,0
317,3,3,3,13,58,0.03999999999999998,2,3.4009124088855742,13,0,0,1,1,1
317,4,1,5,9,70,-0.07999999999999999,3,2.7898956205277914,15,0,0,0,1,0
317,5,0,3,6,57,-0.12,16,1.271019354051952,9,0,1,1,1,0
317,6,2,4,7,46,0.06,1,3.176096810211395,3,0,1,0,1,0
317,7,3,4,11,70,0.07999999999999999,1,3.815490828781259,3,0,1,1,0,0
317,8,1,2,8,65,-0.06,5,1.6923714374794876,16,0,1,0,0,0
317,9,1,3,10,69,-0.1,10,2.1321801812209475,15,0,0,1,0,1
317,10,3,5,6,67,0.18,5,3.204111961347221,12,0,0,0,0,0
317,11,1,3,9,15,-0.07999999999999999,8,2.2252525249141732,3,0,0,1,0,0
317,12,2,3,12,19,-0.03999999999999998,6,2.91225013567766,5,0,0,0,0,0
318,1,0,2,4,46,-0.08,11,1.0092033914638219,12,0,0,1,1,0
318,2,2,3,5,52,0.1,5,2.0193014070095567,11,0,1,0,1,0
318,3,4,4,13,59,0.14,1,4.173163478817157,6,0,0,1,1,1
318,4,1,5,9,70,-0.07999999999999999,4,2.603064656896483,19,0,1,0,1,0
318,5,0,2,6,57,-0.12,17,1.1859029902122735,11,0,0,1,1,0
318,6,2,4,7,46,0.06,2,2.9634031082420496,10,0,0,0,1,0
318,7,3,4,11,70,0.07999999999999999,2,3.5599788221590307,18,0,0,1,0,1
318,8,1,1,8,65,-0.06,6,1.5790383851029333,15,0,1,0,0,0
318,9,1,4,10,70,-0.1,1,2.989394452980073,6,0,0,1,0,0
318,10,3,5,6,67,0.18,6,2.989542168514665,16,0,1,0,0,0
318,11,1,3,9,15,-0.07999999999999999,9,2.076234020245505,2,0,0,1,0,0
318,12,2,3,12,19,-0.03999999999999998,7,2.7172254561948,3,0,0,0,0,0
319,1,0,2,4,46,-0.08,12,0.9416200594065814,10,0,0,1,1,0
319,2,2,3,5,52,0.1,6,1.884074832596611,13,0,1,0,1,0
319,3,4,5,14,60,0.12,1,4.893699204812922,9,0,0,1,1,1
319,4,1,5,8,70,-0.06,5,2.4287452039878583,14,0,1,0,1,0
319,5,0,2,6,57,-0.12,18,1.1064866146302028,12,0,0,1,1,1
319,6,2,3,7,46,0.06,3,2.764952867212553,8,0,1,0,1,0
319,7,4,5,12,71,0.16000000000000003,1,4.321577690246721,9,0,0,1,0,0
319,8,1,1,8,65,-0.06,7,1.4732949082040392,18,0,1,0,0,0
319,9,1,4,9,70,-0.07999999999999999,2,2.7892036493475354,16,0,0,1,0,0
319,10,3,5,6,67,0.18,7,2.789341472814672,13,0,0,0,0,0
319,11,1,2,9,15,-0.07999999999999999,10,1.937194839040156,2,0,0,1,0,0
319,12,1,3,12,19,-0.13999999999999999,8,2.5352609960734007,7,0,0,0,0,0
320,1,0,2,4,46,-0.08,13,0.878562580919189,8,0,0,1,1,0
320,2,2,3,5,52,0.1,7,1.7579039773368257,11,0,1,0,1,0
320,3,5,6,15,61,0.2,1,5.565982808747896,8,0,0,1,1,0
320,4,1,4,8,70,-0.06,6,2.266099403357465,15,0,1,0,1,0
320,5,1,3,7,58,-0.04000000000000001,1,2.0323885161438526,8,0,0,1,1,1
320,6,2,3,7,46,0.06,4,2.5797922451536013,9,0,1,0,1,0
320,7,4,5,12,71,0.16000000000000003,2,4.032174560489624,14,0,0,1,0,0
320,8,1,1,7,65,-0.04000000000000001,8,1.3746327556175608,13,0,0,0,0,0
320,9,1,4,9,70,-0.07999999999999999,3,2.602419024956111,10,0,0,1,0,0
320,10,2,5,6,67,0.08000000000000002,8,2.6025476187979577,18,0,0,0,0,0
320,11,0,1,9,15,-0.18,11,1.8074666958593009,2,0,0,1,0,0
320,12,1,3,11,19,-0.12,9,2.365482151492951,3,0,0,0,0,1
321,1,0,2,4,46,-0.08,14,0.8197278731273294,4,0,0,1,1,0
321,2,1,3,5,52,0.0,8,1.6401824068090305,6,0,0,0,1,1
321,3,5,6,14,61,0.21999999999999997,2,5.193245590888491,10,0,0,1,1,0
321,4,1,4,8,70,-0.06,7,2.11434550543439,8,0,1,0,1,0
321,5,2,3,8,59,0.04000000000000001,1,2.896285537182752,2,0,0,1,1,0
321,6,2,3,7,46,0.06,5,2.4070312760391213,4,0,1,0,1,1
321,7,4,5,12,71,0.16000000000000003,3,3.7621518925722452,10,0,0,1,0,0
321,8,1,1,7,65,-0.04000000000000001,9,1.282577712238338,9,0,0,0,0,0
321,9,1,4,8,70,-0.06,4,2.428142808087102,5,0,0,1,0,0
321,10,1,4,6,67,-0.01999999999999999,9,2.428262790384053,16,0,0,0,0,0
321,11,0,1,9,15,-0.18,12,1.6864260583407522,3,0,1,1,0,0
321,12,2,4,12,20,-0.03999999999999998,1,3.2070728882343915,2,0,0,0,0,0
322,1,0,2,4,46,-0.08,15,0.7648331497100966,9,0,1,1,1,1
322,2,2,4,6,53,0.08000000000000002,1,2.5303442976910704,7,0,0,0,1,0
322,3,5,6,13,61,0.24,3,4.845469469452024,11,0,1,1,1,0
322,4,1,3,8,70,-0.06,8,1.972754112077852,13,0,0,0,1,0
322,5,2,2,7,59,0.06,2,2.7023299591024124,9,0,1,1,1,0
322,6,3,4,8,47,0.13999999999999999,1,3.2458395922054404,7,0,0,0,1,1
322,7,3,5,12,71,0.06,4,3.5102118349425435,10,0,1,1,0,0
322,8,1,1,7,65,-0.04000000000000001,10,1.1966873197281709,9,0,0,0,0,0
322,9,1,4,8,70,-0.06,5,2.2655373481080927,10,0,0,1,0,0
322,10,1,4,6,67,-0.01999999999999999,10,2.2656492955495486,9,0,0,0,0,0
322,11,0,1,9,15,-0.18,13,1.5734911502192985,5,0,0,1,0,0
322,12,1,4,12,20,-0.13999999999999999,2,2.9923048109859236,1,0,0,0,0,0
323,1,1,3,5,47,0.0,1,1.7136145617005303,4,0,0,1,1,0
323,2,2,4,5,53,0.1,2,2.3608947096928015,13,0,1,0,1,0
323,3,5,6,13,61,0.24,4,4.5209828744830896,9,0,0,1,1,0
323,4,1,3,8,70,-0.06,9,1.8406446707585364,15,0,0,0,1,0
323,5,2,2,7,59,0.06,3,2.521363005860862,8,0,1,1,1,0
323,6,4,5,9,48,0.22000000000000003,1,4.0284754247640535,4,0,0,0,1,1
323,7,3,4,12,71,0.06,5,3.2751434492843474,9,0,1,1,0,0
323,8,0,1,7,65,-0.14,11,1.1165487498601392,11,0,0,0,0,1
323,9,1,4,8,70,-0.06,6,2.1138210893436593,13,0,0,1,0,0
323,10,0,4,6,67,-0.12,11,2.1139255399998556,6,0,0,0,0,0
323,11,0,1,9,15,-0.18,14,1.4681191550458041,3,0,0,1,0,0
323,12,1,3,11,20,-0.12,3,2.7919191093841773,0,0,0,0,0,0
324,1,1,2,4,47,0.020000000000000004,2,1.5988589208444808,10,0,0,1,1,0
324,2,1,4,5,53,0.0,3,2.202792653688097,11,0,0,0,1,0
324,3,5,6,13,61,0.24,5,4.218226176065632,12,0,0,1,1,1
324,4,1,2,8,70,-0.06,10,1.7173822035141193,18,0,0,0,1,0
324,5,2,2,7,59,0.06,4,2.352514868108597,10,0,1,1,1,0
324,6,5,6,10,49,0.3,1,4.758700476900116,6,0,0,0,1,0
324,7,2,4,12,71,-0.03999999999999998,6,3.0558168901979528,14,0,1,1,0,0
324,8,1,2,7,66,-0.04000000000000001,1,2.041776820278688,6,0,0,0,0,0
324,9,1,4,8,70,-0.06,7,1.9722648145639075,13,0,1,1,0,1
324,10,0,4,6,67,-0.12,12,1.9723622704721262,10,0,0,0,0,0
324,11,0,1,9,15,-0.18,15,1.3698036071648767,2,0,0,1,0,0
324,12,1,3,11,20,-0.12,4,2.604952638757498,3,0,0,0,0,0
325,1,1,2,3,47,0.04000000000000001,3,1.4917881219608375,12,0,0,1,1,1
325,2,1,4,5,53,0.0,4,2.0552782194059076,11,0,1,0,1,0
325,3,5,7,14,62,0.21999999999999997,1,4.935744188033384,7,0,0,1,1,0
325,4,0,1,8,70,-0.16,11,1.602374254956853,19,0,1,0,1,0
325,5,2,2,7,59,0.06,5,2.194973985026182,12,0,0,1,1,0
325,6,5,6,10,49,0.3,2,4.4400245417897475,10,0,0,0,1,0
325,7,2,4,12,71,-0.03999999999999998,7,2.8511779746500996,19,0,0,1,0,0
325,8,1,2,6,66,-0.01999999999999999,2,1.9050451346751347,15,0,1,0,0,0
325,9,2,4,9,71,0.020000000000000018,1,2.840188140035349,7,0,0,1,0,0
325,10,0,4,6,67,-0.12,13,1.8402790696129376,16,0,1,0,0,0
325,11,0,1,9,15,-0.18,16,1.2780719574109547,2,0,0,1,0,1
325,12,1,3,11,20,-0.12,5,2.4305067533516085,3,0,0,0,0,0
326,1,2,3,4,48,0.12000000000000001,1,2.391887534172196,2,0,0,1,1,0
326,2,1,3,5,53,0.0,5,1.9176423854927367,9,0,1,0,1,0
326,3,4,7,13,62,0.14,2,4.605212165221199,5,0,0,1,1,0
326,4,0,1,8,70,-0.16,12,1.4950680446639555,7,0,0,0,1,0
326,5,2,2,7,59,0.06,6,2.047983143594446,5,0,0,1,1,1
326,6,4,5,10,49,0.2,3,4.14268938072293,6,0,0,0,1,0
326,7,2,4,11,71,-0.01999999999999999,8,2.660243115091638,7,0,0,1,0,0
326,8,1,2,6,66,-0.01999999999999999,3,1.7774699610185811,6,0,0,0,0,0
326,9,2,4,9,71,0.020000000000000018,2,2.649989236824543,9,0,0,1,0,0
326,10,0,4,6,67,-0.12,14,1.7170410855835319,4,0,1,0,0,0
326,11,1,2,10,16,-0.1,1,2.1924833018224463,2,0,0,1,0,0
326,12,1,3,11,20,-0.12,6,2.2677429870300645,2,0,1,0,0,1
327,1,2,3,4,48,0.12000000000000001,2,2.2317099814282817,4,0,0,1,1,0
327,2,1,3,5,53,0.0,6,1.7892236116340678,6,0,0,0,1,0
327,3,4,7,12,62,0.16000000000000003,3,4.296814883178033,10,0,0,1,1,0
327,4,0,1,8,70,-0.16,13,1.3949478102638957,8,0,1,0,1,0
327,5,3,3,8,60,0.13999999999999999,1,2.910835839084881,3,0,0,1,1,0
327,6,3,5,10,49,0.09999999999999998,4,3.86526586590368,4,0,1,0,1,0
327,7,1,4,11,71,-0.12,9,2.482094591889146,10,0,0,1,0,1
327,8,1,2,6,66,-0.01999999999999999,4,1.6584381150959793,9,0,0,0,0,1
327,9,2,3,8,71,0.04000000000000001,3,2.4725273851747445,5,0,0,1,0,0
327,10,0,3,6,67,-0.12,15,1.60205598067361,16,0,0,0,0,0
327,11,1,2,10,16,-0.1,2,2.045659253993894,3,0,1,1,0,0
327,12,2,4,12,21,-0.03999999999999998,1,3.1158790232252764,3,0,0,0,0,0
328,1,2,2,4,48,0.12000000000000001,3,2.0822590402145824,12,0,0,1,1,0
328,2,1,3,5,53,0.0,7,1.6694046588912252,11,0,0,0,1,0
328,3,3,7,11,62,0.07999999999999999,4,4.009070044531478,16,0,0,1,1,0
328,4,0,1,8,70,-0.16,14,1.3015323284482414,15,0,0,0,1,0
328,5,3,3,8,60,0.13999999999999999,2,2.7159058708139194,11,0,0,1,1,1
328,6,3,5,10,49,0.09999999999999998,5,3.6064205739492188,9,0,1,0,1,0
328,7,2,5,12,72,-0.03999999999999998,1,3.315876142347661,12,0,1,1,0,0
328,8,2,3,6,67,0.08000000000000002,1,2.5473774758066656,12,0,1,0,0,0
328,9,1,2,8,71,-0.06,4,2.306949622846272,18,0,1,1,0,0
328,10,0,3,6,67,-0.12,16,1.494771084257332,14,0,0,0,0,1
328,11,1,2,10,16,-0.1,3,1.9086675734188767,1,0,0,1,0,0
328,12,2,4,12,21,-0.03999999999999998,2,2.907217926306665,8,0,0,0,0,0
329,1,2,2,4,48,0.12000000000000001,4,1.9428163814459731,6,0,0,1,1,0
329,2,1,3,5,53,0.0,8,1.5576096229707634,10,0,0,0,1,0
329,3,2,6,11,62,-0.01999999999999999,5,3.740594616929807,13,0,0,1,1,0
329,4,0,1,8,70,-0.16,15,1.2143726019939292,15,0,1,0,1,0
329,5,4,4,9,61,0.22000000000000003,1,3.534029779377889,14,0,0,1,1,0
329,6,3,5,10,49,0.09999999999999998,6,3.3649093768517297,8,0,1,0,1,0
329,7,1,5,11,72,-0.12,2,3.0938218366601666,13,0,0,1,0,1
329,8,2,3,6,67,0.08000000000000002,2,2.3767872268253747,12,0,0,0,0,0
329,9,1,2,8,71,-0.06,5,2.1524601079289667,15,0,1,1,0,1
329,10,1,4,7,68,-0.04000000000000001,1,2.3946707364073356,14,0,0,0,0,0
329,11,1,2,10,16,-0.1,4,1.7808498158763135,3,0,1,1,0,0
329,12,2,3,11,21,-0.01999999999999999,3,2.712530238831341,6,0,0,0,0,0
330,1,2,2,4,48,0.12000000000000001,5,1.8127117803872514,14,0,0,1,1,0
330,2,1,3,5,53,0.0,9,1.4533011661669302,12,0,0,0,1,0
330,3,1,6,11,62,-0.12,6,3.490098185560496,16,0,0,1,1,0
330,4,0,1,8,70,-0.16,16,1.1330497016787324,17,0,0,0,1,0
330,5,3,4,8,61,0.13999999999999999,2,3.2973663772331157,9,0,0,1,1,0
330,6,3,5,9,49,0.12,7,3.139571462134224,8,0,1,0,1,1
330,7,2,6,12,73,-0.03999999999999998,1,3.8866378435409352,11,0,0,1,0,0
330,8,2,3,6,67,0.08000000000000002,3,2.217620896491352,20,0,1,0,0,0
330,9,2,3,9,72,0.020000000000000018,1,3.008316293664603,11,0,0,1,0,0
330,10,1,3,7,68,-0.04000000000000001,2,2.234306800935786,19,0,1,0,0,0
330,11,1,1,10,16,-0.1,5,1.6615916311848495,2,0,0,1,0,1
330,12,2,3,11,21,-0.01999999999999999,4,2.530880203370857,6,0,0,0,0,0
331,1,2,2,4,48,0.12000000000000001,6,1.6913198952487294,6,0,0,1,1,0
331,2,1,2,4,53,0.020000000000000004,10,1.3559779346726617,10,0,0,0,1,1
331,3,1,6,11,62,-0.12,7,3.256376750830693,6,0,0,1,1,0
331,4,0,1,8,70,-0.16,17,1.057172752717195,10,0,0,0,1,0
331,5,2,4,8,61,0.04000000000000001,3,3.076551615142699,5,0,1,1,1,0
331,6,4,6,10,50,0.2,1,3.9293237534586836,3,0,0,0,1,0
331,7,2,6,11,73,-0.01999999999999999,2,3.626361334179165,4,0,1,1,0,0
331,8,2,3,6,67,0.08000000000000002,4,2.069113459147863,6,0,0,0,0,0
331,9,2,3,9,72,0.020000000000000018,2,2.8068583509668055,6,0,0,1,0,0
331,10,1,2,7,68,-0.04000000000000001,3,2.0846819584881504,6,0,1,0,0,1
331,11,2,2,11,17,-0.01999999999999999,1,2.550319810356924,3,0,0,1,0,0
331,12,1,3,11,21,-0.12,5,2.361394727372394,2,0,1,0,0,0
332,1,2,2,4,48,0.12000000000000001,7,1.5780572615096418,8,0,1,1,1,0
332,2,1,3,5,54,0.0,1,2.265172148845535,6,0,0,0,1,0
332,3,1,6,10,62,-0.1,8,3.0383069413984707,11,0,1,1,1,1
332,4,0,1,7,70,-0.14,18,0.986377056038926,12,0,0,0,1,0
332,5,2,4,8,61,0.04000000000000001,4,2.870524157093989,19,0,0,1,1,0
332,6,3,6,10,50,0.09999999999999998,2,3.6661886964061923,11,0,0,0,1,1
332,7,2,5,11,73,-0.01999999999999999,3,3.3835147640225944,15,0,0,1,0,0
332,8,2,3,6,67,0.08000000000000002,5,1.9305511206178023,10,0,0,0,0,0
332,9,2,3,9,72,0.020000000000000018,3,2.6188914440226285,16,0,1,1,0,0
332,10,2,3,8,69,0.04000000000000001,1,2.9450770441310095,6,0,0,0,0,0
332,11,2,2,11,17,-0.01999999999999999,2,2.3795325220329038,5,0,1,1,0,0
332,12,1,2,11,21,-0.12,6,2.203259186679509,4,0,0,0,0,0
333,1,1,2,4,48,0.020000000000000004,8,1.472379487522723,8,0,0,1,1,1
333,2,1,3,5,54,0.0,2,2.113480346383208,13,0,1,0,1,0
333,3,2,7,11,63,-0.01999999999999999,1,3.8348406147400627,6,0,0,1,1,1
333,4,0,1,7,70,-0.14,19,0.9203223353792682,17,0,1,0,1,0
333,5,2,4,7,61,0.06,5,2.678293741572077,12,0,1,1,1,0
333,6,3,7,11,51,0.07999999999999999,1,4.420675006946298,6,0,0,0,1,0
333,7,2,5,11,73,-0.01999999999999999,4,3.156930902184956,12,0,1,1,0,0
333,8,2,2,6,67,0.08000000000000002,6,1.801267887384764,13,0,0,0,0,0
333,9,2,3,9,72,0.020000000000000018,4,2.4435121185265825,12,0,0,1,0,0
333,10,2,2,8,69,0.04000000000000001,2,2.747854044791934,9,0,0,0,0,0
333,11,2,2,10,17,0.0,3,2.2201823474914844,4,0,0,1,0,0
333,12,1,2,11,21,-0.12,7,2.0557135100785353,2,0,0,0,0,0
334,1,2,3,5,49,0.1,1,2.3737786379207577,5,0,0,1,1,0
334,2,1,2,5,54,0.0,3,1.9719468901401724,12,0,1,0,1,0
334,3,3,8,12,64,0.06,1,4.578032810837771,5,0,0,1,1,0
334,4,0,1,6,70,-0.12,20,0.8586911017570596,14,0,1,0,1,0
334,5,2,4,7,61,0.06,6,2.498936421913304,12,0,0,1,1,0
334,6,2,7,11,51,-0.01999999999999999,2,4.124635626343101,10,0,0,0,1,1
334,7,2,4,10,73,0.0,5,2.945520683740622,15,0,0,1,0,1
334,8,1,2,6,67,-0.01999999999999999,7,1.6806423655257916,13,0,0,0,0,0
334,9,2,3,9,72,0.020000000000000018,5,2.279877421805299,15,0,0,1,0,0
334,10,2,2,8,69,0.04000000000000001,3,2.5638384797187346,7,0,0,0,0,0
334,11,2,2,10,17,0.0,4,2.071503377437191,3,0,0,1,0,0
334,12,1,2,11,21,-0.12,8,1.9180485260512068,2,0,0,0,0,0
335,1,2,3,5,49,0.1,2,2.2148137837853725,10,0,0,1,1,0
335,2,1,2,5,54,0.0,4,1.8398915060591892,14,0,0,0,1,0
335,3,2,7,12,64,-0.03999999999999998,2,4.271455648849624,15,0,0,1,1,0
335,4,0,0,6,70,-0.12,21,0.8011871274784265,15,0,0,0,1,0
335,5,2,4,7,61,0.06,7,2.3315901253980553,9,0,1,1,1,0
335,6,3,8,12,52,0.06,1,4.848421117446197,4,0,1,0,1,0
335,7,3,5,10,74,0.09999999999999998,1,3.748267975184055,4,0,1,1,0,0
335,8,1,2,5,67,0.0,8,1.568094774010026,18,0,1,0,0,0
335,9,1,3,9,72,-0.07999999999999999,6,2.127200851204222,16,0,0,1,0,0
335,10,2,2,8,69,0.04000000000000001,4,2.392145886549151,12,0,0,0,0,0
335,11,2,2,10,17,0.0,5,1.9327809932288227,4,0,0,1,0,1
335,12,1,2,11,21,-0.12,9,1.7896025541743215,5,0,0,0,0,1
336,1,1,3,5,49,0.0,3,2.066494330382222,2,0,0,1,1,0
336,2,1,2,5,54,0.0,5,1.7166794760015673,4,0,0,0,1,0
336,3,2,6,12,64,-0.03999999999999998,3,3.9854090422629596,3,0,0,1,1,0
336,4,0,0,5,70,-0.1,22,0.7475340223319777,2,0,0,0,1,0
336,5,2,4,7,61,0.06,8,2.1754505097378276,4,0,0,1,1,0
336,6,3,7,12,52,0.06,2,4.523736859441056,3,0,0,0,1,1
336,7,3,5,10,74,0.09999999999999998,2,3.4972576819675907,6,0,0,1,0,0
336,8,1,2,5,67,0.0,9,1.4630841580078084,3,0,0,0,0,1
336,9,1,3,8,72,-0.06,7,1.9847485737987183,2,0,0,1,0,0
336,10,2,2,8,69,0.04000000000000001,5,2.2319510327194227,5,0,1,0,0,0
336,11,2,3,11,18,-0.01999999999999999,1,2.8033484320977706,3,0,1,1,0,0
336,12,2,3,12,22,-0.03999999999999998,1,2.6697582247831786,3,0,1,0,0,0
337,1,1,3,5,49,0.0,4,1.9281073870703762,10,0,0,1,1,0
337,2,1,2,5,54,0.0,6,1.6017185870035813,11,0,0,0,1,1
337,3,2,6,11,64,-0.01999999999999999,4,3.718518121200452,13,0,0,1,1,1
337,4,0,0,5,70,-0.1,23,0.6974739051319478,18,0,0,0,1,0
337,5,1,4,7,61,-0.04000000000000001,9,2.029767097040958,10,0,1,1,1,0
337,6,4,7,13,53,0.14,1,5.22079573488961,7,0,0,0,1,0
337,7,3,4,10,74,0.09999999999999998,3,3.2630567971813016,16,0,1,1,0,0
337,8,2,3,6,68,0.08000000000000002,1,2.3651057888161366,7,0,0,0,0,0
337,9,1,3,8,72,-0.06,8,1.85183589925983,13,0,1,1,0,0
337,10,2,2,8,69,0.04000000000000001,6,2.08248394902187,10,0,0,0,0,0
337,11,2,3,11,18,-0.01999999999999999,2,2.6156165739202017,3,0,0,1,0,0
337,12,1,3,11,22,-0.12,2,2.4909725031494454,3,0,0,0,0,0
338,1,1,3,5,49,0.0,5,1.7989878033624902,11,0,1,1,1,0
338,2,2,3,6,55,0.08000000000000002,1,2.4944562848320597,7,0,1,0,1,0
338,3,3,6,12,65,0.06,1,4.469500086707486,7,0,1,1,1,0
338,4,0,0,5,70,-0.1,24,0.6507661642241207,12,0,1,0,1,0
338,5,1,4,7,61,-0.04000000000000001,10,1.8938396666751063,13,0,0,1,1,1
338,6,4,7,13,53,0.14,2,4.871174662726658,13,0,0,0,1,0
338,7,2,4,10,74,0.0,4,3.0445396450285833,16,0,0,1,0,0
338,8,1,3,6,68,-0.01999999999999999,2,2.2067217294401407,11,0,0,0,0,1
338,9,1,2,7,72,-0.04000000000000001,9,1.7278239889216531,12,0,0,1,0,0
338,10,2,2,8,69,0.04000000000000001,7,1.9430262287832596,11,0,0,0,0,0
338,11,2,3,11,18,-0.01999999999999999,3,2.4404565566780207,4,0,0,1,0,0
338,12,1,3,10,22,-0.1,3,2.3241595264494563,3,0,0,0,0,0
339,1,1,3,5,49,0.0,6,1.678514971909534,10,0,0,1,1,0
339,2,2,3,6,55,0.08000000000000002,2,2.3274100096946473,9,0,0,0,1,0
339,3,3,5,12,65,0.06,2,4.170191036574705,15,0,0,1,1,0
339,4,0,0,5,70,-0.1,25,0.6071863009969646,16,0,1,0,1,1
339,5,1,5,8,62,-0.06,1,2.7670148896889444,7,0,0,1,1,0
339,6,4,7,13,53,0.14,3,4.544966667862153,11,0,1,0,1,0
339,7,2,3,10,74,0.0,5,2.8406559328534287,17,0,1,1,0,0
339,8,2,4,7,69,0.06,1,3.058944176708812,7,0,0,0,0,1
339,9,1,2,7,72,-0.04000000000000001,10,1.6121167852326297,12,0,1,1,0,0
339,10,1,2,8,69,-0.06,8,1.8129075748761259,20,0,0,0,0,0
339,11,2,3,10,18,0.0,4,2.27702648179291,1,0,0,1,0,0
339,12,1,3,9,22,-0.07999999999999999,4,2.168517515771906,6,0,0,0,0,0
340,1,1,3,5,49,0.0,7,1.5661098455800728,12,0,0,1,1,0
340,2,2,3,6,55,0.08000000000000002,3,2.171550323878107,8,0,0,0,1,0
340,3,3,4,12,65,0.06,3,3.890925818135277,15,0,1,1,1,1
340,4,1,1,6,71,-0.01999999999999999,1,1.5665248508393663,10,0,0,0,1,0
340,5,1,4,8,62,-0.06,2,2.581716180153365,14,0,1,1,1,0
340,6,4,7,13,53,0.14,4,4.2406038465505,16,0,0,0,1,0
340,7,1,3,10,74,-0.1,6,2.650425702957015,18,0,1,1,0,0
340,8,3,5,8,70,0.13999999999999999,1,3.854095836138719,10,0,0,0,0,0
340,9,0,2,6,72,-0.12,11,1.5041581468323013,19,0,1,1,0,0
340,10,1,2,8,69,-0.06,9,1.6915025779664103,14,0,0,0,0,0
340,11,2,3,9,18,0.020000000000000018,5,2.1245408301157704,1,0,0,1,0,0
340,12,1,3,9,22,-0.07999999999999999,5,2.0232983849406274,4,0,0,0,0,1
341,1,1,3,5,49,0.0,8,1.4612321542968227,5,0,0,1,1,0
341,2,2,3,6,55,0.08000000000000002,4,2.026128094960713,8,0,1,0,1,1
341,3,4,5,13,66,0.14,1,4.630362155942557,3,0,0,1,1,1
341,4,1,1,6,71,-0.01999999999999999,2,1.461619367895405,9,0,1,0,1,0
341,5,1,3,8,62,-0.06,3,2.408826370867473,11,0,0,1,1,0
341,6,3,7,12,53,0.06,5,3.9566232928695055,6,0,0,0,1,0
341,7,1,3,10,74,-0.1,7,2.4729346224760294,14,0,0,1,0,0
341,8,3,5,8,70,0.13999999999999999,2,3.595998567662062,10,0,0,0,0,0
341,9,0,2,6,72,-0.12,12,1.4034291754834025,8,0,0,1,0,0
341,10,1,2,8,69,-0.06,10,1.5782277105122218,8,0,0,0,0,0
341,11,1,3,8,18,-0.06,6,1.9822666863650094,4,0,1,1,0,0
341,12,2,3,10,23,0.0,1,2.8878041448727445,3,0,0,0,0,0
342,1,1,3,5,49,0.0,9,1.3633778082533383,11,0,1,1,1,0
342,2,2,3,7,56,0.06,1,2.890444357677967,8,0,1,0,1,0
342,3,5,6,14,67,0.21999999999999997,1,5.320280654257905,8,0,1,1,1,0
342,4,1,1,6,71,-0.01999999999999999,3,1.3637390913155873,12,0,1,0,1,0
342,5,1,3,8,62,-0.06,4,2.2475144749032294,13,0,0,1,1,1
342,6,3,6,12,53,0.06,6,3.691660067330248,13,0,0,0,1,0
342,7,1,3,9,74,-0.07999999999999999,8,2.3073295886837553,16,0,0,1,0,0
342,8,3,5,8,70,0.13999999999999999,3,3.355185301147808,11,0,0,0,0,1
342,9,0,2,6,72,-0.12,13,1.309445722011314,12,0,0,1,0,0
342,10,0,2,8,69,-0.16,11,1.4725385220655047,11,0,0,0,0,0
342,11,1,3,8,18,-0.06,7,1.849520216402899,4,0,0,1,0,0
342,12,2,3,9,23,0.020000000000000018,2,2.694416540263009,4,0,0,0,0,0
343,1,1,2,5,49,0.0,10,1.2720764750295082,10,0,0,1,1,0
343,2,2,3,7,56,0.06,2,2.6968799459149593,9,0,0,0,1,0
343,3,4,6,14,67,0.12,2,4.963997374657656,15,0,0,1,1,0
343,4,1,1,6,71,-0.01999999999999999,4,1.2724135640458698,17,0,1,0,1,1
343,5,2,4,9,63,0.020000000000000018,1,3.097005154041237,8,0,0,1,1,1
343,6,2,5,12,53,-0.03999999999999998,7,3.4444406363581135,11,0,1,0,1,0
343,7,1,3,9,74,-0.07999999999999999,9,2.1528146285909955,17,0,1,1,0,0
343,8,4,6,9,71,0.22000000000000003,1,4.130498578690263,8,0,0,0,0,0
343,9,0,2,6,72,-0.12,14,1.221756059263291,12,0,1,1,0,0
343,10,0,2,8,69,-0.16,12,1.373927022395967,20,0,0,0,0,0
343,11,1,3,7,18,-0.04000000000000001,8,1.7256633804182002,1,0,0,1,0,0
343,12,2,3,8,23,0.04000000000000001,3,2.51397952500785,6,0,0,0,0,0
344,1,0,2,5,49,-0.1,11,1.1868893189603789,10,0,0,1,1,0
344,2,2,3,7,56,0.06,3,2.5162779637526578,9,0,0,0,1,0
344,3,3,6,14,67,0.019999999999999962,3,4.631573320457691,16,0,1,1,1,0
344,4,2,2,7,72,0.06,1,2.187203834133729,8,0,1,0,1,0
344,5,3,5,10,64,0.09999999999999998,1,3.889607983680006,8,0,1,1,1,0
344,6,2,4,12,53,-0.03999999999999998,8,3.2137767511121553,13,0,1,0,1,1
344,7,1,3,8,74,-0.06,10,2.0086470731384574,11,0,0,1,0,0
344,8,4,5,9,71,0.22000000000000003,2,3.853891445413907,18,0,0,0,0,0
344,9,0,2,6,72,-0.12,15,1.1399387109026493,15,0,0,1,0,0
344,10,0,2,7,69,-0.14,13,1.2819192398593673,22,0,0,0,0,0
344,11,1,3,7,18,-0.04000000000000001,9,1.610100866217113,2,0,0,1,0,1
344,12,2,3,8,23,0.04000000000000001,4,2.3456258368803566,4,0,0,0,0,0
345,1,0,2,5,49,-0.1,12,1.1074068918926863,6,0,0,1,1,0
345,2,2,3,7,56,0.06,4,2.3477703560582883,10,0,0,0,1,0
345,3,3,5,13,67,0.03999999999999998,4,4.321410710708704,7,0,0,1,1,1
345,4,2,2,7,72,0.06,2,2.0407333364625684,10,0,0,0,1,0
345,5,3,5,10,64,0.09999999999999998,2,3.629132572918406,5,0,1,1,1,0
345,6,2,5,12,54,-0.03999999999999998,1,3.998559736221616,4,0,0,0,1,0
345,7,0,3,8,74,-0.16,11,1.8741339875920273,5,0,1,1,0,0
345,8,4,5,9,71,0.22000000000000003,3,3.5958078643726483,7,0,0,0,0,0
345,9,0,1,6,72,-0.12,16,1.0636004256021108,6,0,0,1,0,0
345,10,0,2,7,69,-0.14,14,1.1960729432745756,6,0,1,0,0,1
345,11,2,4,8,19,0.04000000000000001,1,2.5022772278825576,4,0,0,1,0,0
345,12,2,3,8,23,0.04000000000000001,5,2.1885462916105065,3,0,1,0,0,0
346,1,0,1,5,49,-0.1,13,1.033247165191111,7,0,0,1,1,0
346,2,2,3,7,56,0.06,5,2.1905471987545004,14,0,1,0,1,0
346,3,4,6,13,68,0.14,1,5.032018763071743,6,0,0,1,1,0
346,4,2,2,7,72,0.06,3,1.9040715298485602,16,0,1,0,1,0
346,5,3,5,10,64,0.09999999999999998,3,3.386100421193731,22,0,0,1,1,0
346,6,2,5,12,54,-0.03999999999999998,2,3.7307881525254816,10,0,0,0,1,1
346,7,0,3,8,74,-0.16,12,1.7486288409837951,17,0,0,1,0,0
346,8,4,5,9,71,0.22000000000000003,4,3.3550073686871906,13,0,0,0,0,1
346,9,0,1,6,72,-0.12,17,0.992374286899359,18,0,1,1,0,0
346,10,1,3,8,70,-0.06,1,2.115975516359711,6,0,0,0,0,0
346,11,1,3,7,19,-0.04000000000000001,2,2.334707207585692,3,0,1,1,0,0
346,12,1,3,8,23,-0.06,6,2.0419858935781368,6,0,0,0,0,0
347,1,0,1,5,49,-0.1,14,0.9640536935351881,10,0,0,1,1,0
347,2,2,3,7,56,0.06,6,2.043852805956485,11,0,0,0,1,0
347,3,4,6,13,68,0.14,2,4.695039519978173,13,0,0,1,1,0
347,4,2,2,7,72,0.06,4,1.7765615555946677,19,0,0,0,1,0
347,5,3,4,10,64,0.09999999999999998,4,3.1593434056304304,12,0,1,1,1,1
347,6,2,6,13,55,-0.06,1,4.480948430740929,8,0,0,0,1,0
347,7,0,3,8,74,-0.16,13,1.6315283985906506,16,0,1,1,0,1
347,8,4,6,9,72,0.22000000000000003,1,4.130332561834242,8,0,0,0,0,0
347,9,0,1,6,72,-0.12,18,0.9259179496299149,13,0,1,1,0,0
347,10,1,3,8,70,-0.06,2,1.974274966047742,10,0,0,0,0,0
347,11,1,3,7,19,-0.04000000000000001,3,2.1783588502562243,4,0,0,1,0,0
347,12,1,2,7,23,-0.04000000000000001,7,1.9052402069611698,3,0,0,0,0,0
348,1,0,1,5,49,-0.1,15,0.8994939016812451,10,0,0,1,1,0
348,2,1,3,7,56,-0.04000000000000001,7,1.906982097802477,12,0,0,0,1,0
348,3,3,6,13,68,0.03999999999999998,3,4.380626768708771,17,0,0,1,1,0
348,4,2,2,7,72,0.06,5,1.657590542865777,14,0,1,0,1,0
348,5,4,5,10,65,0.2,1,3.9477716290474456,6,0,0,1,1,0
348,6,2,6,13,55,-0.06,2,4.180872719256372,8,0,1,0,1,0
348,7,1,3,9,75,-0.07999999999999999,1,2.5222698225142914,6,0,0,1,0,1
348,8,4,5,8,72,0.24000000000000002,2,3.8537365462100888,20,0,1,0,0,0
348,9,0,1,6,72,-0.12,19,0.8639119944608264,15,0,0,1,0,0
348,10,1,3,8,70,-0.06,3,1.8420636776877537,22,0,0,0,0,0
348,11,1,3,7,19,-0.04000000000000001,4,2.032480674695245,2,0,0,1,0,0
348,12,1,2,7,23,-0.04000000000000001,8,1.7776519698971864,8,0,0,0,0,1
349,1,0,1,5,49,-0.1,16,0.839257485954767,6,0,0,1,1,1
349,2,1,3,7,56,-0.04000000000000001,8,1.7792772115197817,8,0,0,0,1,0
349,3,3,6,13,68,0.03999999999999998,4,4.0872692988145625,12,0,0,1,1,0
349,4,2,2,7,72,0.06,6,1.5465866629531764,7,0,0,0,1,0
349,5,3,4,10,65,0.09999999999999998,2,3.683401172954274,9,0,0,1,1,0
349,6,2,6,12,55,-0.03999999999999998,3,3.900892180482399,4,0,1,0,1,0
349,7,2,4,10,76,0.0,1,3.3533609579635217,6,0,0,1,0,1
349,8,3,5,8,72,0.13999999999999999,3,3.595663338305123,15,0,1,0,0,0
349,9,0,1,6,72,-0.12,20,0.8060583926163147,12,0,0,1,0,0
349,10,1,2,8,70,-0.06,4,1.7187061837942983,11,0,0,0,0,0
349,11,1,3,6,19,-0.01999999999999999,5,1.8963715241516532,4,0,1,1,0,0
349,12,2,3,8,24,0.04000000000000001,1,2.6586079353844703,6,0,0,0,0,0
350,1,1,2,6,50,-0.01999999999999999,1,1.7830549227900363,7,0,0,1,1,0
350,2,1,3,7,56,-0.04000000000000001,9,1.6601243394375707,13,0,1,0,1,0
350,3,3,6,13,68,0.03999999999999998,5,3.8135571010895006,14,0,0,1,1,0
350,4,1,2,6,72,-0.01999999999999999,7,1.4430163808061303,12,0,0,0,1,0
350,5,3,4,10,65,0.09999999999999998,3,3.4367348154317114,10,0,0,1,1,0
350,6,2,6,12,55,-0.03999999999999998,4,3.6396611008180324,8,0,1,0,1,1
350,7,3,4,11,77,0.07999999999999999,1,4.128796406311439,7,0,0,1,0,0
350,8,2,5,8,72,0.04000000000000001,4,3.3548725210980526,18,0,1,0,0,1
350,9,0,0,6,72,-0.12,21,0.7520790734161505,19,0,0,1,0,0
350,10,1,2,8,70,-0.06,5,1.603609572238404,10,0,0,0,0,0
350,11,1,3,5,19,0.0,6,1.769377196244432,3,0,0,1,0,0
350,12,2,3,8,24,0.04000000000000001,2,2.4805689152752675,6,0,0,0,0,0
351,1,1,2,6,50,-0.01999999999999999,2,1.6636490686852188,10,0,0,1,1,0
351,2,1,3,7,56,-0.04000000000000001,10,1.5489507787485028,11,0,0,0,1,0
351,3,2,6,13,68,-0.06,6,3.558174590425972,13,0,0,1,1,0
351,4,1,2,6,72,-0.01999999999999999,8,1.3463818906201606,19,0,0,0,1,0
351,5,3,4,9,65,0.12,4,3.2065869659609474,12,0,1,1,1,1
351,6,3,6,13,56,0.03999999999999998,1,4.395923885076398,9,0,0,0,1,0
351,7,3,4,11,77,0.07999999999999999,2,3.852303262427182,16,0,1,1,0,0
351,8,3,6,9,73,0.12,1,4.130206744584747,9,0,0,0,0,0
351,9,0,0,6,72,-0.12,22,0.7017145877417011,13,0,1,1,0,1
351,10,1,2,7,70,-0.04000000000000001,6,1.4962206364426582,10,0,0,0,0,0
351,11,1,2,5,19,0.0,7,1.6508872985689511,4,0,0,1,0,0
351,12,1,3,8,24,-0.06,3,2.314452635732496,3,0,0,0,0,0
352,1,1,2,6,50,-0.01999999999999999,3,1.5522394674227933,12,0,0,1,1,0
352,2,0,2,7,56,-0.14,11,1.4452221788389832,10,0,0,0,1,1
352,3,1,6,13,68,-0.16,7,3.3198942825153988,15,0,0,1,1,0
352,4,1,2,5,72,0.0,9,1.2562187231563111,19,0,1,0,1,0
352,5,4,5,9,66,0.22000000000000003,1,3.9918514294734777,5,0,0,1,1,0
352,6,3,6,13,56,0.03999999999999998,2,4.101542013060937,9,0,1,0,1,1
352,7,3,4,11,77,0.07999999999999999,3,3.594326037249436,17,0,0,1,0,0
352,8,3,6,9,73,0.12,2,3.853619154565405,16,0,1,0,0,0
352,9,1,1,7,73,-0.04000000000000001,1,1.654722861005657,5,0,0,1,0,0
352,10,1,1,7,70,-0.04000000000000001,7,1.3960232164191992,25,0,1,0,0,0
352,11,1,2,5,19,0.0,8,1.540332314873907,2,0,0,1,0,0
352,12,1,3,8,24,-0.06,4,2.15946066648774,4,0,0,0,0,0
353,1,1,2,6,50,-0.01999999999999999,4,1.4482906338709896,10,0,1,1,1,0
353,2,1,3,8,57,-0.06,1,2.3484399729574794,8,0,0,0,1,0
353,3,1,5,13,68,-0.16,8,3.097570894001285,14,0,1,1,1,0
353,4,1,2,5,72,0.0,10,1.1720935132910815,13,0,0,0,1,0
353,5,3,5,9,66,0.12,2,3.72452908101212,9,0,1,1,1,1
353,6,4,6,14,57,0.12,1,4.826874014360145,8,0,0,0,1,0
353,7,3,4,10,77,0.09999999999999998,4,3.3536247750934796,11,0,1,1,0,0
353,8,2,6,9,73,0.020000000000000018,3,3.5955538080277023,13,0,0,0,0,0
353,9,1,1,7,73,-0.04000000000000001,2,1.543911021168453,10,0,0,1,0,0
353,10,1,1,7,70,-0.04000000000000001,8,1.3025357178704413,10,0,0,0,0,0
353,11,1,2,5,19,0.0,9,1.437180867707617,7,0,0,1,0,0
353,12,1,3,7,24,-0.04000000000000001,5,2.014848045759124,1,0,0,0,0,1
354,1,1,1,5,50,0.0,5,1.3513029427353884,4,0,0,1,1,0
354,2,1,3,8,57,-0.06,2,2.191171973413136,6,0,0,0,1,0
354,3,1,4,13,68,-0.16,9,2.890135837727362,11,0,0,1,1,1
354,4,0,2,4,72,-0.08,11,1.0936019170668645,9,0,1,0,1,0
354,5,3,6,10,67,0.09999999999999998,1,4.475108510522574,4,0,0,1,1,0
354,6,4,6,14,57,0.12,2,4.503632701389725,4,0,1,0,1,0
354,7,3,4,10,77,0.09999999999999998,5,3.129042556397422,12,0,0,1,0,0
354,8,2,6,9,73,0.020000000000000018,4,3.3547703257356467,11,0,0,0,0,0
354,9,1,1,7,73,-0.04000000000000001,3,1.440519918747449,6,0,0,1,0,1
354,10,1,1,7,70,-0.04000000000000001,9,1.2153087974282009,17,0,0,0,0,0
354,11,1,2,5,19,0.0,10,1.3409371643767025,4,0,1,1,0,0
354,12,2,4,8,25,0.04000000000000001,1,2.8799196996267256,4,0,0,0,0,0
355,1,1,1,5,50,0.0,6,1.2608102271328907,13,0,0,1,1,0
355,2,1,3,8,57,-0.06,3,2.0444357413252683,13,0,1,0,1,1
355,3,2,5,14,69,-0.08000000000000002,1,3.6965920866224975,8,0,0,1,1,0
355,4,0,2,3,72,-0.06,12,1.0203666682312842,19,0,1,0,1,0
355,5,3,6,10,67,0.09999999999999998,2,4.175423881024703,13,0,0,1,1,0
355,6,3,5,14,57,0.019999999999999962,3,4.202037892160648,11,0,0,0,1,0
355,7,3,3,10,77,0.09999999999999998,6,2.9194999370414663,20,0,0,1,0,0
355,8,2,6,9,73,0.020000000000000018,5,3.1301113929400404,15,0,1,0,0,0
355,9,2,2,7,74,0.06,1,2.3440526091572913,8,0,0,1,0,0
355,10,1,1,7,70,-0.04000000000000001,10,1.133923202905434,17,0,1,0,0,0
355,11,0,2,5,19,-0.1,11,1.2511386139412783,2,0,0,1,0,1
355,12,2,4,8,25,0.04000000000000001,2,2.6870600927285078,4,0,0,0,0,0
356,1,1,1,5,50,0.0,7,1.1763775379820027,8,0,1,1,1,0
356,2,2,4,8,58,0.04000000000000001,1,2.9075259957334856,4,0,0,0,1,0
356,3,1,5,14,69,-0.18000000000000002,2,3.449042373072678,9,0,1,1,1,0
356,4,0,2,3,72,-0.06,13,0.9520357649242801,5,0,0,0,1,0
356,5,3,6,10,67,0.09999999999999998,3,3.8958082346467053,6,0,0,1,1,0
356,6,3,5,13,57,0.03999999999999998,4,3.92063998507367,12,0,0,0,1,1
356,7,3,3,10,77,0.09999999999999998,7,2.7239897600493204,8,0,0,1,0,0
356,8,2,6,9,73,0.020000000000000018,6,2.9204971967982893,4,0,0,0,0,1
356,9,2,2,7,74,0.06,2,2.1870784182416863,6,0,0,1,0,0
356,10,0,1,7,70,-0.14,11,1.0579877581798554,8,0,1,0,0,0
356,11,1,2,6,20,-0.01999999999999999,1,2.167353603792846,4,0,0,1,0,0
356,12,2,3,8,25,0.04000000000000001,3,2.5071157167576508,4,0,1,0,0,0
357,1,1,1,5,50,0.0,8,1.0975990534400524,10,0,0,1,1,1
357,2,2,4,8,58,0.04000000000000001,2,2.7128176777702486,12,0,0,0,1,0
357,3,1,5,14,69,-0.18000000000000002,3,3.21807032328521,13,0,0,1,1,0
357,4,0,2,3,72,-0.06,14,0.8882807777973338,19,0,0,0,1,0
357,5,3,6,10,67,0.09999999999999998,4,3.634917611626144,12,0,1,1,1,1
357,6,3,5,14,58,0.019999999999999962,1,4.6580864540121105,10,0,0,0,1,0
357,7,3,3,10,77,0.09999999999999998,8,2.541572314734448,16,0,1,1,0,0
357,8,2,6,10,74,0.0,1,3.7249202363035683,10,0,0,0,0,0
357,9,2,2,6,74,0.08000000000000002,3,2.040616319297629,13,0,1,1,0,0
357,10,0,1,6,70,-0.12,12,0.9871374830238708,10,0,0,0,0,0
357,11,1,2,6,20,-0.01999999999999999,2,2.022212416664919,4,0,0,1,0,0
357,12,2,3,8,25,0.04000000000000001,4,2.339221677335338,3,0,0,0,0,0
358,1,2,2,5,51,0.1,1,2.0240961283391403,5,0,0,1,1,0
358,2,2,3,8,58,0.04000000000000001,3,2.53114839338391,11,0,1,0,1,0
358,3,1,4,14,69,-0.18000000000000002,4,3.0025657807106207,13,0,0,1,1,0
358,4,0,2,3,72,-0.06,15,0.8287952714328884,14,0,1,0,1,0
358,5,3,7,11,68,0.07999999999999999,1,4.3914980531653685,5,0,0,1,1,1
358,6,3,5,14,58,0.019999999999999962,2,4.3461483390239986,8,0,1,0,1,0
358,7,2,3,10,77,0.0,9,2.37137082002381,13,0,0,1,0,0
358,8,2,6,10,74,0.0,2,3.47547347131431,14,0,0,0,0,0
358,9,2,2,5,74,0.1,4,1.903962348973096,13,0,0,1,0,1
358,10,0,1,6,70,-0.12,13,0.9210318388438766,16,0,0,0,0,0
358,11,1,2,6,20,-0.01999999999999999,3,1.8867909006437464,3,0,0,1,0,0
358,12,2,3,8,25,0.04000000000000001,5,2.1825709994719387,4,0,0,0,0,0
359,1,2,2,5,51,0.1,2,1.8885484657823377,13,0,0,1,1,0
359,2,2,3,8,58,0.04000000000000001,4,2.3616449575025733,10,0,0,0,1,1
359,3,1,4,13,69,-0.16,5,2.8014929326624802,16,0,0,1,1,1
359,4,0,2,3,72,-0.06,16,0.7732933314765882,19,0,1,0,1,0
359,5,4,7,12,69,0.16000000000000003,1,5.09741256587295,6,0,0,1,1,0
359,6,3,5,14,58,0.019999999999999962,3,4.055099786422288,9,0,1,0,1,0
359,7,1,3,10,77,-0.1,10,2.2125672102499077,17,0,0,1,0,0
359,8,2,5,10,74,0.0,3,3.2427314099472033,16,0,1,0,0,0
359,9,3,3,6,75,0.18,1,2.776459686235815,6,0,0,1,0,0
359,10,0,1,6,70,-0.12,14,0.8593530918971489,25,0,1,0,0,0
359,11,1,2,6,20,-0.01999999999999999,4,1.7604381584320619,2,0,0,1,0,0
359,12,1,3,7,25,-0.04000000000000001,6,2.0364107488787826,5,0,0,0,0,0
360,1,1,2,5,51,0.0,3,1.7620780246911425,11,0,1,1,1,0
360,2,3,4,9,59,0.12,1,3.2034926596464426,9,0,1,0,1,0
360,3,2,5,14,70,-0.08000000000000002,1,3.613885331731298,9,0,1,1,1,1
360,4,0,1,3,72,-0.06,17,0.7215081904030651,12,0,1,0,1,0
360,5,4,7,12,69,0.16000000000000003,2,4.756054095433751,13,0,0,1,1,0
360,6,3,5,14,58,0.019999999999999962,4,3.7835418847058566,14,0,0,0,1,0
360,7,0,3,10,77,-0.2,11,2.0643982031557195,16,0,0,1,0,1
360,8,2,4,10,74,0.0,4,3.0255753881734084,11,0,0,0,0,0
360,9,3,3,6,75,0.18,2,2.590528486929948,13,0,0,1,0,0
360,10,0,1,5,70,-0.1,15,0.8018047861192018,12,0,0,0,0,0
360,11,1,2,5,20,0.0,5,1.642546881377415,5,0,0,1,0,0
360,12,1,3,7,25,-0.04000000000000001,7,1.9000384130240808,4,0,0,0,0,0
361,1,1,2,5,51,0.0,4,1.644076930698845,12,0,0,1,1,0
361,2,3,4,8,59,0.13999999999999999,2,2.988964339596124,16,0,1,0,1,0
361,3,3,5,15,71,0.0,1,4.37187424213624,10,0,0,1,1,0
361,4,0,1,3,72,-0.06,18,0.6731909453100803,14,0,1,0,1,0
361,5,4,7,12,69,0.16000000000000003,3,4.437555380573437,14,0,0,1,1,1
361,6,2,5,14,58,-0.08000000000000002,5,3.5301694032919158,10,0,1,0,1,0
361,7,1,4,11,78,-0.12,1,2.9261516312135907,10,0,0,1,0,0
361,8,1,4,10,74,-0.1,5,2.8229616555475725,19,0,1,0,0,0
361,9,3,3,6,75,0.18,3,2.4170485438215685,19,0,0,1,0,0
361,10,0,1,4,70,-0.08,16,0.7481103182213289,14,0,0,0,0,0
361,11,1,2,5,20,0.0,6,1.532550430471023,2,0,0,1,0,1
361,12,1,2,7,25,-0.04000000000000001,8,1.7727985245387061,9,0,0,0,0,0
362,1,1,2,5,51,0.0,5,1.5339780169665957,7,0,0,1,1,0
362,2,3,3,8,59,0.13999999999999999,3,2.7888023393702093,9,0,0,0,1,0
362,3,3,4,15,71,0.0,2,4.079102902763089,9,0,0,1,1,0
362,4,0,1,3,72,-0.06,19,0.6281093615781556,9,0,1,0,1,0
362,5,4,8,13,70,0.14,1,5.14038557184669,2,0,0,1,1,0
362,6,2,5,14,58,-0.08000000000000002,6,3.2937645189851623,8,0,1,0,1,1
362,7,1,4,10,78,-0.1,2,2.7301960101615252,7,0,0,1,0,1
362,8,1,4,10,74,-0.1,6,2.63391635846925,8,0,0,0,0,0
362,9,2,3,6,75,0.08000000000000002,4,2.255186033531522,7,0,0,1,0,0
362,10,0,1,4,70,-0.08,17,0.6980116082095995,16,0,1,0,0,0
362,11,2,3,6,21,0.08000000000000002,1,2.4299201128234005,2,0,0,1,0,0
362,12,1,2,6,25,-0.01999999999999999,9,1.6540795107423873,7,0,1,0,0,0
363,1,1,2,5,51,0.0,6,1.4312520981220422,11,0,0,1,1,0
363,2,2,3,8,59,0.04000000000000001,4,2.6020445895074333,15,0,0,0,1,0
363,3,3,4,15,71,0.0,3,3.8059375841515197,16,0,0,1,1,0
363,4,0,1,3,72,-0.06,20,0.5860467566455407,15,0,0,0,1,0
363,5,4,7,13,70,0.14,2,4.79614932775276,10,0,1,1,1,0
363,6,2,6,15,59,-0.09999999999999998,1,4.073190962566519,5,0,1,0,1,1
363,7,2,5,11,79,-0.01999999999999999,1,3.5473629508428637,5,0,1,1,0,0
363,8,1,3,9,74,-0.07999999999999999,7,2.4575308594002983,22,0,1,0,0,0
363,9,2,3,6,75,0.08000000000000002,5,2.104162971337943,16,0,0,1,0,1
363,10,0,1,3,70,-0.06,18,0.6512678589352205,12,0,0,0,0,0
363,11,2,3,6,21,0.08000000000000002,2,2.267195632063074,5,0,0,1,0,0
363,12,1,2,6,25,-0.01999999999999999,10,1.5433107541477085,6,0,0,0,0,0
364,1,1,2,5,51,0.0,7,1.3354054267541413,12,0,0,1,1,0
364,2,2,3,7,59,0.06,5,2.4277934474602847,13,0,0,0,1,0
364,3,3,4,15,71,0.0,4,3.551065329743262,14,0,0,1,1,1
364,4,0,0,3,72,-0.06,21,0.5468009585334322,20,0,0,0,1,0
364,5,3,6,13,70,0.03999999999999998,3,4.474965555130406,10,0,1,1,1,0
364,6,3,7,16,60,-0.020000000000000018,1,4.8004215489041275,6,0,0,0,1,0
364,7,2,5,10,79,0.0,2,3.309806666091754,16,0,1,1,0,0
364,8,1,3,9,74,-0.07999999999999999,8,2.2929573695402814,18,0,1,0,0,0
364,9,3,4,7,76,0.15999999999999998,1,2.9632534718284185,6,0,0,1,0,0
364,10,0,1,3,70,-0.06,19,0.6076543987141003,15,0,1,0,0,1
364,11,2,3,6,21,0.08000000000000002,3,2.115368322982993,5,0,0,1,0,0
364,12,0,2,6,25,-0.12,11,1.4399598498133628,1,0,0,0,0,0
365,1,1,2,5,51,0.0,8,1.2459773202389035,7,0,0,1,1,0
365,2,2,3,7,59,0.06,6,2.2652113831173284,15,0,1,0,1,0
365,3,3,5,15,72,0.0,1,4.313261107752995,7,0,0,1,1,0
365,4,0,0,2,72,-0.04,22,0.5101833341156421,16,0,1,0,1,0
365,5,3,6,13,70,0.03999999999999998,4,4.175290498927493,22,0,0,1,1,1
365,6,3,6,16,60,-0.020000000000000018,2,4.478951678411772,10,0,0,0,1,1
365,7,2,5,10,79,0.0,3,3.088158815072056,18,0,0,1,0,0
365,8,1,3,9,74,-0.07999999999999999,9,2.1394048739685374,13,0,0,0,0,0
365,9,2,4,7,76,0.06,2,2.7648132515019,19,0,1,1,0,0
365,10,1,2,4,71,0.020000000000000004,1,1.566961601452717,7,0,0,0,0,0
365,11,2,2,6,21,0.08000000000000002,4,1.9737084345950213,3,0,1,1,0,0
365,12,0,2,6,25,-0.12,12,1.3435300463642539,6,0,0,0,0,0
366,1,1,2,5,51,0.0,9,1.162537946489519,9,0,0,1,1,0
366,2,1,3,7,59,-0.04000000000000001,7,2.11351695325319,13,0,0,0,1,0
366,3,3,4,14,72,0.019999999999999962,2,4.02441491464614,14,0,0,1,1,0
366,4,0,0,2,72,-0.04,23,0.47601788246214005,17,0,1,0,1,1
366,5,4,7,14,71,0.12,1,4.895683784749528,5,0,1,1,1,0
366,6,4,7,16,61,0.08000000000000002,1,5.17900968345734,5,0,1,0,1,0
366,7,2,5,10,79,0.0,4,2.881354057567443,11,0,1,1,0,0
366,8,1,3,9,74,-0.07999999999999999,10,1.9961353296672908,18,0,0,0,0,1
366,9,2,4,7,76,0.06,3,2.5796619790894253,12,0,0,1,0,0
366,10,1,1,4,71,0.020000000000000004,2,1.4620268706267352,18,0,0,0,0,0
366,11,1,2,6,21,-0.01999999999999999,5,1.841535085151622,6,0,0,1,0,0
366,12,0,2,6,25,-0.12,13,1.2535578583788254,4,0,0,0,0,0
367,1,1,2,5,51,0.0,10,1.0846862579881729,12,0,0,1,1,0
367,2,1,3,7,59,-0.04000000000000001,8,1.9719810455575826,8,0,0,0,1,0
367,3,3,4,14,72,0.019999999999999962,3,3.754911886997634,15,0,1,1,1,1
367,4,1,1,3,73,0.04000000000000001,1,1.444140388898667,11,0,0,0,1,0
367,5,4,7,14,71,0.12,2,4.567834487303092,16,0,1,1,1,0
367,6,3,6,15,61,0.0,2,4.832186898154296,19,0,0,0,1,0
367,7,2,5,9,79,0.020000000000000018,5,2.6883983960088695,18,0,1,1,0,0
367,8,1,3,10,75,-0.1,1,2.862460118151784,11,0,0,0,0,0
367,9,2,4,7,76,0.06,4,2.4069097335035674,19,0,1,1,0,0
367,10,1,1,4,71,0.020000000000000004,3,1.3641193048080595,14,0,0,0,0,0
367,11,1,2,6,21,-0.01999999999999999,6,1.7182129895190072,1,0,0,1,0,1
367,12,0,2,6,25,-0.12,14,1.169610838667669,4,0,0,0,0,0
368,1,0,2,5,51,-0.1,11,1.0120480641695702,7,0,0,1,1,0
368,2,1,3,7,59,-0.04000000000000001,9,1.8399233741904726,13,0,1,0,1,0
368,3,4,5,14,73,0.12,1,4.503456670882521,2,0,0,1,1,0
368,4,1,1,3,73,0.04000000000000001,2,1.3474306272532517,9,0,1,0,1,0
368,5,3,6,14,71,0.019999999999999962,3,4.2619402765334025,10,0,0,1,1,0
368,6,3,6,15,61,0.0,3,4.5085897972498685,10,0,0,0,1,0
368,7,2,4,9,79,0.020000000000000018,6,2.5083643978709103,11,0,0,1,0,0
368,8,1,3,10,75,-0.1,2,2.6707697271939623,7,0,0,0,0,0
368,9,2,4,6,76,0.08000000000000002,5,2.2457261890098934,9,0,0,1,0,0
368,10,1,1,4,71,0.020000000000000004,4,1.2727683157781737,9,0,1,0,0,1
368,11,2,3,7,22,0.06,1,2.6031494057083204,2,0,0,1,0,0
368,12,0,2,6,25,-0.12,15,1.0912854997359693,6,0,1,0,0,1
369,1,0,2,5,51,-0.1,12,0.9442742328911689,2,0,0,1,1,0
369,2,1,3,7,59,-0.04000000000000001,10,1.7167092100194334,7,0,0,0,1,0
369,3,4,5,13,73,0.14,2,4.20187364988991,10,0,0,1,1,0
369,4,1,1,3,73,0.04000000000000001,3,1.2571972290344182,9,0,0,0,1,0
369,5,2,6,14,71,-0.08000000000000002,4,3.9765308859651687,18,0,0,1,1,0
369,6,3,6,15,61,0.0,4,4.206663026140373,4,0,0,0,1,1
369,7,2,3,8,79,0.04000000000000001,7,2.340386738009918,14,0,0,1,0,0
369,8,1,3,10,75,-0.1,3,2.491916268269726,9,0,0,0,0,0
369,9,1,4,6,76,-0.01999999999999999,6,2.0953366243044544,12,0,1,1,0,1
369,10,2,2,5,72,0.1,1,2.1875348292037735,4,0,0,0,0,0
369,11,2,3,7,22,0.06,2,2.4288242774252966,5,0,1,1,0,0
369,12,1,2,7,26,-0.04000000000000001,1,2.0182053744393915,4,0,0,0,0,0
370,1,0,1,5,51,-0.1,13,0.8810390123455712,12,0,0,1,1,0
370,2,0,3,7,59,-0.14,11,1.6017463298232213,13,0,0,0,1,0
370,3,3,5,12,73,0.06,3,3.9204867416164664,14,0,0,1,1,0
370,4,1,1,3,73,0.04000000000000001,4,1.173006491557768,20,0,0,0,1,0
370,5,2,6,13,71,-0.06,5,3.7102345084705926,11,0,1,1,1,0
370,6,4,7,16,62,0.08000000000000002,1,4.924955387667032,7,0,0,0,1,0
370,7,2,2,8,79,0.04000000000000001,8,2.1836580395184644,16,0,1,1,0,0
370,8,1,3,10,75,-0.1,4,2.32504009044294,18,0,1,0,0,0
370,9,2,5,7,77,0.06,1,2.9550181988514206,7,0,0,1,0,0
370,10,2,2,5,72,0.1,2,2.041042165782956,15,0,1,0,0,1
370,11,2,3,7,22,0.06,3,2.266173181483349,5,0,0,1,0,1
370,12,1,2,7,26,-0.04000000000000001,2,1.883052198048848,1,0,0,0,0,0
371,1,0,1,5,51,-0.1,14,0.8220384653494225,4,0,0,1,1,0
371,2,0,3,7,59,-0.14,12,1.494482169798062,10,0,0,0,1,0
371,3,2,5,12,73,-0.03999999999999998,4,3.657943472810802,9,0,0,1,1,0
371,4,1,1,3,73,0.04000000000000001,5,1.0944537559102392,9,0,0,0,1,1
371,5,2,6,12,71,-0.03999999999999998,6,3.461771202741413,16,0,0,1,1,0
371,6,4,6,16,62,0.08000000000000002,2,4.595145858540287,8,0,0,0,1,0
371,7,1,2,8,79,-0.06,9,2.0374249931053128,9,0,0,1,0,0
371,8,1,2,10,75,-0.1,5,2.1693391110289855,6,0,0,0,0,0
371,9,2,5,7,77,0.06,2,2.7571294701200495,12,0,1,1,0,1
371,10,3,3,6,73,0.18,1,2.9043596777932357,3,0,1,0,0,0
371,11,3,4,8,23,0.13999999999999999,1,3.1144143428598934,3,0,1,1,0,0
371,12,1,2,6,26,-0.01999999999999999,3,1.7569498255654774,7,0,1,0,0,0
372,1,0,1,5,51,-0.1,15,0.7669890084832979,14,0,0,1,1,0
372,2,0,3,6,59,-0.12,13,1.3944011696851046,9,0,0,0,1,0
372,3,2,5,12,73,-0.03999999999999998,5,3.412981941309201,16,0,1,1,1,0
372,4,2,2,4,74,0.12000000000000001,1,2.021161461975625,12,0,0,0,1,0
372,5,1,5,12,71,-0.13999999999999999,7,3.2299467413097926,14,0,1,1,1,1
372,6,4,6,15,62,0.10000000000000003,3,4.287422686941816,16,0,0,0,1,1
372,7,1,2,8,79,-0.06,10,1.9009847363489092,17,0,0,1,0,0
372,8,1,2,10,75,-0.1,6,2.024064960421173,19,0,1,0,0,0
372,9,3,5,8,78,0.13999999999999999,1,3.5724927575604024,12,0,0,1,0,0
372,10,3,3,6,73,0.18,2,2.7098633986703007,19,0,1,0,0,0
372,11,2,4,8,23,0.04000000000000001,2,2.9058513312037064,2,0,0,1,0,0
372,12,1,2,6,26,-0.01999999999999999,4,1.6392921517274293,2,0,0,0,0,0
373,1,0,1,4,51,-0.08,16,0.7156260490610211,9,0,0,1,1,1
373,2,0,2,6,59,-0.12,14,1.3010222947537167,13,0,0,0,1,0
373,3,2,5,12,73,-0.03999999999999998,6,3.1844247507608245,14,0,0,1,1,0
373,4,2,2,4,74,0.12000000000000001,2,1.8858103252460248,17,0,1,0,1,0
373,5,2,6,13,72,-0.06,1,4.013646870548838,6,0,1,1,1,0
373,6,4,6,15,63,0.10000000000000003,1,5.0003068155801,6,0,1,0,1,0
373,7,0,2,8,79,-0.16,11,1.7736814754214318,11,0,1,1,0,0
373,8,1,2,10,75,-0.1,7,1.8885193850865967,18,0,0,0,0,0
373,9,3,5,8,78,0.13999999999999999,2,3.3332536048301606,13,0,0,1,0,0
373,10,3,3,6,73,0.18,3,2.528391953517451,18,0,0,0,0,1
373,11,2,4,8,23,0.04000000000000001,3,2.7112551605142086,6,0,0,1,0,0
373,12,1,2,6,26,-0.01999999999999999,5,1.5295136603290533,4,0,0,0,0,0
374,1,1,2,5,52,0.0,1,1.6677027133770705,3,0,0,1,1,0
374,2,0,2,6,59,-0.12,15,1.2138967237301423,12,0,1,0,1,1
374,3,2,5,12,73,-0.03999999999999998,7,2.9711733515262244,12,0,0,1,1,1
374,4,2,2,4,74,0.12000000000000001,3,1.7595232492352983,14,0,0,0,1,0
374,5,2,5,13,72,-0.06,2,3.7448649466005275,19,0,0,1,1,0
374,6,3,6,14,63,0.019999999999999962,2,4.665451226742587,8,0,0,0,1,0
374,7,0,2,8,79,-0.16,12,1.654903333045877,15,0,0,1,0,0
374,8,1,2,9,75,-0.07999999999999999,8,1.7620508914425992,12,0,0,0,0,0
374,9,2,5,8,78,0.04000000000000001,3,3.110035582465532,19,0,1,1,0,0
374,10,4,4,7,74,0.26,1,3.3590731081679794,3,0,0,0,0,0
374,11,2,4,8,23,0.04000000000000001,4,2.529690513234179,5,0,1,1,0,0
374,12,1,1,6,26,-0.01999999999999999,6,1.4270867060932289,4,0,0,0,0,0
375,1,1,2,5,52,0.0,2,1.556021651656259,11,0,1,1,1,0
375,2,1,3,7,60,-0.04000000000000001,1,2.1326056915586644,10,0,1,0,1,0
375,3,2,5,12,74,-0.03999999999999998,1,3.7722027605489554,10,0,1,1,1,0
375,4,2,2,4,74,0.12000000000000001,4,1.641693240912574,12,0,1,0,1,1
375,5,2,5,13,72,-0.06,3,3.4940825440280165,13,0,0,1,1,0
375,6,3,6,14,63,0.019999999999999962,3,4.353019914956704,14,0,0,0,1,0
375,7,0,2,8,79,-0.16,13,1.544079407536028,17,0,0,1,0,0
375,8,1,2,9,75,-0.07999999999999999,9,1.6440516144827866,11,0,0,0,0,0
375,9,2,4,7,78,0.06,4,2.9017658032937326,13,0,0,1,0,0
375,10,3,4,7,74,0.15999999999999998,2,3.134126030904812,13,0,0,0,0,0
375,11,2,4,8,23,0.04000000000000001,5,2.360284707225168,6,0,0,1,0,0
375,12,1,1,6,26,-0.01999999999999999,7,1.331518978568574,4,0,0,0,0,1
376,1,1,2,4,52,0.020000000000000004,3,1.4518195365408835,6,0,0,1,1,0
376,2,1,2,7,60,-0.04000000000000001,2,1.9897914681634026,5,0,0,0,1,0
376,3,2,5,12,74,-0.03999999999999998,2,3.5195896263583952,11,0,1,1,1,0
376,4,3,3,5,75,0.19999999999999998,1,2.5317539557544153,2,0,0,0,1,0
376,5,1,5,13,72,-0.16,4,3.2600942887309987,12,0,1,1,1,0
376,6,2,6,14,63,-0.08000000000000002,4,4.061511193471352,9,0,0,0,1,0
376,7,0,2,8,79,-0.16,14,1.4406770287837214,12,0,0,1,0,1
376,8,1,2,9,75,-0.07999999999999999,10,1.5339543961017923,14,0,0,0,0,0
376,9,2,4,7,78,0.06,5,2.7074432281863583,13,0,0,1,0,0
376,10,3,4,7,74,0.15999999999999998,3,2.924242986468497,12,0,0,0,0,0
376,11,2,3,7,23,0.06,6,2.202223501260876,4,0,1,1,0,1
376,12,2,2,7,27,0.06,1,2.2423511358618704,2,0,0,0,0,0
377,1,1,2,4,52,0.020000000000000004,4,1.3545955253503217,9,0,0,1,1,1
377,2,1,2,7,60,-0.04000000000000001,3,1.8565410860749156,11,0,0,0,1,0
377,3,2,5,12,74,-0.03999999999999998,3,3.283893238063088,12,0,0,1,1,0
377,4,2,3,5,75,0.1,2,2.362209967172688,7,0,0,0,1,0
377,5,1,5,12,72,-0.13999999999999999,5,3.041775526906744,8,0,0,1,1,0
377,6,2,5,14,63,-0.08000000000000002,5,3.7895239390048046,9,0,1,0,1,0
377,7,1,3,9,80,-0.07999999999999999,1,2.3441991980044348,2,0,0,1,0,0
377,8,0,1,9,75,-0.18,11,1.4312300590758922,12,0,1,0,0,0
377,9,2,4,7,78,0.06,6,2.526133854610789,12,0,0,1,0,0
377,10,3,4,7,74,0.15999999999999998,4,2.7284151816452296,11,0,1,0,0,1
377,11,3,4,8,24,0.13999999999999999,1,3.0547471814140974,2,0,0,1,0,0
377,12,2,2,6,27,0.08000000000000002,2,2.092187588369159,9,0,1,0,0,0
378,1,2,2,5,53,0.1,1,2.263882315339984,4,0,0,1,1,0
378,2,1,2,7,60,-0.04000000000000001,4,1.732214083451472,12,0,1,0,1,0
378,3,1,5,12,74,-0.13999999999999999,4,3.0639807317974963,12,0,0,1,1,1
378,4,2,3,5,75,0.1,3,2.204019832309197,14,0,0,0,1,0
378,5,1,4,12,72,-0.13999999999999999,6,2.838076919453248,19,0,0,1,1,0
378,6,2,5,14,63,-0.08000000000000002,6,3.5357508573099987,8,0,0,0,1,0
378,7,1,3,8,80,-0.06,2,2.1872151904722625,15,0,0,1,0,0
378,8,0,1,8,75,-0.16,12,1.3353848635969814,12,0,0,0,0,0
378,9,2,4,7,78,0.06,7,2.356966227389911,19,0,1,1,0,1
378,10,4,5,8,75,0.24000000000000002,1,3.5457013790848904,4,0,0,0,0,0
378,11,2,4,8,24,0.04000000000000001,2,2.850179901063426,5,0,1,1,0,0
378,12,2,2,6,27,0.08000000000000002,3,1.9520800444322552,4,0,0,0,0,0
379,1,2,2,5,53,0.1,2,2.1122768891689394,13,0,0,1,1,0
379,2,1,2,7,60,-0.04000000000000001,5,1.616212888264916,15,0,1,0,1,0
379,3,2,6,13,75,-0.06,1,3.8587951082001544,9,0,0,1,1,0
379,4,2,3,5,75,0.1,4,2.0564232175459027,20,0,1,0,1,0
379,5,1,3,11,72,-0.12,7,2.6480193983690308,14,0,0,1,1,0
379,6,2,5,14,63,-0.08000000000000002,7,3.2989721997247794,13,0,0,0,1,0
379,7,1,3,8,80,-0.06,3,2.040743932301083,21,0,0,1,0,0
379,8,0,1,8,75,-0.16,13,1.2459581341348631,15,0,1,0,0,1
379,9,3,4,8,79,0.13999999999999999,1,3.1991272500928316,9,0,0,1,0,1
379,10,3,5,7,75,0.15999999999999998,2,3.308256364823759,18,0,1,0,0,0
379,11,2,4,8,24,0.04000000000000001,3,2.65931187950729,3,0,0,1,0,0
379,12,1,2,6,27,-0.01999999999999999,4,1.8213550835759311,4,0,0,0,0,0
380,1,2,2,5,53,0.1,3,1.970824024855357,14,0,0,1,1,0
380,2,1,1,7,60,-0.04000000000000001,6,1.5079799460981584,9,0,0,0,1,0
380,3,2,5,13,75,-0.06,2,3.6003831435315883,16,0,0,1,1,0
380,4,2,3,5,75,0.1,5,1.9187107065326006,23,0,0,0,1,0
380,5,1,3,11,72,-0.12,8,2.470689460907754,14,0,0,1,1,0
380,6,1,5,14,63,-0.18000000000000002,8,3.078049900505973,17,0,0,0,1,0
380,7,1,3,7,80,-0.04000000000000001,4,1.9040814161154673,23,0,1,1,0,0
380,8,1,2,9,76,-0.07999999999999999,1,2.16252004522147,9,0,1,0,0,0
380,9,3,5,8,80,0.13999999999999999,1,3.984891268461035,9,0,1,1,0,1
380,10,3,5,7,75,0.15999999999999998,3,3.0867123328421955,17,0,1,0,0,0
380,11,2,4,8,24,0.04000000000000001,4,2.4812257183660567,1,0,0,1,0,1
380,12,1,2,6,27,-0.01999999999999999,5,1.6993843822796229,4,0,0,0,0,0
381,1,2,2,5,53,0.1,4,1.8388438357034051,10,0,0,1,1,0
381,2,1,1,7,60,-0.04000000000000001,7,1.4069950402854783,9,0,0,0,1,0
381,3,2,4,13,75,-0.06,3,3.3592762550879725,11,0,0,1,1,0
381,4,2,3,5,75,0.1,6,1.7902203904098137,13,0,0,0,1,1
381,5,1,3,11,72,-0.12,9,2.305234778869224,8,0,0,1,1,0
381,6,1,5,13,63,-0.16,9,2.87192210676866,11,0,0,0,1,0
381,7,1,2,7,80,-0.04000000000000001,5,1.7765707798078552,13,0,0,1,0,0
381,8,1,2,9,76,-0.07999999999999999,2,2.0177025470513,9,0,1,0,0,0
381,9,4,6,9,81,0.22000000000000003,1,4.718035021161103,2,0,0,1,0,0
381,10,2,5,7,75,0.06,4,2.880004441925311,14,0,1,0,0,0
381,11,2,5,8,25,0.04000000000000001,1,3.3150654546851457,2,0,0,1,0,1
381,12,1,2,6,27,-0.01999999999999999,6,1.585581693969286,4,0,1,0,0,0
382,1,2,2,5,53,0.1,5,1.7157019649953658,8,0,0,1,1,0
382,2,1,1,6,60,-0.01999999999999999,8,1.3127727915150107,8,0,0,0,1,1
382,3,2,4,13,75,-0.06,4,3.134315573683294,10,0,1,1,1,0
382,4,2,4,6,76,0.08000000000000002,1,2.67033468637426,2,0,0,0,1,0
382,5,1,2,11,72,-0.12,10,2.1508601019230427,10,0,1,1,1,0
382,6,1,5,13,63,-0.16,10,2.6795980747390535,13,0,0,0,1,0
382,7,1,2,7,80,-0.04000000000000001,6,1.6575991493610018,8,0,0,1,0,0
382,8,1,2,9,76,-0.07999999999999999,3,1.8825830435067106,11,0,0,0,0,0
382,9,3,6,9,81,0.12,2,4.402082329969368,14,0,0,1,0,1
382,10,2,5,6,75,0.08000000000000002,5,2.6871391600888663,11,0,1,0,0,0
382,11,3,5,9,26,0.12,1,4.093065438325208,2,0,0,1,0,0
382,12,1,2,6,27,-0.01999999999999999,7,1.4794000312501616,5,0,1,0,0,0
383,1,2,2,5,53,0.1,6,1.600806536985205,14,0,1,1,1,0
383,2,2,2,7,61,0.06,1,2.224860324875376,6,0,0,0,1,0
383,3,2,4,12,75,-0.03999999999999998,5,2.9244198361341285,19,0,1,1,1,1
383,4,2,4,6,76,0.08000000000000002,2,2.491510360832278,16,0,0,0,1,0
383,5,0,2,11,72,-0.22,11,2.006823435274419,11,0,0,1,1,1
383,6,0,4,12,63,-0.24,11,2.500153407790049,15,0,0,0,1,0
383,7,1,1,7,80,-0.04000000000000001,7,1.5465946930971628,18,0,0,1,0,0
383,8,1,2,9,76,-0.07999999999999999,4,1.7565120888995338,13,0,1,0,0,0
383,9,4,7,10,82,0.2,1,5.1072880453226395,6,0,0,1,0,0
383,10,2,5,6,75,0.08000000000000002,6,2.507189489213419,17,0,1,0,0,0
383,11,3,5,9,26,0.12,2,3.818965090476483,6,0,0,1,0,0
383,12,1,2,6,27,-0.01999999999999999,8,1.3803290368369847,2,0,0,0,0,0
384,1,1,2,4,53,0.020000000000000004,7,1.4936053120749826,10,0,0,1,1,0
384,2,2,2,7,61,0.06,2,2.0758680846700255,15,0,1,0,1,1
384,3,3,5,12,76,0.06,1,3.728580188217806,9,0,0,1,1,0
384,4,2,4,6,76,0.08000000000000002,3,2.324661365412291,16,0,1,0,1,0
384,5,1,3,12,73,-0.13999999999999999,1,2.8724324733002637,9,0,0,1,1,1
384,6,0,3,12,63,-0.24,12,2.332725613371293,12,0,1,0,1,0
384,7,1,1,7,80,-0.04000000000000001,8,1.4430238731953964,16,0,0,1,0,0
384,8,1,2,9,76,-0.07999999999999999,5,1.6388837289764986,15,0,0,0,0,0
384,9,4,6,10,82,0.2,2,4.765268243567556,15,0,0,1,0,0
384,10,1,5,6,75,-0.01999999999999999,7,2.3392905094704366,21,0,0,0,0,0
384,11,3,5,9,26,0.12,3,3.5632204229419076,4,0,0,1,0,0
384,12,1,2,6,27,-0.01999999999999999,9,1.2878925305451319,7,0,0,0,0,0
385,1,1,2,4,53,0.020000000000000004,8,1.3935830325005878,11,0,1,1,1,1
385,2,2,3,8,62,0.04000000000000001,1,2.9368534090754563,6,0,0,0,1,0
385,3,2,4,12,76,-0.03999999999999998,2,3.4788883271977316,19,0,1,1,1,1
385,4,2,4,6,76,0.08000000000000002,4,2.168985748080669,12,0,1,0,1,0
385,5,2,4,13,74,-0.06,1,3.6800742635508157,6,0,0,1,1,0
385,6,0,3,11,63,-0.22,13,2.1765099574783515,14,0,1,0,1,0
385,7,1,1,6,80,-0.01999999999999999,9,1.3463888812665312,13,0,0,1,0,0
385,8,1,2,9,76,-0.07999999999999999,6,1.5291325884279408,12,0,0,0,0,0
385,9,4,6,10,82,0.2,3,4.446152484771185,12,0,0,1,0,0
385,10,1,4,6,75,-0.01999999999999999,8,2.1826352221248637,20,0,0,0,0,0
385,11,3,5,9,26,0.12,4,3.3246022107225364,6,0,0,1,0,0
385,12,1,2,6,27,-0.01999999999999999,10,1.2016462205524334,5,0,0,0,0,0
386,1,2,3,5,54,0.1,1,2.3002589457689595,6,0,0,1,1,0
386,2,2,3,8,62,0.04000000000000001,2,2.7401811219747443,16,0,1,0,1,1
386,3,3,5,13,77,0.03999999999999998,1,4.245917583147779,6,0,0,1,1,0
386,4,1,4,6,76,-0.01999999999999999,5,2.0237352611324066,14,0,1,0,1,0
386,5,2,3,13,74,-0.06,2,3.433630699198431,14,0,0,1,1,0
386,6,0,2,11,63,-0.22,14,2.0307555967356756,10,0,0,0,1,0
386,7,1,1,6,80,-0.01999999999999999,10,1.256225245660007,17,0,0,1,0,0
386,8,1,2,9,76,-0.07999999999999999,7,1.4267311534373432,13,0,0,0,0,1
386,9,4,6,10,82,0.2,4,4.148406953694868,17,0,0,1,0,0
386,10,1,4,6,75,-0.01999999999999999,9,2.0364706707327658,11,0,0,0,0,0
386,11,3,5,8,26,0.13999999999999999,5,3.1019635463403317,4,0,0,1,0,0
386,12,0,2,5,27,-0.1,11,1.1211755679309352,3,0,0,0,0,0
387,1,2,3,5,54,0.1,2,2.1462174854801153,12,0,1,1,1,1
387,2,3,4,9,63,0.12,1,3.556679389588781,5,0,0,0,1,0
387,3,3,5,13,77,0.03999999999999998,2,3.9615811844231037,17,0,1,1,1,0
387,4,1,3,6,76,-0.01999999999999999,6,1.8882117647728915,15,0,0,0,1,0
387,5,2,3,13,74,-0.06,3,3.203690723105732,14,0,0,1,1,1
387,6,0,2,10,63,-0.2,15,1.8947619695024018,18,0,0,0,1,0
387,7,0,1,6,80,-0.12,11,1.1720995990022172,19,0,1,1,0,0
387,8,2,2,9,77,0.020000000000000018,1,2.331187236210404,5,0,0,0,0,0
387,9,4,6,10,82,0.2,5,3.8706005501180165,15,0,1,1,0,0
387,10,1,4,6,75,-0.01999999999999999,10,1.9000943220907611,12,0,0,0,0,0
387,11,2,5,8,26,0.04000000000000001,6,2.894234327280044,4,0,0,1,0,0
387,12,0,2,5,27,-0.1,12,1.0460937941845796,4,0,0,0,0,0
388,1,2,4,6,55,0.08000000000000002,1,3.0024917209661166,6,0,0,1,1,1
388,2,3,4,8,63,0.13999999999999999,2,3.3184992108053266,12,0,1,0,1,0
388,3,3,4,12,77,0.06,3,3.6962859437182174,15,0,0,1,1,0
388,4,1,3,6,76,-0.01999999999999999,7,1.7617638715410455,14,0,1,0,1,0
388,5,3,4,14,75,0.019999999999999962,1,3.989149139338059,6,0,0,1,1,1
388,6,0,2,10,63,-0.2,16,1.7678754286549991,10,0,1,0,1,0
388,7,0,1,6,80,-0.12,12,1.093607595236131,13,0,0,1,0,0
388,8,2,2,9,77,0.020000000000000018,2,2.1750746008338155,14,0,0,0,0,0
388,9,4,6,10,82,0.2,6,3.6113980103206256,14,0,0,1,0,0
388,10,0,4,6,75,-0.12,11,1.772850689542445,18,0,0,0,0,0
388,11,2,4,8,26,0.04000000000000001,7,2.7004161125906188,4,0,0,1,0,0
388,12,0,2,5,27,-0.1,13,0.9760400222161276,4,0,0,0,0,0
389,1,3,5,7,56,0.15999999999999998,1,3.801423832477513,7,0,0,1,1,0
389,2,3,4,8,63,0.13999999999999999,3,3.0962692460702286,12,0,1,0,1,0
389,3,2,4,12,77,-0.03999999999999998,4,3.4487567316428596,15,0,0,1,1,0
389,4,1,3,6,76,-0.01999999999999999,8,1.6437838154454094,14,0,1,0,1,1
389,5,4,5,14,76,0.12,1,4.7220077551630695,7,0,0,1,1,0
389,6,0,2,10,63,-0.2,17,1.6494860998623895,10,0,1,0,1,0
389,7,0,1,6,80,-0.12,13,1.0203719661505413,13,0,0,1,0,1
389,8,2,2,8,77,0.04000000000000001,3,2.0294163616317022,14,0,0,0,0,0
389,9,3,6,10,82,0.09999999999999998,7,3.3695534891995274,14,0,0,1,0,0
389,10,0,3,6,75,-0.12,12,1.6541281824118792,18,0,0,0,0,0
389,11,2,4,8,26,0.04000000000000001,8,2.5195773239246213,4,0,0,1,0,0
389,12,0,1,5,27,-0.1,14,0.9106775417879656,4,0,0,0,0,0
390,1,3,5,7,56,0.15999999999999998,2,3.5468538505158094,13,0,0,1,1,0
390,2,3,4,8,63,0.13999999999999999,4,2.8889213572643206,11,0,0,0,1,0
390,3,2,4,12,77,-0.03999999999999998,5,3.21780381040744,18,0,1,1,1,0
390,4,2,4,6,77,0.08000000000000002,1,2.5337045307648176,7,0,0,0,1,0
390,5,4,5,14,76,0.12,2,4.405789021859803,14,0,1,1,1,1
390,6,0,1,10,63,-0.2,18,1.5390249502529862,14,0,1,0,1,1
390,7,1,2,7,81,-0.04000000000000001,1,1.9520407080577336,7,0,0,1,0,0
390,8,1,2,7,77,-0.04000000000000001,4,1.8935124189669705,23,0,1,0,0,0
390,9,2,5,10,82,0.0,8,3.1439045721711225,23,0,0,1,0,0
390,10,0,3,6,75,-0.12,13,1.5433561664210975,16,0,0,0,0,0
390,11,2,4,8,26,0.04000000000000001,9,2.350848767949693,4,0,0,1,0,0
390,12,0,1,5,27,-0.1,15,0.8496921911398114,8,0,0,0,0,0
391,1,3,5,7,56,0.15999999999999998,3,3.30933165869061,11,0,0,1,1,0
391,2,3,4,8,63,0.13999999999999999,5,2.695458936282903,14,0,0,0,1,1
391,3,2,4,11,77,-0.01999999999999999,6,3.0023171154029913,15,0,0,1,1,1
391,4,2,4,6,77,0.08000000000000002,2,2.3640299180098605,17,0,1,0,1,0
391,5,5,6,15,77,0.2,1,5.1107465111458765,7,0,1,1,1,0
391,6,1,2,11,64,-0.12,1,2.4359610533843297,7,0,1,0,1,0
391,7,1,2,7,81,-0.04000000000000001,2,1.8213183814407348,11,0,1,1,0,0
391,8,1,2,7,77,-0.04000000000000001,5,1.766709556780849,18,0,0,0,0,0
391,9,1,5,10,82,-0.1,9,2.933366688079069,13,0,0,1,0,0
391,10,0,2,6,75,-0.12,14,1.4400022209626555,18,0,0,0,0,0
391,11,1,3,8,26,-0.06,10,2.19341945861072,6,0,0,1,0,0
391,12,0,1,4,27,-0.08,16,0.792790846984643,4,0,0,0,0,0
392,1,3,5,7,56,0.15999999999999998,4,3.0877156174955647,12,0,1,1,1,0
392,2,4,5,8,64,0.24000000000000002,1,3.514952114884658,11,0,1,0,1,0
392,3,3,5,11,78,0.07999999999999999,1,3.8012609197266114,11,0,1,1,1,0
392,4,1,3,6,77,-0.01999999999999999,3,2.2057179064832537,12,0,1,0,1,0
392,5,5,6,15,77,0.2,2,4.768495106280739,15,0,0,1,1,0
392,6,1,2,11,64,-0.12,2,2.2728320289063335,14,0,0,0,1,0
392,7,1,2,7,81,-0.04000000000000001,3,1.699350137976625,17,0,0,1,0,1
392,8,1,2,7,77,-0.04000000000000001,6,1.6483983029399027,12,0,0,0,0,0
392,9,1,4,10,82,-0.1,10,2.736927896252831,15,0,0,1,0,1
392,10,0,2,6,75,-0.12,15,1.3435695800444332,13,0,0,0,0,0
392,11,0,3,8,26,-0.16,11,2.0465327191626046,6,0,0,1,0,0
392,12,0,1,4,27,-0.08,17,0.7397000156250808,4,0,0,0,0,0
393,1,3,5,7,56,0.15999999999999998,5,2.880940539606807,15,0,0,1,1,0
393,2,3,5,8,64,0.13999999999999999,2,3.27956628685946,13,0,0,0,1,0
393,3,3,5,11,78,0.07999999999999999,2,3.546701847544476,19,0,0,1,1,1
393,4,1,3,6,77,-0.01999999999999999,4,2.0580075767723742,19,0,0,0,1,0
393,5,5,5,14,77,0.21999999999999997,3,4.449163254141744,12,0,0,1,1,0
393,6,1,1,11,64,-0.12,3,2.1206272671911477,12,0,1,0,1,0
393,7,2,3,8,82,0.04000000000000001,1,2.585549742904817,12,0,0,1,0,0
393,8,1,2,6,77,-0.01999999999999999,7,1.538009999836214,21,0,1,0,0,0
393,9,1,5,11,83,-0.12,1,3.5536440226613197,12,0,0,1,0,0
393,10,0,2,6,75,-0.12,16,1.2535947446067095,19,0,1,0,0,0
393,11,0,3,8,26,-0.16,12,1.909482545238242,4,0,0,1,0,0
393,12,0,1,4,27,-0.08,18,0.6901645184184924,7,0,0,0,0,1
394,1,3,4,7,56,0.15999999999999998,6,2.688012570109003,6,0,0,1,1,0
394,2,3,5,8,64,0.13999999999999999,3,3.0599435435717415,12,0,1,0,1,1
394,3,3,6,12,79,0.06,1,4.3091898349035445,4,0,0,1,1,0
394,4,1,3,5,77,0.0,5,1.9201889659613443,10,0,1,0,1,0
394,5,4,5,13,77,0.14,4,4.151216100847508,13,0,0,1,1,0
394,6,1,1,11,64,-0.12,4,1.978615203041881,6,0,0,0,1,0
394,7,2,3,8,82,0.04000000000000001,2,2.4124032113897047,16,0,0,1,0,1
394,8,1,2,6,77,-0.01999999999999999,8,1.4350140711607073,10,0,0,0,0,0
394,9,1,5,11,83,-0.12,2,3.3156671133205853,10,0,0,1,0,0
394,10,0,1,6,75,-0.12,17,1.1696452547352183,11,0,0,0,0,0
394,11,0,3,8,26,-0.16,13,1.7816102114709542,5,0,1,1,0,0
394,12,1,2,5,28,0.0,1,1.6439462652725658,4,0,0,0,0,0
395,1,3,4,7,56,0.15999999999999998,7,2.5080044095773455,13,0,1,1,1,0
395,2,3,5,9,65,0.12,1,3.855028278392481,8,0,0,0,1,0
395,3,3,5,12,79,0.06,2,4.020616282760055,21,0,1,1,1,1
395,4,1,3,5,77,0.0,6,1.7915996552268818,11,0,0,0,1,0
395,5,3,5,13,77,0.03999999999999998,5,3.8732215770895113,12,0,0,1,1,0
395,6,1,1,10,64,-0.1,5,1.8461132619943739,13,0,1,0,1,0
395,7,3,4,9,83,0.12,1,3.2508517851159375,8,0,0,1,0,0
395,8,1,2,6,77,-0.01999999999999999,9,1.3389154717124878,17,0,1,0,0,1
395,9,1,5,11,83,-0.12,3,3.0936268056817164,18,0,0,1,0,0
395,10,0,1,6,75,-0.12,18,1.0913176110624319,14,0,0,0,0,0
395,11,0,3,7,26,-0.14,14,1.6623011053612684,6,0,0,1,0,0
395,12,1,2,5,28,0.0,2,1.5338561018130241,7,0,0,0,0,0
396,1,2,4,7,56,0.06,8,2.3400508570554552,12,0,0,1,1,1
396,2,3,5,9,65,0.12,2,3.596868567047525,16,0,1,0,1,0
396,3,3,6,12,80,0.06,1,4.751367638125212,8,0,0,1,1,0
396,4,1,2,5,77,0.0,7,1.6716215859526502,19,0,1,0,1,0
396,5,3,5,13,77,0.03999999999999998,6,3.613843514956738,17,0,0,1,1,0
396,6,1,1,10,64,-0.1,6,1.7224845795543846,16,0,0,0,1,0
396,7,3,4,9,83,0.12,2,3.033151966109494,22,0,1,1,0,0
396,8,2,3,7,78,0.06,1,2.249252307986818,8,0,0,0,0,0
396,9,1,5,11,83,-0.12,4,2.8864558732036696,18,0,1,1,0,1
396,10,0,1,5,75,-0.1,19,1.0182353353663829,13,0,0,0,0,0
396,11,0,3,7,26,-0.14,15,1.550981773170166,2,0,0,1,0,0
396,12,1,1,5,28,0.0,3,1.4311383472615917,7,0,0,0,0,0
397,1,3,5,8,57,0.13999999999999999,1,3.1833446515067214,9,0,0,1,1,0
397,2,2,5,9,65,0.020000000000000018,3,3.355997039277062,12,0,1,0,1,1
397,3,3,6,12,80,0.06,2,4.433182761291142,15,0,0,1,1,0
397,4,1,2,5,77,0.0,8,1.5596780890589037,18,0,0,0,1,0
397,5,3,5,13,77,0.03999999999999998,7,3.3718352257059765,13,0,0,1,1,0
397,6,1,1,9,64,-0.07999999999999999,7,1.6071349401376473,11,0,0,0,1,0
397,7,3,3,9,83,0.12,3,2.83003085272489,19,0,0,1,0,0
397,8,1,3,6,78,-0.01999999999999999,2,2.098626609642009,15,0,1,0,0,0
397,9,2,6,12,84,-0.03999999999999998,1,3.6931585583142077,9,0,0,1,0,1
397,10,0,1,5,75,-0.1,20,0.9500471610453806,15,0,1,0,0,0
397,11,0,2,7,26,-0.14,16,1.4471171636400222,4,0,0,1,0,0
397,12,1,1,5,28,0.0,4,1.3352992934485253,1,0,0,0,0,0
398,1,2,4,8,57,0.04000000000000001,2,2.970165583288012,15,0,1,1,1,0
398,2,3,6,10,66,0.09999999999999998,1,4.1312559571453455,7,0,0,0,1,0
398,3,3,6,12,80,0.06,3,4.136305773796878,20,0,1,1,1,1
398,4,1,2,5,77,0.0,9,1.45523111326904,16,0,0,0,1,0
398,5,2,5,12,77,-0.03999999999999998,8,3.1460335076096335,12,0,0,1,1,0
398,6,1,1,9,64,-0.07999999999999999,8,1.499509920999957,15,0,0,0,1,1
398,7,3,3,8,83,0.13999999999999999,4,2.6405121526593662,20,0,0,1,0,0
398,8,1,3,6,78,-0.01999999999999999,3,1.9580878637130317,14,0,1,0,0,0
398,9,3,7,13,85,0.03999999999999998,1,4.445838777883668,7,0,0,1,0,0
398,10,0,0,5,75,-0.1,21,0.8864253447712225,17,0,1,0,0,0
398,11,0,2,7,26,-0.14,17,1.3502080562953096,6,0,0,1,0,0
398,12,1,1,5,28,0.0,5,1.2458782943632627,2,0,0,0,0,0
399,1,1,4,8,57,-0.06,3,2.7712624795348804,10,0,0,1,1,0
399,2,3,6,10,66,0.09999999999999998,2,3.8545981044995785,19,0,1,0,1,0
399,3,4,6,13,81,0.14,1,4.859309750036671,7,0,0,1,1,0
399,4,1,2,5,77,0.0,10,1.357778638990851,17,0,1,0,1,0
399,5,1,5,12,77,-0.13999999999999999,9,2.9353530550800517,16,0,1,1,1,0
399,6,2,2,10,65,0.0,1,2.3990922274297115,7,0,0,0,1,0
399,7,3,3,7,83,0.15999999999999998,5,2.4636849529850635,15,0,1,1,0,0
399,8,1,3,6,78,-0.01999999999999999,4,1.8269605771720865,18,0,0,0,0,0
399,9,3,6,13,85,0.03999999999999998,2,4.148114254819142,16,0,0,1,0,1
399,10,0,0,5,75,-0.1,22,0.8270640912059396,11,0,0,0,0,0
399,11,0,2,7,26,-0.14,18,1.2597886619623109,6,0,0,1,0,0
399,12,1,1,4,28,0.020000000000000004,6,1.1624455520805301,4,0,0,0,0,1
400,1,1,4,7,57,-0.04000000000000001,4,2.58567932161414,9,0,0,1,1,1
400,2,3,6,10,66,0.09999999999999998,3,3.596467200613349,8,0,0,0,1,0
400,3,4,6,13,81,0.14,2,4.533896312880691,13,0,0,1,1,0
400,4,0,2,5,77,-0.1,11,1.2668522653824086,14,0,0,0,1,0
400,5,1,5,12,77,-0.13999999999999999,10,2.7387812421980477,10,0,0,1,1,0
400,6,2,2,10,65,0.0,2,2.2384321979314463,7,0,0,0,1,0
400,7,2,3,6,83,0.08000000000000002,6,2.2986993418878727,18,0,0,1,0,0
400,8,1,2,6,78,-0.01999999999999999,5,1.7046144927386842,12,0,1,0,0,0
400,9,4,6,14,86,0.12,1,4.870327452410379,2,0,0,1,0,0
400,10,0,0,5,75,-0.1,23,0.7716780832105488,15,0,1,0,0,1
400,11,0,2,7,26,-0.14,19,1.1754243839748468,5,0,1,1,0,0
400,12,2,2,5,29,0.1,1,2.084600050956353,2,0,0,0,0,0
401,1,2,5,8,58,0.04000000000000001,1,3.412524112600504,5,0,0,1,1,0
401,2,3,6,10,66,0.09999999999999998,4,3.3556225511522806,12,0,1,0,1,0
401,3,4,6,13,81,0.14,3,4.230274840124772,13,0,0,1,1,0
401,4,0,2,5,77,-0.1,12,1.18201495900493,14,0,0,0,1,0
401,5,0,5,12,77,-0.24,11,2.555373255572938,21,0,0,1,1,0
401,6,1,2,9,65,-0.07999999999999999,3,2.0885310899882885,8,0,0,0,1,1
401,7,2,3,6,83,0.08000000000000002,7,2.1447623236053324,15,0,0,1,0,0
401,8,1,2,5,78,0.0,6,1.590461559576972,12,0,0,0,0,0
401,9,4,5,14,86,0.12,2,4.544176192686294,20,0,1,1,0,0
401,10,1,1,6,76,-0.01999999999999999,1,1.7200011104813278,5,0,0,0,0,0
401,11,0,1,7,26,-0.14,20,1.0967097293053603,5,0,1,1,0,0
401,12,2,2,5,29,0.1,2,1.9450006217015872,4,0,0,0,0,1
402,1,2,5,8,58,0.04000000000000001,2,3.183997581471137,4,0,0,1,1,0
402,2,2,6,10,66,0.0,5,3.1309065473699857,9,0,0,0,1,1
402,3,3,6,13,81,0.03999999999999998,4,3.9469859891045056,11,0,0,1,1,0
402,4,0,1,5,77,-0.1,13,1.1028589532416266,11,0,0,0,1,0
402,5,0,5,11,77,-0.22,12,2.384247553140369,11,0,1,1,1,0
402,6,2,3,10,66,0.0,1,2.948668410809402,1,0,0,0,1,0
402,7,2,3,6,83,0.08000000000000002,8,2.0011340069289174,11,0,1,1,0,0
402,8,1,2,5,78,0.0,7,1.4839531068563985,13,0,0,0,0,0
402,9,4,5,13,86,0.14,3,4.2398663071324325,9,0,0,1,0,0
402,10,1,1,6,76,-0.01999999999999999,2,1.604817781559024,8,0,0,0,0,0
402,11,0,0,7,26,-0.14,21,1.0232663595813025,7,0,1,1,0,0
402,12,3,3,6,30,0.18,1,2.8147497486071824,1,0,0,0,0,1
403,1,2,5,8,58,0.04000000000000001,3,2.9707747884859748,6,0,1,1,1,1
403,2,3,6,10,67,0.09999999999999998,1,3.9212391021147948,2,0,0,0,1,0
403,3,3,6,13,81,0.03999999999999998,5,3.6826681449680416,15,0,1,1,1,0
403,4,0,1,5,77,-0.1,14,1.029003788386187,6,0,0,0,1,0
403,5,0,5,11,77,-0.22,13,2.2245816270708714,10,0,0,1,1,0
403,6,2,3,9,66,0.020000000000000018,2,2.7512049083875803,9,0,0,0,1,0
403,7,1,3,6,83,-0.01999999999999999,9,1.8671240489509262,14,0,0,1,0,0
403,8,1,2,5,78,0.0,8,1.384577206590565,8,0,0,0,0,0
403,9,3,4,13,86,0.03999999999999998,4,3.9559351442598896,9,0,0,1,0,0
403,10,1,1,6,76,-0.01999999999999999,3,1.497347935599479,10,0,0,0,0,1
403,11,0,0,7,26,-0.14,22,0.9547412726191211,7,0,1,1,0,0
403,12,4,4,7,31,0.26,1,3.626254378370436,2,0,0,0,0,0
404,1,3,6,9,59,0.12,1,3.7718308880831954,6,0,0,1,1,0
404,2,3,6,10,67,0.09999999999999998,2,3.6586454499772714,12,0,1,0,1,1
404,3,2,5,13,81,-0.06,6,3.436050876136837,13,0,0,1,1,0
404,4,0,1,5,77,-0.1,15,0.9600944829806719,14,0,0,0,1,0
404,5,0,4,10,77,-0.2,14,2.0756080504237535,21,0,0,1,1,0
404,6,2,3,9,66,0.020000000000000018,3,2.5669649460036124,8,0,0,0,1,1
404,7,1,3,6,83,-0.01999999999999999,10,1.7420883369629991,15,0,0,1,0,0
404,8,1,2,5,78,0.0,9,1.291856213078871,12,0,0,0,0,0
404,9,3,4,13,86,0.03999999999999998,5,3.6910180019743963,20,0,1,1,0,0
404,10,2,2,7,77,0.06,1,2.3970750237238447,6,0,0,0,0,0
404,11,0,0,7,26,-0.14,23,0.8908051057354772,5,0,1,1,0,0
404,12,3,4,6,31,0.18,2,3.383414970724414,4,0,0,0,0,0
405,1,3,6,9,59,0.12,2,3.519242657079197,10,0,1,1,1,0
405,2,3,6,11,68,0.07999999999999999,1,4.413636909164822,9,0,0,0,1,0
405,3,2,5,12,81,-0.03999999999999998,7,3.205948828034621,18,0,1,1,1,0
405,4,0,1,5,77,-0.1,16,0.8957998276134407,13,0,0,0,1,0
405,5,0,3,10,77,-0.2,15,1.9366107885447554,13,0,1,1,1,0
405,6,3,4,10,67,0.09999999999999998,1,3.3950629827398697,9,0,0,0,1,0
405,7,0,3,6,83,-0.12,11,1.6254258925579688,13,0,1,1,0,0
405,8,1,2,5,78,0.0,10,1.2053444671243905,15,0,0,0,0,0
405,9,3,4,12,86,0.06,6,3.4438415681983807,14,0,0,1,0,0
405,10,2,2,7,77,0.06,2,2.2365500803232226,10,0,0,0,0,1
405,11,0,0,7,26,-0.14,24,0.8311505526806343,8,0,0,1,0,1
405,12,3,4,6,31,0.18,3,3.1568377917454193,3,0,0,0,0,0
406,1,3,5,9,59,0.12,3,3.283569504278546,8,0,0,1,1,0
406,2,3,6,10,68,0.09999999999999998,2,4.118068848915322,10,0,0,0,1,0
406,3,1,4,12,81,-0.13999999999999999,8,2.991256025735064,9,0,0,1,1,1
406,4,0,1,5,77,-0.1,17,0.835810792976325,10,0,0,0,1,0
406,5,0,3,10,77,-0.2,16,1.8069217574783687,16,0,0,1,1,0
406,6,3,4,10,67,0.09999999999999998,2,3.167705771241657,8,0,0,0,1,0
406,7,0,3,6,83,-0.12,12,1.516575983054747,10,0,0,1,0,0
406,8,0,2,5,78,-0.1,11,1.124626153993409,6,0,0,0,0,0
406,9,3,4,12,86,0.06,7,3.2132178007549452,13,0,1,1,0,0
406,10,3,3,8,78,0.13999999999999999,1,3.0867750121658633,4,0,1,0,0,1
406,11,1,1,7,27,-0.04000000000000001,1,1.7754908865850831,4,0,1,1,0,0
406,12,3,4,6,31,0.18,4,2.9454338086286778,7,0,1,0,0,0
407,1,2,5,9,59,0.020000000000000018,4,3.0636786774960436,12,0,0,1,1,0
407,2,3,5,10,68,0.09999999999999998,3,3.8422940974579998,17,0,1,0,1,0
407,3,2,5,13,82,-0.06,1,3.7909405581440883,8,0,0,1,1,0
407,4,0,1,5,77,-0.1,18,0.7798390445294517,16,0,1,0,1,0
407,5,0,3,10,77,-0.2,17,1.685917612852988,23,0,0,1,1,0
407,6,3,4,9,67,0.12,3,2.955573992050013,11,0,0,0,1,0
407,7,0,3,6,83,-0.12,13,1.415015426362445,18,0,0,1,0,1
407,8,0,1,4,78,-0.08,12,1.0493133048210046,14,0,0,0,0,0
407,9,2,4,12,86,-0.03999999999999998,8,2.9980382170977076,20,0,1,1,0,0
407,10,4,4,9,79,0.22000000000000003,1,3.8800629238021807,8,0,0,0,0,1
407,11,1,1,7,27,-0.04000000000000001,2,1.6565915733568186,6,0,1,1,0,0
407,12,3,4,6,31,0.18,5,2.7481869178384675,8,0,0,0,0,0
408,1,2,4,8,59,0.04000000000000001,5,2.858513281571663,13,0,0,1,1,0
408,2,2,5,10,68,0.0,4,3.584987156115455,14,0,0,0,1,0
408,3,2,5,13,82,-0.06,2,3.537072609703393,18,0,0,1,1,0
408,4,0,1,5,77,-0.1,19,0.7276155566345199,15,0,0,0,1,0
408,5,0,2,9,77,-0.18,18,1.5730167538048165,20,0,0,1,1,0
408,6,3,4,9,67,0.12,4,2.757648043510808,9,0,1,0,1,1
408,7,1,4,7,84,-0.04000000000000001,1,2.320256076329683,9,0,0,1,0,0
408,8,0,1,4,78,-0.08,13,0.9790439318565158,18,0,1,0,0,0
408,9,1,4,12,86,-0.13999999999999999,9,2.7972685664403505,23,0,1,1,0,1
408,10,5,5,10,80,0.3,1,4.620226717146201,9,0,0,0,0,0
408,11,1,1,7,27,-0.04000000000000001,3,1.545654591443779,6,0,1,1,0,0
408,12,3,4,6,31,0.18,6,2.5641490612531435,10,0,0,0,0,0
409,1,2,3,8,59,0.04000000000000001,6,2.667087198452505,13,0,0,1,1,0
409,2,2,5,10,68,0.0,5,3.3449112908914347,16,0,0,0,1,0
409,3,1,5,13,82,-0.16,3,3.300205438314459,16,0,0,1,1,0
409,4,0,1,5,77,-0.1,20,0.6788893194954254,21,0,0,0,1,1
409,5,0,1,8,77,-0.16,19,1.4676765275400256,13,0,1,1,1,0
409,6,3,5,10,68,0.09999999999999998,1,3.572976603642513,8,0,0,0,1,0
409,7,1,4,7,84,-0.04000000000000001,2,2.164875468029339,17,0,1,1,0,0
409,8,0,1,4,78,-0.08,14,0.9134802885860432,19,0,1,0,0,0
409,9,2,5,12,87,-0.03999999999999998,1,3.609943858677717,8,0,0,1,0,1
409,10,5,5,10,80,0.3,2,4.310823955477202,15,0,1,0,0,0
409,11,1,1,7,27,-0.04000000000000001,4,1.442146727337391,6,0,0,1,0,0
409,12,3,4,6,31,0.18,7,2.392435669367317,3,0,0,0,0,0
410,1,2,3,8,59,0.04000000000000001,7,2.4884803474616635,15,0,0,1,1,0
410,2,2,5,9,68,0.020000000000000018,6,3.1209125881656794,11,0,0,0,1,0
410,3,1,5,12,82,-0.13999999999999999,4,3.0792005527965802,17,0,1,1,1,0
410,4,1,1,6,78,-0.01999999999999999,1,1.6334261326912043,13,0,0,0,1,0
410,5,0,1,8,77,-0.16,20,1.3693906210990237,14,0,1,1,1,0
410,6,3,5,10,68,0.09999999999999998,2,3.333705049187596,17,0,0,0,1,0
410,7,1,3,7,84,-0.04000000000000001,3,2.0199002342400605,19,0,0,1,0,1
410,8,0,1,4,78,-0.08,15,0.8523072463693421,20,0,1,0,0,0
410,9,2,6,13,88,-0.06,1,4.368196717741997,13,0,0,1,0,0
410,10,5,5,10,80,0.3,3,4.022140971167427,19,0,1,0,0,1
410,11,1,1,7,27,-0.04000000000000001,5,1.3455704752426223,4,0,0,1,0,0
410,12,2,4,6,31,0.08000000000000002,8,2.232221409649152,4,0,0,0,0,0
411,1,1,3,8,59,-0.06,8,2.32183426297271,13,0,0,1,1,0
411,2,2,5,9,68,0.020000000000000018,7,2.911914408461104,14,0,0,0,1,0
411,3,1,5,11,82,-0.12,5,2.872995703317584,18,0,0,1,1,0
411,4,1,1,6,78,-0.01999999999999999,2,1.5240404710392725,15,0,0,0,1,0
411,5,0,0,8,77,-0.16,21,1.2776866277864687,20,0,0,1,1,1
411,6,3,4,10,68,0.09999999999999998,3,3.1104567949448625,9,0,1,0,1,0
411,7,2,4,7,85,0.06,1,2.8846335581589018,10,0,0,1,0,0
411,8,0,1,4,78,-0.08,16,0.795230779788486,18,0,1,0,0,1
411,9,2,6,13,88,-0.06,2,4.075671651176078,23,0,1,1,0,0
411,10,5,6,11,81,0.28,1,4.752790222711104,10,0,0,0,0,0
411,11,1,1,7,27,-0.04000000000000001,6,1.2554616458392276,6,0,1,1,0,0
411,12,2,4,6,31,0.08000000000000002,9,2.0827362196174577,10,0,0,0,0,0
412,1,1,3,8,59,-0.06,9,2.166347968234086,13,0,0,1,1,0
412,2,2,4,9,68,0.020000000000000018,8,2.716912211625597,11,0,0,0,1,0
412,3,1,4,11,82,-0.12,6,2.6805997757387994,17,0,0,1,1,0
412,4,1,1,6,78,-0.01999999999999999,3,1.4219800399169376,19,0,1,0,1,0
412,5,1,1,8,78,-0.06,1,2.192123776570184,9,0,0,1,1,0
412,6,2,4,10,68,0.0,4,2.902158808433395,17,0,1,0,1,1
412,7,2,4,7,85,0.06,2,2.6914582782564653,18,0,1,1,0,1
412,8,1,2,5,79,0.0,1,1.7419765534281992,9,0,0,0,0,0
412,9,2,6,13,88,-0.06,3,3.8027361132185757,15,0,1,1,0,0
412,10,5,6,11,81,0.28,2,4.43451007964303,20,0,0,0,0,0
412,11,1,1,6,27,-0.01999999999999999,7,1.1713871351770984,2,0,0,1,0,0
412,12,1,4,6,31,-0.01999999999999999,10,1.9432616055717378,7,0,0,0,0,0
413,1,1,3,8,59,-0.06,10,2.0212741255111335,11,0,0,1,1,0
413,2,1,4,9,68,-0.07999999999999999,9,2.5349687285559144,17,0,0,0,1,0
413,3,1,4,11,82,-0.12,7,2.501088027870467,17,0,0,1,1,0
413,4,1,1,6,78,-0.01999999999999999,4,1.326754290549329,16,0,0,0,1,0
413,5,1,1,8,78,-0.06,2,2.045323805072243,13,0,1,1,1,0
413,6,3,5,10,69,0.09999999999999998,1,3.707809914947507,6,0,1,0,1,0
413,7,3,4,7,86,0.15999999999999998,1,3.511219368958135,6,0,1,1,0,0
413,8,1,2,5,79,0.0,2,1.62532159483209,22,0,1,0,0,0
413,9,2,5,13,88,-0.06,4,3.548078251741379,20,0,0,1,0,1
413,10,5,6,11,81,0.28,3,4.137544205609463,14,0,0,0,0,0
413,11,1,1,6,27,-0.01999999999999999,8,1.0929428429820187,6,0,0,1,0,1
413,12,0,4,6,31,-0.12,11,1.813127189185218,7,0,0,0,0,0
414,1,0,3,8,59,-0.16,11,1.8859154440415973,11,0,0,1,1,0
414,2,1,4,9,68,-0.07999999999999999,10,2.365209456256782,11,0,0,0,1,0
414,3,1,3,11,82,-0.12,8,2.333597644740876,11,0,0,1,1,0
414,4,1,1,6,78,-0.01999999999999999,5,1.237905524745535,15,0,0,0,1,0
414,5,1,1,8,78,-0.06,3,1.9083545885080007,8,0,0,1,1,0
414,6,3,5,9,69,0.12,2,3.4595089769933076,12,0,0,0,1,0
414,7,3,4,7,86,0.15999999999999998,2,3.2760835117609894,14,0,0,1,0,0
414,8,1,2,5,79,0.0,3,1.51647866983556,9,0,1,0,0,1
414,9,3,6,13,89,0.03999999999999998,1,4.310474065428945,3,0,0,1,0,0
414,10,4,6,11,81,0.18000000000000002,4,3.8604652477755805,15,0,1,0,0,0
414,11,2,2,7,28,0.06,1,2.0197517303662558,3,0,0,1,0,1
414,12,0,3,6,31,-0.12,12,1.691707485362207,5,0,1,0,0,0
415,1,0,3,8,59,-0.16,12,1.759621328539598,8,0,0,1,1,1
415,2,0,3,9,68,-0.18,11,2.2068184545824105,9,0,0,0,1,0
415,3,1,3,10,82,-0.1,9,2.1773235915158273,10,0,0,1,1,0
415,4,1,1,6,78,-0.01999999999999999,6,1.155006694993268,13,0,0,0,1,1
415,5,1,1,8,78,-0.06,4,1.780557790628613,11,0,0,1,1,0
415,6,2,5,9,69,0.020000000000000018,3,3.227836010052506,14,0,0,0,1,0
415,7,3,3,7,86,0.15999999999999998,3,3.0566939995027655,14,0,1,1,0,0
415,8,2,3,6,80,0.08000000000000002,1,2.414924629918431,1,0,0,0,0,0
415,9,3,6,13,89,0.03999999999999998,2,4.0218145122089926,12,0,1,1,0,0
415,10,4,6,10,81,0.2,5,3.6019414388559325,10,0,1,0,0,0
415,11,3,3,8,29,0.13999999999999999,1,2.8844949991452706,1,0,0,1,0,0
415,12,0,3,6,31,-0.12,13,1.5784188958727097,6,0,1,0,0,0
416,1,1,4,9,60,-0.07999999999999999,1,2.6417847521392726,7,0,0,1,1,0
416,2,0,3,9,68,-0.18,12,2.0590344244576606,10,0,1,0,1,0
416,3,1,2,10,82,-0.1,10,2.031514744135678,14,0,1,1,1,0
416,4,2,2,7,79,0.06,1,2.07765935187461,7,0,0,0,1,0
416,5,1,1,7,78,-0.04000000000000001,5,1.6613191619943832,15,0,1,1,1,0
416,6,2,5,8,69,0.04000000000000001,4,3.011677488649522,13,0,0,0,1,0
416,7,3,3,7,86,0.15999999999999998,4,2.851996346568674,14,0,0,1,0,1
416,8,2,2,6,80,0.08000000000000002,2,2.253204351788711,17,0,0,0,0,0
416,9,3,6,13,89,0.03999999999999998,3,3.7524856257325023,22,0,0,1,0,0
416,10,3,6,10,81,0.09999999999999998,6,3.360730196036143,14,0,0,0,0,1
416,11,2,3,8,29,0.04000000000000001,2,2.6913289981254724,4,0,0,1,0,0
416,12,0,3,6,31,-0.12,14,1.4727169043143389,2,0,0,0,0,0
417,1,1,3,9,60,-0.07999999999999999,2,2.4648723302848285,13,0,0,1,1,0
417,2,0,3,9,68,-0.18,13,1.9211470487289997,14,0,0,0,1,0
417,3,0,2,10,82,-0.2,11,1.8954702790720435,18,0,0,1,1,0
417,4,2,2,6,79,0.08000000000000002,2,1.9385247204739917,15,0,0,0,1,0
417,5,1,1,7,78,-0.04000000000000001,6,1.5500655876130414,20,0,0,1,1,0
417,6,2,5,8,69,0.04000000000000001,5,2.809994456778723,10,0,1,0,1,0
417,7,4,4,8,87,0.24000000000000002,1,3.6610066830910153,11,0,0,1,0,0
417,8,2,2,5,80,0.1,3,2.102313996893174,18,0,1,0,0,0
417,9,3,5,13,89,0.03999999999999998,4,3.5011928890760653,23,0,1,1,0,0
417,10,3,7,11,82,0.07999999999999999,1,4.135672148555684,11,0,0,0,0,1
417,11,2,3,8,29,0.04000000000000001,3,2.5110987463307683,6,0,1,1,0,0
417,12,0,3,6,31,-0.12,15,1.3740934589192337,10,0,0,0,0,1
418,1,1,3,9,60,-0.07999999999999999,3,2.2998072040819553,6,0,0,1,1,0
418,2,0,2,9,68,-0.18,14,1.7924935780577274,8,0,0,0,1,0
418,3,0,2,9,82,-0.18,12,1.768536304851696,12,0,0,1,1,1
418,4,2,2,6,79,0.08000000000000002,3,1.8087075191119018,10,0,0,0,1,0
418,5,1,1,7,78,-0.04000000000000001,7,1.4462623322888553,18,0,0,1,1,1
418,6,2,5,8,69,0.04000000000000001,6,2.621817534210098,5,0,0,0,1,0
418,7,3,4,8,87,0.13999999999999999,2,3.4158400175606545,17,0,0,1,0,0
418,8,2,2,5,80,0.1,4,1.9615283176709404,9,0,0,0,0,0
418,9,3,4,13,89,0.03999999999999998,5,3.2667284752420387,13,0,1,1,0,0
418,10,3,8,12,83,0.06,1,4.858718556782366,5,0,0,0,0,0
418,11,2,3,7,29,0.06,4,2.3429379753333235,7,0,1,1,0,0
418,12,1,4,7,32,-0.04000000000000001,1,2.2820745306265717,5,0,0,0,0,0
419,1,1,3,9,60,-0.07999999999999999,4,2.1457959955824877,13,0,0,1,1,0
419,2,0,2,9,68,-0.18,15,1.6724556454457171,17,0,1,0,1,0
419,3,1,2,10,83,-0.1,1,2.6501027191572293,10,0,0,1,1,0
419,4,2,2,6,79,0.08000000000000002,4,1.687583787372095,16,0,1,0,1,1
419,5,2,2,8,79,0.04000000000000001,1,2.3494104704424705,10,0,0,1,1,0
419,6,1,4,8,69,-0.06,7,2.446242257207704,14,0,1,0,1,0
419,7,3,4,8,87,0.13999999999999999,3,3.1870914301957582,16,0,0,1,0,0
419,8,2,2,5,80,0.1,5,1.8301706342206785,17,0,0,0,0,0
419,9,2,4,13,89,-0.06,6,3.047965441793553,15,0,0,1,0,0
419,10,3,8,11,83,0.07999999999999999,2,4.53334471007005,22,0,0,0,0,1
419,11,2,3,7,29,0.06,5,2.1860384281104417,4,0,0,1,0,0
419,12,1,4,6,32,-0.01999999999999999,2,2.1292508262204657,8,0,0,0,0,0
420,1,1,3,9,60,-0.07999999999999999,5,2.0020984569860305,13,0,0,1,1,0
420,2,0,2,9,68,-0.18,16,1.5604562940828395,10,0,0,0,1,1
420,3,1,2,10,83,-0.1,2,2.4726332679350973,16,0,1,1,1,0
420,4,2,3,7,80,0.06,1,2.5745713496008014,9,0,0,0,1,0
420,5,2,2,8,79,0.04000000000000001,2,2.192077479584836,22,0,1,1,1,0
420,6,1,4,7,69,-0.04000000000000001,8,2.2824247312662562,13,0,0,0,1,1
420,7,3,4,8,87,0.13999999999999999,4,2.9736614514168704,18,0,0,1,0,0
420,8,2,2,5,80,0.1,6,1.7076095818697357,17,0,0,0,0,0
420,9,1,3,12,89,-0.13999999999999999,7,2.8438523142574454,24,0,1,1,0,0
420,10,4,9,12,84,0.16000000000000003,1,5.22976017650422,9,0,0,0,0,0
420,11,2,3,7,29,0.06,6,2.0396459741943054,6,0,1,1,0,0
420,12,1,3,6,32,-0.01999999999999999,3,1.9866612681206999,7,0,0,0,0,0
421,1,1,2,9,60,-0.07999999999999999,6,1.8680239126729021,10,0,1,1,1,1
421,2,1,3,10,69,-0.1,1,2.4559572042305517,10,0,0,0,1,0
421,3,1,2,10,83,-0.1,3,2.307048414954916,18,0,1,1,1,0
421,4,2,3,7,80,0.06,2,2.4021600082429915,13,0,0,0,1,0
421,5,2,2,8,79,0.04000000000000001,3,2.0452806084575044,13,0,1,1,1,0
421,6,2,5,8,70,0.04000000000000001,1,3.129577574970949,10,0,0,0,1,0
421,7,2,4,8,87,0.04000000000000001,5,2.774524239833167,14,0,1,1,0,0
421,8,2,2,5,80,0.1,7,1.5932560765488364,15,0,0,0,0,0
421,9,1,3,12,89,-0.13999999999999999,8,2.653408032260497,15,0,0,1,0,0
421,10,3,8,11,84,0.07999999999999999,2,4.879538782503794,10,0,0,0,0,0
421,11,2,3,6,29,0.08000000000000002,7,1.9030569849785186,8,0,0,1,0,1
421,12,1,3,6,32,-0.01999999999999999,4,1.853620506164964,3,0,0,0,0,0
422,1,2,3,10,61,0.0,1,2.74292793950349,3,0,0,1,1,0
422,2,1,3,10,69,-0.1,2,2.2914890973496056,10,0,1,0,1,0
422,3,1,2,10,83,-0.1,4,2.152552284225635,8,0,0,1,1,1
422,4,2,3,6,80,0.08000000000000002,3,2.24129453864104,9,0,0,0,1,0
422,5,1,2,8,79,-0.06,4,1.908314284641327,9,0,0,1,1,0
422,6,2,4,8,70,0.04000000000000001,2,2.9199991270216517,8,0,0,0,1,0
422,7,2,4,8,87,0.04000000000000001,6,2.5887226515829265,9,0,0,1,0,1
422,8,1,2,5,80,0.0,8,1.4865604833865573,7,0,0,0,0,0
422,9,1,3,11,89,-0.12,9,2.475717234107805,12,0,0,1,0,0
422,10,3,8,11,84,0.07999999999999999,3,4.552770667559386,10,0,1,0,0,0
422,11,3,4,7,30,0.15999999999999998,1,2.7756149517595246,3,0,0,1,0,0
422,12,1,2,6,32,-0.01999999999999999,5,1.7294890860410674,3,0,1,0,0,0
423,1,2,3,10,61,0.0,2,2.559242260964832,13,0,0,1,1,0
423,2,1,2,10,69,-0.1,3,2.138034927574081,19,0,1,0,1,0
423,3,2,3,11,84,-0.01999999999999999,1,3.0084022971904325,11,0,0,1,1,0
423,4,2,3,6,80,0.08000000000000002,4,2.0912017483033583,15,0,1,0,1,0
423,5,1,2,7,79,-0.04000000000000001,5,1.78052018579132,16,0,0,1,1,0
423,6,1,4,7,70,-0.04000000000000001,3,2.7244555207698777,13,0,1,0,1,0
423,7,2,5,9,88,0.020000000000000018,1,3.415363639865514,11,0,0,1,0,0
423,8,1,2,5,80,0.0,9,1.3870099749145621,20,0,1,0,0,1
423,9,1,3,11,89,-0.12,10,2.309925857138836,21,0,0,1,0,0
423,10,3,8,11,84,0.07999999999999999,4,4.247885235733961,19,0,0,0,0,0
423,11,3,4,7,30,0.15999999999999998,2,2.5897403217944808,4,0,0,1,0,0
423,12,1,1,6,32,-0.01999999999999999,6,1.613670375779156,10,0,0,0,0,1
424,1,2,2,9,61,0.020000000000000018,3,2.38785746281544,6,0,0,1,1,0
424,2,1,2,10,69,-0.1,4,1.994857124484626,7,0,0,0,1,0
424,3,2,3,11,84,-0.01999999999999999,2,2.8069385950937926,12,0,0,1,1,0
424,4,2,3,6,80,0.08000000000000002,5,1.9511602231264842,13,0,0,0,1,1
424,5,1,2,7,79,-0.04000000000000001,6,1.6612840754405473,13,0,0,1,1,0
424,6,1,4,7,70,-0.04000000000000001,4,2.5420068848528894,11,0,0,0,1,0
424,7,2,5,9,88,0.020000000000000018,2,3.1866469540897597,18,0,1,1,0,0
424,8,2,3,6,81,0.08000000000000002,1,2.2941260661859264,4,0,0,0,0,0
424,9,0,3,11,89,-0.22,11,2.155237032714472,11,0,1,1,0,0
424,10,3,7,10,84,0.09999999999999998,5,3.963417069201894,11,0,0,0,0,0
424,11,2,4,7,30,0.06,3,2.4163131597473986,4,0,1,1,0,0
424,12,2,2,7,33,0.06,1,2.50560769806755,4,0,0,0,0,1
425,1,2,2,9,61,0.020000000000000018,4,2.227949791894181,7,0,0,1,1,0
425,2,1,1,9,69,-0.07999999999999999,5,1.861267510546404,6,0,0,0,1,0
425,3,2,3,10,84,0.0,3,2.6189663144404847,12,0,1,1,1,0
425,4,3,4,7,81,0.15999999999999998,1,2.8204968599513283,3,0,0,0,1,1
425,5,1,2,7,79,-0.04000000000000001,7,1.550032850700753,12,0,1,1,1,0
425,6,1,3,7,70,-0.04000000000000001,5,2.371776288281452,10,0,0,0,1,0
425,7,2,5,9,88,0.020000000000000018,3,2.973246740546024,13,0,0,1,0,0
425,8,1,3,6,81,-0.01999999999999999,2,2.140495306496023,15,0,0,0,0,0
425,9,0,3,11,89,-0.22,12,2.010907256104496,15,0,0,1,0,0
425,10,3,7,10,84,0.09999999999999998,6,3.697998884785489,14,0,0,0,0,1
425,11,1,4,7,30,-0.04000000000000001,4,2.254499895928871,5,0,1,1,0,0
425,12,3,3,8,34,0.13999999999999999,1,3.33781464614562,3,0,0,0,0,0
426,1,1,2,9,61,-0.07999999999999999,5,2.0787506593248355,13,0,0,1,1,0
426,2,1,1,9,69,-0.07999999999999999,6,1.7366239934153775,10,0,0,0,1,0
426,3,2,3,10,84,0.0,4,2.4435819750965324,16,0,1,1,1,1
426,4,3,5,7,82,0.15999999999999998,1,3.6316166228605598,10,0,0,0,1,0
426,5,1,2,7,79,-0.04000000000000001,8,1.446231787669649,22,0,1,1,1,0
426,6,1,3,7,70,-0.04000000000000001,6,2.2129455255113086,13,0,0,0,1,0
426,7,2,5,9,88,0.020000000000000018,4,2.774137300908719,18,0,0,1,0,0
426,8,1,3,6,81,-0.01999999999999999,3,1.9971527391904798,17,0,0,0,0,0
426,9,0,3,11,89,-0.22,13,1.8762428128662507,24,0,1,1,0,0
426,10,4,7,11,85,0.18000000000000002,1,4.450354962171183,10,0,0,0,0,1
426,11,1,3,7,30,-0.04000000000000001,5,2.1035227823179357,6,0,1,1,0,0
426,12,3,3,7,34,0.15999999999999998,2,3.114291184488618,8,0,0,0,0,0
427,1,1,2,9,61,-0.07999999999999999,6,1.939542946328962,12,0,0,1,1,0
427,2,1,1,9,69,-0.07999999999999999,7,1.6203274797509466,17,0,1,0,1,0
427,3,3,3,11,85,0.07999999999999999,1,3.279942600289738,9,0,0,1,1,1
427,4,3,5,7,82,0.15999999999999998,2,3.3884181217423857,18,0,1,0,1,0
427,5,1,2,7,79,-0.04000000000000001,9,1.3493819713050377,24,0,0,1,1,0
427,6,1,3,7,70,-0.04000000000000001,7,2.0647511837758086,11,0,0,0,1,0
427,7,1,5,8,88,-0.06,5,2.5883616248007066,22,0,0,1,0,0
427,8,1,3,6,81,-0.01999999999999999,4,1.8634093948028225,14,0,0,0,0,0
427,9,0,3,11,89,-0.22,14,1.7505964445380322,20,0,1,1,0,0
427,10,4,7,12,86,0.16000000000000003,1,5.152328003755254,9,0,0,0,0,1
427,11,1,3,6,30,-0.01999999999999999,6,1.962656154351932,6,0,1,1,0,0
427,12,3,3,7,34,0.15999999999999998,3,2.9057364203801224,9,0,0,0,0,0
428,1,1,2,8,61,-0.06,7,1.809657557427425,12,0,0,1,1,0
428,2,1,1,9,69,-0.07999999999999999,8,1.5118189957013215,17,0,1,0,1,0
428,3,4,4,12,86,0.16000000000000003,1,4.06029465641735,10,0,0,1,1,1
428,4,3,5,7,82,0.15999999999999998,3,3.1615058967068284,18,0,1,0,1,0
428,5,1,2,7,79,-0.04000000000000001,10,1.2590178974125736,24,0,0,1,1,0
428,6,1,3,7,70,-0.04000000000000001,8,1.926480973777507,11,0,0,0,1,0
428,7,1,4,8,88,-0.06,6,2.4150267899668747,22,0,0,1,0,1
428,8,1,3,6,81,-0.01999999999999999,5,1.7386224420906693,14,0,0,0,0,0
428,9,0,3,11,89,-0.22,15,1.633364237621019,20,0,1,1,0,0
428,10,4,7,12,87,0.16000000000000003,1,5.807292010722631,10,0,0,0,0,0
428,11,1,3,6,30,-0.01999999999999999,7,1.8312229430531093,6,0,1,1,0,0
428,12,2,3,7,34,0.06,4,2.7111479449247198,9,0,0,0,0,0
429,1,1,2,8,61,-0.06,8,1.688470204463702,13,0,0,1,1,1
429,2,1,1,9,69,-0.07999999999999999,9,1.4105770002213758,19,0,1,0,1,0
429,3,4,5,12,87,0.16000000000000003,1,4.788388869797993,12,0,0,1,1,0
429,4,3,5,7,82,0.15999999999999998,4,2.9497893045656287,15,0,1,0,1,0
429,5,0,2,7,79,-0.14,11,1.1747052352212348,16,0,0,1,1,0
429,6,1,2,7,70,-0.04000000000000001,9,1.7974703061023691,13,0,1,0,1,1
429,7,2,5,9,89,0.020000000000000018,1,3.253299670484326,12,0,0,1,0,0
429,8,1,3,6,81,-0.01999999999999999,6,1.622192098296887,20,0,1,0,0,0
429,9,0,2,10,89,-0.2,16,1.523982720896776,21,0,0,1,0,0
429,10,4,7,12,87,0.16000000000000003,2,5.418395037492338,21,0,0,0,0,0
429,11,1,3,6,30,-0.01999999999999999,8,1.7085914207276793,4,0,0,1,0,0
429,12,2,3,7,34,0.06,5,2.529590477551979,10,0,0,0,0,0
430,1,2,3,9,62,0.020000000000000018,1,2.5753984059915327,5,0,0,1,1,0
430,2,1,1,9,69,-0.07999999999999999,10,1.3161148783095662,16,0,1,0,1,0
430,3,4,5,12,87,0.16000000000000003,2,4.467724791829173,13,0,0,1,1,0
430,4,2,4,7,82,0.06,5,2.752250739242147,16,0,0,0,1,0
430,5,0,2,7,79,-0.14,12,1.0960387397924178,14,0,1,1,1,1
430,6,2,3,8,71,0.04000000000000001,1,2.6770990969012747,5,0,0,0,1,0
430,7,2,5,9,89,0.020000000000000018,2,3.0354359239177007,13,0,1,1,0,0
430,8,1,3,5,81,0.0,7,1.5135587463213152,16,0,0,0,0,0
430,9,0,1,9,89,-0.18,17,1.4219261571287223,17,0,0,1,0,0
430,10,3,7,12,87,0.06,3,5.055541331159668,10,0,0,0,0,1
430,11,1,3,6,30,-0.01999999999999999,9,1.5941721645956706,7,0,0,1,0,0
430,12,2,3,7,34,0.06,6,2.3601913706333444,1,0,0,0,0,0
431,1,2,3,9,62,0.020000000000000018,2,2.402931679141405,13,0,0,1,1,1
431,2,0,1,9,69,-0.18,11,1.2279786021152759,12,0,0,0,1,1
431,3,4,5,12,87,0.16000000000000003,3,4.168534627883534,20,0,0,1,1,0
431,4,2,4,7,82,0.06,6,2.5679407406944903,18,0,1,0,1,0
431,5,1,3,8,80,-0.06,1,2.022640304228752,15,0,0,1,1,0
431,6,1,3,8,71,-0.06,2,2.497821779022282,11,0,1,0,1,0
431,7,2,4,9,89,0.020000000000000018,3,2.832161860711225,17,0,0,1,0,0
431,8,1,3,5,81,0.0,8,1.4122002449468765,15,0,0,0,0,0
431,9,0,1,8,89,-0.16,18,1.3267040161302481,17,0,1,1,0,0
431,10,4,7,13,88,0.14,1,5.716986852049879,15,0,0,0,0,0
431,11,1,3,5,30,0.0,10,1.4874152237574063,6,0,1,1,0,0
431,12,2,3,7,34,0.06,7,2.202136415141387,9,0,0,0,0,0
432,1,2,4,10,63,0.0,1,3.242014533047869,7,0,1,1,1,1
432,2,1,2,10,70,-0.1,1,2.145744548674803,7,0,1,0,1,0
432,3,4,5,12,87,0.16000000000000003,4,3.889380334178946,17,0,1,1,1,0
432,4,2,4,6,82,0.08000000000000002,7,2.395973431379425,11,0,0,0,1,0
432,5,1,2,8,80,-0.06,2,1.8871901338574706,13,0,0,1,1,0
432,6,1,3,8,71,-0.06,3,2.33055012680695,15,0,0,0,1,0
432,7,2,4,9,89,0.020000000000000018,4,2.6425004534158454,15,0,0,1,0,0
432,8,1,2,5,81,0.0,9,1.3176294191917963,11,0,0,0,0,0
432,9,0,1,8,89,-0.16,19,1.237858617053902,16,0,0,1,0,0
432,10,4,7,13,88,0.14,2,5.334137345144694,12,0,0,0,0,1
432,11,0,3,4,30,-0.08,11,1.3878074758797625,7,0,0,1,0,0
432,12,2,3,7,34,0.06,8,2.054665927191509,2,0,0,0,0,0
433,1,3,5,11,64,0.07999999999999999,1,4.0249065183754595,7,0,0,1,1,1
433,2,1,2,9,70,-0.07999999999999999,2,2.002050455323848,13,0,1,0,1,0
433,3,3,5,12,87,0.06,5,3.62892016842341,16,0,0,1,1,1
433,4,2,4,6,82,0.08000000000000002,8,2.235522258322655,17,0,0,0,1,0
433,5,1,2,8,80,-0.06,3,1.7608106561917838,22,0,0,1,1,0
433,6,1,2,8,71,-0.06,4,2.1744801567411742,9,0,0,0,1,0
433,7,1,3,9,89,-0.07999999999999999,5,2.4655401031879562,18,0,0,1,0,0
433,8,1,2,5,81,0.0,10,1.2293917187254277,12,0,0,0,0,0
433,9,0,1,7,89,-0.14,20,1.1549629285694176,20,0,1,1,0,0
433,10,5,8,14,89,0.21999999999999997,1,5.976926124408558,7,0,0,0,0,0
433,11,0,3,4,30,-0.08,12,1.2948701608972404,7,0,1,1,0,0
433,12,2,3,7,34,0.06,9,1.9170710966562416,5,0,0,0,0,0
434,1,4,6,12,65,0.16000000000000003,1,4.755370569495851,7,0,0,1,1,1
434,2,1,2,9,70,-0.07999999999999999,3,1.8679791255384373,18,0,1,0,1,0
434,3,4,6,12,88,0.16000000000000003,1,4.385902240792349,7,0,0,1,1,0
434,4,2,4,6,82,0.08000000000000002,9,2.085816020329906,15,0,1,0,1,0
434,5,1,2,7,80,-0.04000000000000001,4,1.6428944340765088,17,0,0,1,1,0
434,6,1,2,8,71,-0.06,5,2.0288617256816437,12,0,0,0,1,0
434,7,1,3,9,89,-0.07999999999999999,6,2.3004302582314278,19,0,0,1,0,0
434,8,0,2,5,81,-0.1,11,1.1470630330929632,14,0,0,0,0,0
434,9,0,0,7,89,-0.14,21,1.0776185163572358,18,0,0,1,0,0
434,10,5,8,14,89,0.21999999999999997,2,5.576669262051413,17,0,0,0,0,0
434,11,0,2,4,30,-0.08,13,1.2081565798736993,5,0,0,1,0,0
434,12,1,3,7,34,-0.04000000000000001,10,1.7886905803019213,4,0,0,0,0,1
435,1,5,7,13,66,0.24,1,5.436917628322805,1,0,0,1,1,1
435,2,1,2,8,70,-0.06,4,1.7428861516294376,9,0,1,0,1,0
435,3,4,6,12,88,0.16000000000000003,2,4.092191488314473,11,0,0,1,1,0
435,4,1,4,6,82,-0.01999999999999999,10,1.9461351612438107,10,0,0,0,1,0
435,5,1,2,6,80,-0.01999999999999999,5,1.5328747086055752,11,0,0,1,1,0
435,6,1,2,8,71,-0.06,6,1.8929949253272735,6,0,0,0,1,0
435,7,1,3,9,89,-0.07999999999999999,7,2.1463773256594596,13,0,0,1,0,0
435,8,0,1,5,81,-0.1,12,1.0702476532480114,10,0,0,0,0,0
435,9,0,0,7,89,-0.14,22,1.0054536280522477,11,0,0,1,0,0
435,10,5,8,14,89,0.21999999999999997,3,5.20321640438319,12,0,0,0,0,0
435,11,0,1,4,30,-0.08,14,1.1272499479644356,6,0,1,1,0,0
435,12,1,4,8,35,-0.06,1,2.6689073230728098,1,0,0,0,0,1
436,1,6,7,13,67,0.33999999999999997,1,6.07282351949323,2,0,0,1,1,1
436,2,1,2,8,70,-0.06,5,1.6261702799628879,9,0,1,0,1,1
436,3,4,6,11,88,0.18000000000000002,3,3.818149666283513,11,0,0,1,1,0
436,4,0,3,6,82,-0.12,11,1.8158083114302797,10,0,0,0,1,0
436,5,1,2,6,80,-0.01999999999999999,6,1.4302226750213718,11,0,0,1,1,0
436,6,1,2,8,71,-0.06,7,1.7662267181421014,6,0,0,0,1,0
436,7,1,3,9,89,-0.07999999999999999,8,2.002640857126818,13,0,0,1,0,0
436,8,0,1,5,81,-0.1,13,0.9985763695952399,10,0,0,0,0,0
436,9,0,0,7,89,-0.14,23,0.9381214064331251,11,0,0,1,0,0
436,10,4,8,14,89,0.12,4,4.854772567395039,12,0,0,0,0,0
436,11,0,1,4,30,-0.08,15,1.0517613911589678,6,0,1,1,0,0
436,12,2,5,9,36,0.020000000000000018,1,3.490178583781116,2,0,0,0,0,0
437,1,7,8,14,68,0.41999999999999993,1,6.666144695467852,8,0,1,1,1,1
437,2,2,3,8,71,0.04000000000000001,1,2.517270521062021,8,0,1,0,1,0
437,3,3,6,11,88,0.07999999999999999,4,3.562459605267769,18,0,1,1,1,1
437,4,0,3,6,82,-0.12,12,1.6942090608711926,11,0,0,0,1,0
437,5,1,2,6,80,-0.01999999999999999,7,1.3344449410389656,13,0,0,1,1,0
437,6,1,2,8,71,-0.06,8,1.6479477985603623,15,0,0,0,1,0
437,7,1,2,9,89,-0.07999999999999999,9,1.868529989898871,15,0,0,1,0,0
437,8,0,1,4,81,-0.08,14,0.9317046974014113,11,0,0,0,0,0
437,9,0,0,7,89,-0.14,24,0.8752982222690159,16,0,0,1,0,0
437,10,3,7,14,89,0.019999999999999962,5,4.52966297178742,13,0,0,0,0,0
437,11,0,1,4,30,-0.08,16,0.981328077175966,7,0,0,1,0,0
437,12,2,5,9,36,0.020000000000000018,2,3.2564517650229927,4,0,0,0,0,0
438,1,8,9,14,69,0.52,1,7.2197329272295905,8,0,0,1,1,0
438,2,2,3,8,71,0.04000000000000001,2,2.3486964447739154,19,0,1,0,1,0
438,3,3,7,12,89,0.06,1,4.32389234273202,8,0,0,1,1,0
438,4,0,3,6,82,-0.12,13,1.580752948353414,15,0,1,0,1,0
438,5,1,2,5,80,0.0,8,1.2450811553787446,17,0,0,1,1,1
438,6,1,2,8,71,-0.06,9,1.5375896643872708,12,0,0,0,1,0
438,7,1,2,9,89,-0.07999999999999999,10,1.7434001262515841,19,0,0,1,0,0
438,8,0,1,4,81,-0.08,15,0.8693112210453346,14,0,0,0,0,0
438,9,0,0,7,89,-0.14,25,0.8166821188105092,18,0,0,1,0,0
438,10,2,6,14,89,-0.08000000000000002,6,4.226324993220322,17,0,0,0,0,0
438,11,0,1,4,30,-0.08,17,0.9156114715265546,5,0,0,1,0,0
438,12,2,4,9,36,0.020000000000000018,3,3.0383769321147196,6,0,0,0,0,1
439,1,8,9,13,69,0.54,2,6.736249011189816,9,0,0,1,1,0
439,2,2,3,8,71,0.04000000000000001,3,2.19141127007927,8,0,0,0,1,0
439,3,2,6,12,89,-0.03999999999999998,2,4.034334207622352,14,0,0,1,1,0
439,4,0,3,6,82,-0.12,14,1.4748946522828141,11,0,1,0,1,0
439,5,2,2,5,81,0.1,1,2.161701795109135,5,0,0,1,1,0
439,6,1,2,8,71,-0.06,10,1.434621884319331,8,0,1,0,1,0
439,7,0,2,9,89,-0.18,11,1.6266498352421632,12,0,0,1,0,0
439,8,0,1,4,81,-0.08,16,0.8110960491484435,13,0,0,0,0,1
439,9,0,0,7,89,-0.14,26,0.7619913604483878,8,0,0,1,0,1
439,10,2,6,14,89,-0.08000000000000002,7,3.943300651631134,20,0,0,0,0,0
439,11,0,1,4,30,-0.08,18,0.8542957103638397,5,0,1,1,0,0
439,12,3,5,10,37,0.09999999999999998,1,3.834905918387424,5,0,0,0,0,0
440,1,7,9,13,69,0.43999999999999995,3,6.285142566647295,15,0,0,1,1,0
440,2,2,3,8,71,0.04000000000000001,4,2.044659013009536,12,0,0,0,1,0
440,3,2,6,12,89,-0.03999999999999998,3,3.7641669145971584,17,0,0,1,1,0
440,4,0,2,5,82,-0.1,15,1.3761253696210733,24,0,0,0,1,0
440,5,2,2,5,81,0.1,2,2.016939092701163,15,0,0,1,1,1
440,6,0,2,8,71,-0.16,11,1.3385495484506371,18,0,0,0,1,0
440,7,0,2,8,89,-0.16,12,1.5177179619588503,24,0,1,1,0,1
440,8,1,2,5,82,0.0,1,1.7567793731606576,10,0,1,0,0,0
440,9,1,1,8,90,-0.06,1,1.7109630785643608,10,0,1,1,0,0
440,10,2,5,14,89,-0.08000000000000002,8,3.6792296035204393,17,0,1,0,0,0
440,11,0,1,4,30,-0.08,19,0.7970860822978353,4,0,0,1,0,0
440,12,3,5,10,37,0.09999999999999998,2,3.578093741295226,6,0,0,0,0,0
441,1,7,9,13,69,0.43999999999999995,4,5.8642453711942535,14,0,0,1,1,0
441,2,2,2,8,71,0.04000000000000001,5,1.9077343155809834,14,0,0,0,1,0
441,3,2,6,12,89,-0.03999999999999998,4,3.5120919169704607,22,0,0,1,1,1
441,4,0,2,5,82,-0.1,16,1.283970370347245,15,0,1,0,1,0
441,5,2,3,5,82,0.1,1,2.8818707154105003,7,0,0,1,1,0
441,6,0,1,7,71,-0.14,12,1.2489108895111407,13,0,1,0,1,0
441,7,1,3,9,90,-0.07999999999999999,1,2.4160809303556126,7,0,0,1,0,0
441,8,1,2,5,82,0.0,2,1.6391331140102456,21,0,1,0,0,0
441,9,1,1,8,90,-0.06,2,1.5963849996019313,18,0,0,1,0,0
441,10,1,5,14,89,-0.18000000000000002,9,3.4328426035234574,26,0,0,0,0,0
441,11,0,1,4,30,-0.08,20,0.7437076118787032,4,0,0,1,0,1
441,12,3,5,10,37,0.09999999999999998,3,3.3384795074398124,11,0,0,0,0,0
442,1,6,8,13,69,0.33999999999999997,5,5.47153440179125,11,0,0,1,1,0
442,2,1,2,7,71,-0.04000000000000001,6,1.7799790555239487,15,0,1,0,1,0
442,3,3,7,12,90,0.06,1,4.27689762784319,3,0,0,1,1,0
442,4,0,2,5,82,-0.1,17,1.1979867156897124,10,0,1,0,1,0
442,5,2,3,5,82,0.1,2,2.6888804548217786,12,0,0,1,1,0
442,6,0,1,7,71,-0.14,13,1.1652750634034748,11,0,0,0,1,0
442,7,1,3,9,90,-0.07999999999999999,2,2.25428321824473,14,0,0,1,0,0
442,8,1,2,5,82,0.0,3,1.5293652728920224,9,0,0,0,0,1
442,9,1,1,8,90,-0.06,3,1.489479871823075,12,0,0,1,0,0
442,10,1,5,14,89,-0.18000000000000002,10,3.2029554038404937,14,0,1,0,0,0
442,11,1,1,5,31,0.0,1,1.6939037379398814,3,0,0,1,0,1
442,12,3,5,10,37,0.09999999999999998,4,3.1149115220108956,7,0,1,0,0,0
443,1,5,8,13,69,0.24,6,5.105122111199846,9,0,0,1,1,1
443,2,1,2,7,71,-0.04000000000000001,7,1.660779183048371,9,0,0,0,1,0
443,3,3,6,12,90,0.06,2,3.990486588203207,11,0,0,1,1,0
443,4,0,2,5,82,-0.1,18,1.1177611291613272,13,0,0,0,1,0
443,5,2,3,5,82,0.1,3,2.5088141746472155,11,0,0,1,1,0
443,6,0,1,7,71,-0.14,14,1.087240078370587,14,0,0,0,1,1
443,7,1,2,8,90,-0.06,3,2.103320614890102,14,0,1,1,0,0
443,8,2,3,6,83,0.08000000000000002,1,2.4269482557189495,2,0,0,0,0,0
443,9,1,1,7,90,-0.04000000000000001,4,1.3897338606409442,13,0,1,1,0,0
443,10,0,5,14,89,-0.28,11,2.988463062204279,10,0,1,0,0,0
443,11,2,2,6,32,0.08000000000000002,1,2.580468071985428,2,0,0,1,0,0
443,12,3,5,10,37,0.09999999999999998,5,2.906315215754296,7,0,1,0,0,0
444,1,5,9,14,70,0.21999999999999997,1,5.763247355573495,6,0,0,1,1,1
444,2,1,2,7,71,-0.04000000000000001,8,1.5495617694416766,18,0,1,0,1,0
444,3,2,6,11,90,-0.01999999999999999,3,3.723255639078746,15,0,0,1,1,0
444,4,0,2,5,82,-0.1,19,1.0429080101649528,16,0,0,0,1,0
444,5,2,3,5,82,0.1,4,2.340806394581038,14,0,1,1,1,0
444,6,1,2,8,72,-0.06,1,2.014430862840822,6,0,0,0,1,0
444,7,1,2,8,90,-0.06,4,1.962467525471949,13,0,1,1,0,0
444,8,2,2,6,83,0.08000000000000002,2,2.2644227913384882,16,0,0,0,0,0
444,9,1,1,7,90,-0.04000000000000001,5,1.2966675414338167,17,0,0,1,0,0
444,10,0,5,14,89,-0.28,12,2.7883346310257067,11,0,0,0,0,0
444,11,2,2,6,32,0.08000000000000002,2,2.4076618447697817,7,0,0,1,0,1
444,12,3,4,9,37,0.12,6,2.7116879801041724,3,0,0,0,0,0
445,1,5,10,15,71,0.2,1,6.3772999211373325,4,0,0,1,1,0
445,2,1,2,6,71,-0.01999999999999999,9,1.4457922533132361,12,0,1,0,1,0
445,3,2,6,11,90,-0.01999999999999999,4,3.47392034718593,11,0,0,1,1,0
445,4,0,1,5,82,-0.1,20,0.9730675806219051,9,0,0,0,1,0
445,5,2,3,5,82,0.1,5,2.184049592944434,9,0,0,1,1,0
445,6,1,2,8,72,-0.06,2,1.879530454200444,10,0,0,0,1,0
445,7,1,2,7,90,-0.04000000000000001,5,1.8310469460849284,9,0,0,1,0,0
445,8,2,2,6,83,0.08000000000000002,3,2.1127811711066773,8,0,0,0,0,0
445,9,1,1,7,90,-0.04000000000000001,6,1.209833595212671,12,0,0,1,0,0
445,10,0,5,14,89,-0.28,13,2.601608202191595,11,0,1,0,0,1
445,11,3,3,7,33,0.15999999999999998,1,3.246427933634578,4,0,0,1,0,1
445,12,2,3,9,37,0.020000000000000018,7,2.5300943481909988,5,0,1,0,0,0
446,1,4,10,15,71,0.10000000000000003,2,5.950231223346211,11,0,0,1,1,0
446,2,1,2,6,71,-0.01999999999999999,10,1.3489718712495904,10,0,0,0,1,0
446,3,2,6,10,90,0.0,5,3.241282293895473,13,0,0,1,1,0
446,4,0,0,5,82,-0.1,21,0.9079041557151397,12,0,0,0,1,0
446,5,2,3,5,82,0.1,6,2.037790325369692,17,0,0,1,1,0
446,6,1,2,8,72,-0.06,3,1.7536639223671746,8,0,0,0,1,1
446,7,1,2,7,90,-0.04000000000000001,6,1.708427209749956,13,0,0,1,0,0
446,8,2,2,5,83,0.1,4,1.9712945365403025,8,0,0,0,0,0
446,9,1,1,7,90,-0.04000000000000001,7,1.1288146586030094,14,0,1,1,0,0
446,10,1,5,15,90,-0.19999999999999998,1,3.4273862836975195,5,0,1,0,0,0
446,11,4,4,8,34,0.24000000000000002,1,4.029024366727726,5,0,1,1,0,0
446,12,1,3,9,37,-0.07999999999999999,8,2.3606614985630165,8,0,1,0,0,1
447,1,3,10,14,71,0.019999999999999962,3,5.551762038654433,8,0,0,1,1,0
447,2,0,2,6,71,-0.12,11,1.2586352605310103,12,0,0,0,1,0
447,3,2,5,10,90,0.0,6,3.0242233150885784,11,0,0,1,1,1
447,4,0,0,5,82,-0.1,22,0.8471045304355962,12,0,0,0,1,1
447,5,2,3,5,82,0.1,7,1.9013256034044477,12,0,1,1,1,0
447,6,2,3,9,73,0.020000000000000018,1,2.6362262956364164,2,0,0,0,1,0
447,7,1,2,7,90,-0.04000000000000001,7,1.5940189503358821,12,0,1,1,0,0
447,8,2,2,5,83,0.1,5,1.8392828386283628,14,0,0,0,0,0
447,9,1,1,6,90,-0.01999999999999999,8,1.0532213178069658,10,0,0,1,0,0
447,10,1,4,15,90,-0.19999999999999998,2,3.1978644774305174,9,0,0,0,0,0
447,11,4,4,8,34,0.24000000000000002,2,3.7592126578626615,7,0,1,1,0,0
447,12,2,4,10,38,0.0,1,3.2025750600100142,2,0,0,0,0,0
448,1,2,10,14,71,-0.08000000000000002,4,5.17997714322623,15,0,0,1,1,0
448,2,0,2,5,71,-0.1,12,1.1743482223869575,15,0,1,0,1,0
448,3,2,5,11,91,-0.01999999999999999,1,3.8217001267524573,9,0,1,1,1,0
448,4,1,1,6,83,-0.01999999999999999,1,1.790376474176707,9,0,1,0,1,0
448,5,2,3,5,82,0.1,8,1.7739995156299773,18,0,1,1,1,0
448,6,2,3,9,73,0.020000000000000018,2,2.4596861069856417,16,0,0,0,1,1
448,7,1,2,7,90,-0.04000000000000001,8,1.4872722697982497,19,0,0,1,0,1
448,8,2,2,5,83,0.1,6,1.7161115692077324,19,0,0,0,0,0
448,9,1,1,5,90,0.0,9,0.9826902369037719,22,0,0,1,0,0
448,10,1,3,15,90,-0.19999999999999998,3,2.983713059906285,20,0,0,0,0,0
448,11,4,4,8,34,0.24000000000000002,3,3.507469431988632,5,0,0,1,0,0
448,12,2,4,10,38,0.0,2,2.988108188862314,7,0,0,0,0,0
449,1,2,10,14,71,-0.08000000000000002,5,4.8330895700366545,13,0,0,1,1,0
449,2,0,2,5,71,-0.1,13,1.0957056350396348,18,0,0,0,1,1
449,3,2,4,10,91,0.0,2,3.5657723020204415,19,0,0,1,1,0
449,4,1,1,6,83,-0.01999999999999999,2,1.6704803176782146,16,0,0,0,1,1
449,5,1,3,5,82,0.0,9,1.655200075053085,14,0,1,1,1,0
449,6,3,4,9,74,0.12,1,3.294968286642337,7,0,1,0,1,0
449,7,2,2,8,91,0.04000000000000001,1,2.387674095119599,7,0,1,1,0,0
449,8,2,2,5,83,0.1,7,1.6011887112288155,22,0,1,0,0,0
449,9,1,1,5,90,0.0,10,0.9168824114923403,20,0,0,1,0,0
449,10,1,3,15,90,-0.19999999999999998,4,2.7839027221718027,15,0,0,0,0,0
449,11,4,4,8,34,0.24000000000000002,4,3.27258469685226,6,0,0,1,0,0
449,12,1,4,10,38,-0.1,3,2.7880035224898365,8,0,0,0,0,0
450,1,2,9,14,71,-0.08000000000000002,6,4.509432019896642,15,0,1,1,1,0
450,2,1,3,6,72,-0.01999999999999999,1,2.022329506504768,5,0,0,0,1,0
450,3,2,4,10,91,0.0,3,3.3269831980932207,20,0,1,1,1,0
450,4,2,2,7,84,0.06,1,2.558613248106661,5,0,0,0,1,0
450,5,1,3,5,82,0.0,10,1.544356277618728,14,0,1,1,1,1
450,6,3,3,9,74,0.12,2,3.0743141175048083,19,0,0,0,1,0
450,7,2,2,8,91,0.04000000000000001,2,2.227778703784379,15,0,0,1,0,0
450,8,1,2,5,83,0.0,8,1.493961893252787,16,0,0,0,0,0
450,9,0,1,4,90,-0.08,11,0.8554815392821803,20,0,0,1,0,0
450,10,1,3,15,90,-0.19999999999999998,5,2.5974730850154186,16,0,0,0,0,1
450,11,4,4,8,34,0.24000000000000002,5,3.05342948976164,6,0,0,1,0,0
450,12,1,4,9,38,-0.07999999999999999,4,2.601299267003849,5,0,0,0,0,0
451,1,2,9,13,71,-0.06,7,4.207448847656032,14,0,0,1,1,1
451,2,1,3,6,72,-0.01999999999999999,2,1.886900149327299,12,0,0,0,1,0
451,3,2,4,10,91,0.0,4,3.1041850861096125,20,0,0,1,1,0
451,4,2,2,7,84,0.06,2,2.3872705730666652,18,0,1,0,1,0
451,5,1,3,6,83,-0.01999999999999999,1,2.44093535770525,16,0,0,1,1,0
451,6,3,3,9,74,0.12,3,2.8684364979793515,11,0,1,0,1,0
451,7,1,2,8,91,-0.06,3,2.07859102847393,18,0,0,1,0,0
451,8,1,2,5,83,0.0,9,1.3939157345036404,15,0,0,0,0,0
451,9,0,1,4,90,-0.08,12,0.7981924998009655,17,0,1,1,0,1
451,10,2,3,15,91,-0.09999999999999998,1,3.423528082948276,16,0,0,0,0,0
451,11,4,4,8,34,0.24000000000000002,6,2.8489504512790105,7,0,1,1,0,0
451,12,1,4,9,38,-0.07999999999999999,5,2.4270980369751056,10,0,0,0,0,0
452,1,3,9,14,72,0.019999999999999962,1,4.925688585066601,10,0,0,1,1,0
452,2,1,2,6,72,-0.01999999999999999,3,1.7605400910580984,15,0,1,0,1,1
452,3,1,4,10,91,-0.1,5,2.896307097176794,17,0,0,1,1,0
452,4,2,2,7,84,0.06,3,2.227402204396179,20,0,0,0,1,0
452,5,1,3,6,83,-0.01999999999999999,2,2.2774732189476965,13,0,0,1,1,0
452,6,3,3,8,74,0.13999999999999999,4,2.6763458867430376,14,0,0,0,1,1
452,7,1,2,8,91,-0.06,4,1.9393940054786003,19,0,0,1,0,0
452,8,1,2,5,83,0.0,10,1.3005693677141579,16,0,1,0,0,0
452,9,1,2,5,91,0.0,1,1.7447399359115374,10,0,0,1,0,0
452,10,2,3,15,91,-0.09999999999999998,2,3.194264648843501,18,0,1,0,0,0
452,11,3,4,8,34,0.13999999999999999,7,2.658164762296993,7,0,0,1,0,0
452,12,1,4,8,38,-0.06,6,2.2645625421919955,4,0,0,0,0,0
453,1,3,8,14,72,0.019999999999999962,2,4.595829955903395,14,0,1,1,1,0
453,2,2,3,6,73,0.08000000000000002,1,2.642641987880421,11,0,0,0,1,0
453,3,1,4,10,91,-0.1,6,2.702350075288151,18,0,1,1,1,0
453,4,2,2,7,84,0.06,4,2.0782397421234466,14,0,0,0,1,0
453,5,1,3,6,83,-0.01999999999999999,3,2.1249576506197316,13,0,1,1,1,0
453,6,4,4,9,75,0.22000000000000003,1,3.497119009095086,11,0,0,0,1,0
453,7,1,2,8,91,-0.06,5,1.80951859070025,15,0,1,1,0,1
453,8,0,2,5,83,-0.1,11,1.2134741278594747,15,0,0,0,0,1
453,9,1,2,5,91,0.0,2,1.6278999218572794,15,0,0,1,0,0
453,10,2,2,15,91,-0.09999999999999998,3,2.9803543010707214,10,0,0,0,0,0
453,11,2,4,8,34,0.04000000000000001,8,2.48015542016369,8,0,0,1,0,0
453,12,1,4,7,38,-0.04000000000000001,7,2.1129115632635953,4,0,0,0,0,0
454,1,2,7,13,72,-0.06,3,4.288060972351018,13,0,0,1,1,0
454,2,2,3,6,73,0.08000000000000002,2,2.465672159512845,13,0,0,0,1,0
454,3,1,3,10,91,-0.1,7,2.5213817749258203,20,0,0,1,1,0
454,4,2,2,7,84,0.06,5,1.9390662437241226,18,0,0,0,1,0
454,5,1,3,6,83,-0.01999999999999999,4,1.9826555936467543,16,0,0,1,1,1
454,6,3,4,9,75,0.12,2,3.2629274108162236,17,0,1,0,1,1
454,7,2,3,9,92,0.020000000000000018,1,2.6883405439225223,13,0,1,1,0,0
454,8,1,3,6,84,-0.01999999999999999,1,2.132211395669244,13,0,1,0,0,0
454,9,1,2,5,91,0.0,3,1.5188843340130325,22,0,1,1,0,0
454,10,2,2,14,91,-0.08000000000000002,4,2.780768889367606,17,0,0,0,0,0
454,11,2,4,8,34,0.04000000000000001,9,2.314066831151555,4,0,0,1,0,0
454,12,1,4,7,38,-0.04000000000000001,8,1.9714161967245447,10,0,0,0,0,0
455,1,1,6,13,72,-0.16,4,4.000902356924902,13,0,0,1,1,0
455,2,2,3,5,73,0.1,3,2.3005534711392897,17,0,0,0,1,0
455,3,1,3,10,91,-0.1,8,2.352532380265423,17,0,0,1,1,1
455,4,2,2,7,84,0.06,6,1.8092127781699583,17,0,1,0,1,0
455,5,2,4,7,84,0.06,1,2.849883079727416,8,0,1,1,1,0
455,6,4,5,9,76,0.22000000000000003,1,4.04441892328131,8,0,1,0,1,0
455,7,2,3,9,92,0.020000000000000018,2,2.508310419965719,14,0,1,1,0,0
455,8,1,3,6,84,-0.01999999999999999,2,1.989423577090146,19,0,0,0,0,0
455,9,1,2,5,91,0.0,4,1.417169193962571,14,0,0,1,0,0
455,10,2,2,14,91,-0.08000000000000002,5,2.594549115619143,20,0,0,0,0,0
455,11,1,4,8,34,-0.06,10,2.1591006980854357,6,0,0,1,0,0
455,12,1,3,7,38,-0.04000000000000001,9,1.8393963515940173,7,0,0,0,0,1
456,1,1,5,13,72,-0.16,5,3.732973894928305,10,0,0,1,1,0
456,2,2,3,5,73,0.1,4,2.1464922873674777,13,0,1,0,1,0
456,3,2,4,11,92,-0.01999999999999999,1,3.194990324446254,5,0,0,1,1,0
456,4,2,2,7,84,0.06,7,1.6880552107425346,12,0,1,0,1,0
456,5,2,4,7,84,0.06,2,2.659034935408201,15,0,0,1,1,0
456,6,4,5,9,76,0.22000000000000003,2,3.7735762870172347,9,0,0,0,1,0
456,7,2,3,9,92,0.020000000000000018,3,2.3403363748435604,18,0,0,1,0,0
456,8,1,3,6,84,-0.01999999999999999,3,1.8561978315662753,12,0,0,0,0,0
456,9,1,2,5,91,0.0,5,1.3222656125567036,11,0,0,1,0,0
456,10,1,2,13,91,-0.16,6,2.420799923035307,15,0,0,0,0,1
456,11,0,4,7,34,-0.14,11,2.0145121833638635,6,0,1,1,0,0
456,12,2,3,8,39,0.04000000000000001,1,2.716217480549655,5,0,0,0,0,1
457,1,1,4,13,72,-0.16,6,3.482987800513764,9,0,0,1,1,0
457,2,2,2,5,73,0.1,5,2.002748120193162,8,0,0,0,1,0
457,3,2,4,10,92,0.0,2,2.9810313803492434,15,0,0,1,1,0
457,4,2,2,7,84,0.06,8,1.575011203158403,13,0,0,0,1,0
457,5,2,4,7,84,0.06,3,2.480967320384795,21,0,0,1,1,0
457,6,3,5,9,76,0.12,3,3.5208711718680488,6,0,0,0,1,1
457,7,2,3,9,92,0.020000000000000018,4,2.1836110490226943,17,0,0,1,0,0
457,8,1,3,6,84,-0.01999999999999999,4,1.7318938156704167,10,0,0,0,0,0
457,9,1,2,5,91,0.0,6,1.2337174400900304,13,0,1,1,0,0
457,10,2,3,13,92,-0.06,1,3.258686194101706,6,0,0,0,0,0
457,11,0,4,7,34,-0.14,12,1.8796063289313312,8,0,1,1,0,0
457,12,2,4,9,40,0.020000000000000018,1,3.5343205215418148,6,0,0,0,0,1
458,1,1,3,13,72,-0.16,7,3.2497425269995626,8,0,0,1,1,1
458,2,2,2,5,73,0.1,6,1.8686300698785436,13,0,0,0,1,0
458,3,1,3,10,92,-0.1,3,2.7814006266723528,12,0,0,1,1,0
458,4,1,2,7,84,-0.04000000000000001,9,1.469537414586871,12,0,0,0,1,0
458,5,2,4,7,84,0.06,4,2.3148243608436823,13,0,1,1,1,0
458,6,4,6,10,77,0.2,1,4.2850889623037505,3,0,0,0,1,0
458,7,2,3,8,92,0.04000000000000001,5,2.0373811494224707,13,0,1,1,0,0
458,8,1,3,6,84,-0.01999999999999999,5,1.6159140678590649,14,0,0,0,0,0
458,9,1,2,5,91,0.0,7,1.151099073838333,10,0,0,1,0,0
458,10,2,3,12,92,-0.03999999999999998,2,3.0404617281624082,10,0,0,0,0,0
458,11,0,4,7,34,-0.14,13,1.7537347159943164,7,0,1,1,0,1
458,12,3,5,10,41,0.09999999999999998,1,4.297637649264089,3,0,0,0,0,0
459,1,2,4,14,73,-0.08000000000000002,1,4.032116991690787,5,0,0,1,1,0
459,2,2,2,5,73,0.1,7,1.743493504174411,12,0,1,0,1,0
459,3,1,3,10,92,-0.1,4,2.595138547366456,11,0,0,1,1,0
459,4,1,2,7,84,-0.04000000000000001,10,1.3711268901072537,9,0,0,0,1,0
459,5,2,3,7,84,0.06,5,2.159807498280259,9,0,0,1,1,0
459,6,3,6,9,77,0.12,2,3.998129373499622,10,0,0,0,1,0
459,7,1,3,8,92,-0.06,6,1.9009438287463472,9,0,0,1,0,0
459,8,1,3,6,84,-0.01999999999999999,6,1.507701136800955,8,0,0,0,0,1
459,9,1,2,4,91,0.020000000000000004,8,1.0740134124186282,13,0,0,1,0,0
459,10,2,3,12,92,-0.03999999999999998,3,2.836851101880543,12,0,1,0,0,1
459,11,1,5,8,35,-0.06,1,2.6362923484261307,5,0,0,1,0,0
459,12,3,4,10,41,0.09999999999999998,2,4.009837712434085,5,0,1,0,0,0
460,1,2,4,14,73,-0.08000000000000002,2,3.762098178983647,13,0,0,1,1,0
460,2,1,2,5,73,0.0,8,1.626736959924842,11,0,0,0,1,0
460,3,1,3,10,92,-0.1,5,2.421349882301809,18,0,0,1,1,1
460,4,0,2,6,84,-0.12,11,1.2793066240533304,21,0,0,0,1,1
460,5,2,3,7,84,0.06,6,2.0151716512640583,25,0,0,1,1,0
460,6,3,6,9,77,0.12,3,3.730386609907534,14,0,0,0,1,0
460,7,1,3,8,92,-0.06,7,1.7736433072786368,24,0,1,1,0,0
460,8,2,3,7,85,0.06,1,2.4067349020128406,7,0,0,0,0,0
460,9,1,1,3,91,0.04000000000000001,9,1.0020899471396076,21,0,1,1,0,0
460,10,3,4,13,93,0.03999999999999998,1,3.6468756701320912,7,0,0,0,0,0
460,11,1,5,8,35,-0.06,2,2.4597477364176283,7,0,1,1,0,0
460,12,3,4,10,41,0.09999999999999998,3,3.741310876409483,10,0,0,0,0,0
461,1,2,4,14,73,-0.08000000000000002,3,3.5101617183922875,15,0,0,1,1,0
461,2,1,2,5,73,0.0,9,1.517799252162167,16,0,1,0,1,0
461,3,2,4,11,93,-0.01999999999999999,1,3.2591993242413535,10,0,1,1,1,0
461,4,1,3,7,85,-0.04000000000000001,1,2.1936352865333326,10,0,1,0,1,0
461,5,1,2,7,84,-0.04000000000000001,7,1.8802216342390723,18,0,1,1,1,1
461,6,3,6,9,77,0.12,4,3.480573778230876,16,0,0,0,1,0
461,7,1,2,7,92,-0.04000000000000001,8,1.6548677209094236,19,0,0,1,0,0
461,8,2,3,7,85,0.06,2,2.2455630654610856,19,0,0,0,0,1
461,9,1,1,3,91,0.04000000000000001,10,0.9349829811686293,22,0,0,1,0,0
461,10,2,4,12,93,-0.03999999999999998,2,3.402655316266144,20,0,0,0,0,0
461,11,1,5,8,35,-0.06,3,2.29502578893563,5,0,0,1,0,0
461,12,3,4,10,41,0.09999999999999998,4,3.4907664792855346,8,0,0,0,0,0
462,1,1,4,14,73,-0.18000000000000002,4,3.2750966888895365,13,0,0,1,1,0
462,2,1,2,5,73,0.0,10,1.4161567767971959,11,0,0,0,1,0
462,3,2,3,11,93,-0.01999999999999999,2,3.0409404955116512,18,0,0,1,1,0
462,4,1,3,7,85,-0.04000000000000001,2,2.046734093734897,19,0,1,0,1,0
462,5,2,3,7,85,0.06,1,2.7543088161463065,10,0,0,1,1,0
462,6,3,6,9,77,0.12,5,3.2474901645673224,18,0,1,0,1,0
462,7,1,2,7,92,-0.04000000000000001,9,1.544046180237818,20,0,1,1,0,0
462,8,3,4,7,86,0.15999999999999998,1,3.0951844246517206,10,0,0,0,0,0
462,9,0,1,3,91,-0.06,11,0.8723699679557687,16,0,1,1,0,0
462,10,2,4,12,93,-0.03999999999999998,3,3.174789668904422,23,0,0,0,0,1
462,11,1,4,8,35,-0.06,4,2.1413347775047322,4,0,0,1,0,1
462,12,3,4,10,41,0.09999999999999998,5,3.257000290924191,9,0,0,0,0,0
463,1,1,4,14,73,-0.18000000000000002,5,3.055773261206897,12,0,0,1,1,0
463,2,0,2,5,73,-0.1,11,1.3213209939402104,10,0,0,0,1,0
463,3,2,3,11,93,-0.01999999999999999,3,2.8372978076126576,13,0,0,1,1,0
463,4,1,3,7,85,-0.04000000000000001,3,1.9096704343578474,12,0,0,0,1,0
463,5,2,3,7,85,0.06,2,2.569860994345191,18,0,0,1,1,0
463,6,2,6,8,77,0.04000000000000001,6,3.030015463232608,8,0,0,0,1,1
463,7,1,2,6,92,-0.01999999999999999,10,1.440646026618272,13,0,0,1,0,0
463,8,3,3,7,86,0.15999999999999998,2,2.887909183090927,9,0,0,0,0,0
463,9,0,1,3,91,-0.06,12,0.8139499609286397,14,0,1,1,0,0
463,10,3,5,13,94,0.03999999999999998,1,3.962183502278043,6,0,1,0,0,0
463,11,2,4,9,36,0.020000000000000018,1,2.997935993337044,6,0,1,1,0,0
463,12,3,4,10,41,0.09999999999999998,6,3.0388887248772503,9,0,1,0,0,1
464,1,1,3,14,73,-0.18000000000000002,6,2.851137267362057,8,0,0,1,1,0
464,2,0,2,5,73,-0.1,12,1.2328360797564224,13,0,0,0,1,0
464,3,2,3,11,93,-0.01999999999999999,4,2.647292461317663,12,0,0,1,1,0
464,4,1,3,7,85,-0.04000000000000001,4,1.781785518218297,12,0,0,0,1,0
464,5,2,3,7,85,0.06,3,2.397765091387648,13,0,1,1,1,1
464,6,3,6,9,78,0.12,1,3.8271043920627057,4,0,0,0,1,0
464,7,0,2,6,92,-0.12,11,1.3441702719612614,13,0,1,1,0,0
464,8,2,3,7,86,0.06,3,2.694514544385945,14,0,0,0,0,0
464,9,0,1,2,91,-0.04,13,0.7594421670065162,10,0,0,1,0,0
464,10,3,5,13,94,0.03999999999999998,2,3.6968479261482674,10,0,0,0,0,0
464,11,2,4,8,36,0.04000000000000001,2,2.7971731882991326,7,0,1,1,0,1
464,12,4,5,11,42,0.18000000000000002,1,3.835383437919695,4,0,0,0,0,0
465,1,1,2,14,73,-0.18000000000000002,7,2.660205133848898,12,0,0,1,1,0
465,2,0,2,5,73,-0.1,13,1.1502767355696448,10,0,0,0,1,1
465,3,2,3,11,93,-0.01999999999999999,5,2.470011204656057,13,0,0,1,1,0
465,4,1,3,7,85,-0.04000000000000001,5,1.6624646723401781,10,0,1,0,1,0
465,5,2,4,8,86,0.04000000000000001,1,3.2371939362199433,3,0,0,1,1,1
465,6,2,6,9,78,0.020000000000000018,2,3.570814659849921,12,0,1,0,1,0
465,7,0,2,6,92,-0.12,12,1.2541552099828597,9,0,0,1,0,0
465,8,2,3,6,86,0.08000000000000002,4,2.5140709660878557,12,0,0,0,0,0
465,9,0,1,2,91,-0.04,14,0.7085845969812855,9,0,0,1,0,0
465,10,3,5,13,94,0.03999999999999998,3,3.4492810797907603,22,0,1,0,0,0
465,11,3,4,8,37,0.13999999999999999,1,3.6098548677252893,3,0,0,1,0,0
465,12,4,5,11,42,0.18000000000000002,2,3.578539282772938,8,0,1,0,0,0
466,1,1,2,13,73,-0.16,8,2.4820591541366106,15,0,1,1,1,1
466,2,1,3,6,74,-0.01999999999999999,1,2.073246143683739,7,0,0,0,1,1
466,3,1,3,11,93,-0.12,6,2.3046019434096743,21,0,1,1,1,0
466,4,1,3,6,85,-0.01999999999999999,6,1.5511343865578147,13,0,1,0,1,0
466,5,3,5,9,87,0.12,1,4.020408742496107,7,0,0,1,1,0
466,6,2,6,9,78,0.020000000000000018,3,3.331687884303259,19,0,1,0,1,0
466,7,0,2,6,92,-0.12,13,1.1701681874217804,15,0,0,1,0,0
466,8,2,3,6,86,0.08000000000000002,5,2.3457111544247837,15,0,0,0,0,0
466,9,0,1,2,91,-0.04,15,0.6611328062783518,13,0,0,1,0,0
466,10,3,4,13,94,0.03999999999999998,4,3.2182930445284823,22,0,0,0,0,0
466,11,3,3,8,37,0.13999999999999999,2,3.368113686247433,7,0,0,1,0,0
466,12,3,5,11,42,0.07999999999999999,3,3.3388952123376154,7,0,0,0,0,0
467,1,2,3,14,74,-0.08000000000000002,1,3.3158430777553995,9,0,1,1,1,0
467,2,2,4,7,75,0.06,1,2.9344070516333884,9,0,1,0,1,0
467,3,1,3,11,93,-0.12,7,2.1502696455610684,19,0,1,1,1,0
467,4,1,3,6,85,-0.01999999999999999,7,1.4472595569656483,12,0,0,0,1,0
467,5,3,5,9,87,0.12,2,3.7511739962118766,14,0,0,1,1,0
467,6,2,5,9,78,0.020000000000000018,4,3.1085747135584065,17,0,0,0,1,0
467,7,0,2,5,92,-0.1,14,1.0918055245113474,15,0,0,1,0,0
467,8,2,3,6,86,0.08000000000000002,6,2.188625895694214,11,0,0,0,0,0
467,9,0,1,2,91,-0.04,16,0.6168587200450152,17,0,0,1,0,1
467,10,2,4,12,94,-0.03999999999999998,5,3.0027735869785097,13,0,0,0,0,1
467,11,3,3,8,37,0.13999999999999999,3,3.142561188515506,9,0,0,1,0,0
467,12,2,4,11,42,-0.01999999999999999,4,3.115299388395289,4,0,0,0,0,0
468,1,2,3,14,74,-0.08000000000000002,2,3.093790986304735,17,0,0,1,1,1
468,2,2,4,7,75,0.06,2,2.7378985897722035,13,0,0,0,1,0
468,3,1,2,11,93,-0.12,8,2.006272520008634,19,0,0,1,1,0
468,4,1,2,6,85,-0.01999999999999999,8,1.3503409139658935,23,0,0,0,1,0
468,5,3,5,9,87,0.12,3,3.499969095460648,22,0,0,1,1,1
468,6,1,5,9,78,-0.07999999999999999,5,2.9004027644070742,12,0,0,0,1,0
468,7,0,2,5,92,-0.1,15,1.0186905747112356,23,0,0,1,0,0
468,8,2,3,6,86,0.08000000000000002,7,2.042060166814497,17,0,1,0,0,0
468,9,1,2,3,92,0.04000000000000001,1,1.5755495369191665,12,0,1,1,0,0
468,10,3,5,12,95,0.06,1,3.8016868227662686,12,0,1,0,0,0
468,11,3,3,8,37,0.13999999999999999,4,2.9321132668080874,9,0,1,1,0,0
468,12,1,4,10,42,-0.1,5,2.906677107887243,8,0,0,0,0,0
469,1,2,4,15,75,-0.09999999999999998,1,3.886609059141517,8,0,0,1,1,1
469,2,2,4,7,75,0.06,3,2.5545497117395652,16,0,1,0,1,0
469,3,1,2,10,93,-0.1,9,1.871918451181745,18,0,0,1,1,0
469,4,1,2,6,85,-0.01999999999999999,9,1.2599126225521442,15,0,1,0,1,0
469,5,4,6,9,88,0.22000000000000003,1,4.265586635424022,8,0,0,1,1,0
469,6,1,4,9,78,-0.07999999999999999,6,2.7061714679363584,14,0,1,0,1,0
469,7,0,1,5,92,-0.1,16,0.9504719143731738,14,0,0,1,0,1
469,8,2,3,6,86,0.08000000000000002,8,1.905309506341082,16,0,0,0,0,0
469,9,1,2,3,92,0.04000000000000001,2,1.4700396977461216,16,0,0,1,0,0
469,10,3,5,12,95,0.06,2,3.547099229131672,23,0,0,0,0,0
469,11,2,3,8,37,0.04000000000000001,5,2.735758412854711,8,0,0,1,0,0
469,12,1,4,10,42,-0.1,6,2.7120256374035896,7,0,0,0,0,0
470,1,3,5,16,76,-0.020000000000000018,1,4.626334477384866,8,0,0,1,1,1
470,2,2,3,7,75,0.06,4,2.3834791595738554,17,0,1,0,1,0
470,3,1,2,10,93,-0.1,10,1.7465616724190507,20,0,0,1,1,1
470,4,1,1,5,85,0.0,10,1.1755400432948115,14,0,0,0,1,0
470,5,4,6,9,88,0.22000000000000003,2,3.9799330591091002,15,0,0,1,1,0
470,6,1,4,9,78,-0.07999999999999999,7,2.524947260340214,13,0,1,0,1,0
470,7,1,2,6,93,-0.01999999999999999,1,1.8868216536393185,8,0,0,1,0,0
470,8,1,3,6,86,-0.01999999999999999,9,1.7777166285049375,19,0,1,0,0,0
470,9,1,2,3,92,0.04000000000000001,3,1.371595536865928,22,0,0,1,0,0
470,10,2,5,11,95,-0.01999999999999999,3,3.3095606050346276,18,0,0,0,0,0
470,11,2,3,8,37,0.04000000000000001,6,2.5525528560678192,7,0,0,1,0,0
470,12,1,4,10,42,-0.1,7,2.530409393591188,8,0,0,0,0,0
471,1,4,6,17,77,0.06,1,5.316522697284274,9,0,0,1,1,0
471,2,2,3,6,75,0.08000000000000002,5,2.22386469052283,20,0,1,0,1,0
471,3,1,3,11,94,-0.12,1,2.6295996621206763,9,0,0,1,1,0
471,4,0,1,5,85,-0.1,11,1.096817643266666,17,0,1,0,1,0
471,5,4,5,9,88,0.22000000000000003,3,3.713408848256801,18,0,0,1,1,0
471,6,1,4,8,78,-0.06,8,2.355859095787896,13,0,0,0,1,1
471,7,1,2,6,93,-0.01999999999999999,2,1.7604668519915192,20,0,0,1,0,0
471,8,1,3,6,86,-0.01999999999999999,10,1.6586682639986892,14,0,0,0,0,0
471,9,1,2,3,92,0.04000000000000001,4,1.2797438869405502,19,0,0,1,0,0
471,10,2,4,11,95,-0.01999999999999999,4,3.087929231987825,17,0,0,0,0,0
471,11,2,3,8,37,0.04000000000000001,7,2.3816160273527793,8,0,0,1,0,0
471,12,1,4,10,42,-0.1,8,2.360955446315225,7,0,0,0,0,1
472,1,4,5,16,77,0.08000000000000002,2,4.960491076820483,8,0,0,1,1,0
472,2,2,3,6,75,0.08000000000000002,6,2.0749391249715923,13,0,0,0,1,1
472,3,1,3,11,94,-0.12,2,2.453503239292633,12,0,0,1,1,0
472,4,0,1,5,85,-0.1,12,1.0233670468674483,12,0,0,0,1,0
472,5,3,5,9,88,0.12,4,3.4647329664882935,13,0,1,1,1,0
472,6,2,5,9,79,0.020000000000000018,1,3.1980942597821786,5,0,0,0,1,0
472,7,1,2,6,93,-0.01999999999999999,3,1.642573653415033,13,0,1,1,0,1
472,8,0,3,6,86,-0.12,11,1.54759221232586,14,0,0,0,0,0
472,9,1,1,3,92,0.04000000000000001,5,1.1940432672330834,10,0,0,1,0,0
472,10,2,4,11,95,-0.01999999999999999,5,2.881139848975556,10,0,0,0,0,0
472,11,2,3,7,37,0.06,8,2.2221263266929707,7,0,1,1,0,0
472,12,2,5,11,43,-0.01999999999999999,1,3.2028493229606125,5,0,0,0,0,0
473,1,4,5,16,77,0.08000000000000002,3,4.628301828897454,17,0,1,1,1,0
473,2,3,3,7,76,0.15999999999999998,1,2.9359866590290102,9,0,0,0,1,1
473,3,1,3,10,94,-0.1,3,2.2891994671024527,23,0,1,1,1,0
473,4,0,1,5,85,-0.1,13,0.9548352171789235,12,0,0,0,1,0
473,5,3,5,9,88,0.12,5,3.2327101645987697,14,0,0,1,1,0
473,6,2,4,9,79,0.020000000000000018,2,2.983927454421258,18,0,1,0,1,0
473,7,2,3,6,94,0.08000000000000002,1,2.5325754096653714,9,0,0,1,0,0
473,8,0,3,6,86,-0.12,12,1.4439545915454632,18,0,1,0,0,0
473,9,1,1,3,92,0.04000000000000001,6,1.1140817616508674,19,0,0,1,0,1
473,10,1,4,11,95,-0.12,6,2.688198532325569,17,0,0,0,0,0
473,11,1,3,7,37,-0.04000000000000001,9,2.0733171741670393,6,0,0,1,0,0
473,12,2,5,11,43,-0.01999999999999999,2,2.9883640852435787,8,0,0,0,0,0
474,1,4,5,16,77,0.08000000000000002,4,4.318358301151469,19,0,1,1,1,0
474,2,4,4,8,77,0.24000000000000002,1,3.739372415585994,8,0,0,0,1,0
474,3,1,3,10,94,-0.1,4,2.1358986270150666,20,0,1,1,1,0
474,4,0,1,5,85,-0.1,14,0.8908927591091482,18,0,0,0,1,0
474,5,3,5,9,88,0.12,6,3.016225235647035,13,0,0,1,1,0
474,6,1,4,9,79,-0.07999999999999999,3,2.7841027593274768,19,0,0,0,1,0
474,7,2,2,6,94,0.08000000000000002,2,2.362976410772637,21,0,0,1,0,0
474,8,0,2,5,86,-0.1,13,1.3472572721929723,15,0,1,0,0,0
474,9,2,2,4,93,0.12000000000000001,1,2.039475038889705,8,0,0,1,0,0
474,10,1,4,11,95,-0.12,7,2.5081779184605804,18,0,1,0,0,0
474,11,1,3,7,37,-0.04000000000000001,10,1.9344733254177127,7,0,0,1,0,1
474,12,1,5,10,43,-0.1,3,2.788242282255971,4,0,0,0,0,1
475,1,4,5,16,77,0.08000000000000002,5,4.029170764251161,7,0,0,1,1,0
475,2,4,4,8,77,0.24000000000000002,2,3.488957831384418,6,0,0,0,1,0
475,3,1,3,10,94,-0.1,5,1.9928638855832272,8,0,0,1,1,0
475,4,0,1,4,85,-0.08,15,0.8312323361700888,5,0,0,0,1,0
475,5,2,4,9,88,0.020000000000000018,7,2.814237654764565,8,0,0,1,1,1
475,6,1,3,9,79,-0.07999999999999999,4,2.597659726281196,9,0,0,0,1,0
475,7,2,2,6,94,0.08000000000000002,3,2.2047349494741013,8,0,0,1,0,0
475,8,0,2,5,86,-0.1,14,1.2570354830439279,6,0,0,0,0,0
475,9,2,2,4,93,0.12000000000000001,2,1.9028974966999082,5,0,0,1,0,1
475,10,1,4,11,95,-0.12,8,2.340212746567838,12,0,1,0,0,0
475,11,1,4,8,38,-0.06,1,2.8049274338626446,4,0,1,1,0,0
475,12,2,6,10,44,0.0,1,3.6015220377427037,4,0,1,0,0,0
476,1,4,5,16,77,0.08000000000000002,6,3.759349251581905,18,0,0,1,1,0
476,2,3,4,8,77,0.13999999999999999,3,3.2553127627623755,15,0,0,0,1,0
476,3,1,2,10,94,-0.1,6,1.8594077528913844,19,0,0,1,1,1
476,4,0,1,3,85,-0.06,16,0.7755671932789071,21,0,1,0,1,0
476,5,2,5,10,89,0.0,1,3.625776577920511,7,0,0,1,1,0
476,6,1,3,9,79,-0.07999999999999999,5,2.4237022254068283,16,0,1,0,1,0
476,7,2,2,6,94,0.08000000000000002,4,2.057090445453573,19,0,0,1,0,0
476,8,0,2,5,86,-0.1,15,1.1728555772123919,20,0,1,0,0,0
476,9,3,3,5,94,0.19999999999999998,1,2.7754661439338175,7,0,0,1,0,0
476,10,1,4,10,95,-0.1,9,2.1834956997627586,28,0,1,0,0,1
476,11,1,4,8,38,-0.06,2,2.617089834660524,6,0,0,1,0,0
476,12,2,5,10,44,0.0,2,3.3603388809608137,7,0,0,0,0,0
477,1,3,5,16,77,-0.020000000000000018,7,3.507596878435123,16,0,0,1,1,1
477,2,2,4,8,77,0.04000000000000001,4,3.0373142054281286,17,0,1,0,1,0
477,3,2,3,10,95,0.0,1,2.7348887781669813,11,0,0,1,1,0
477,4,0,1,3,85,-0.06,17,0.7236297784828241,20,0,1,0,1,0
477,5,2,5,10,89,0.0,2,3.3829691671412627,26,0,0,1,1,1
477,6,1,3,9,79,-0.07999999999999999,6,2.2613941379657505,11,0,0,0,1,0
477,7,2,2,6,94,0.08000000000000002,5,1.9193332521833308,23,0,0,1,0,0
477,8,0,2,5,86,-0.1,16,1.094312947847107,15,0,0,0,0,0
477,9,3,3,5,94,0.19999999999999998,2,2.589601479183697,21,0,1,1,0,0
477,10,2,4,10,96,0.0,1,3.0372735247574014,11,0,0,0,0,0
477,11,1,4,8,38,-0.06,3,2.441831157553877,9,0,1,1,0,0
477,12,2,4,10,44,0.0,3,3.135307038680316,11,0,0,0,0,0
478,1,4,6,17,78,0.06,1,4.27270360859149,9,0,0,1,1,0
478,2,2,4,8,77,0.04000000000000001,5,2.833914359327848,16,0,1,0,1,0
478,3,2,3,9,95,0.020000000000000018,2,2.5517414582135824,19,0,0,1,1,0
478,4,0,1,3,85,-0.06,18,0.6751704569829466,15,0,1,0,1,1
478,5,3,6,11,90,0.07999999999999999,1,4.156421842294594,9,0,0,1,1,0
478,6,1,2,9,79,-0.07999999999999999,7,2.1099553375899838,14,0,1,0,1,0
478,7,2,2,6,94,0.08000000000000002,6,1.7908012460406828,15,0,0,1,0,0
478,8,0,2,5,86,-0.1,17,1.0210300834072485,16,0,0,0,0,1
478,9,2,3,5,94,0.1,3,2.4161836150109064,17,0,0,1,0,0
478,10,1,4,9,96,-0.07999999999999999,2,2.833876402919942,23,0,0,0,0,0
478,11,1,4,8,38,-0.06,4,2.2783090297602793,8,0,0,1,0,0
478,12,2,3,10,44,0.0,4,2.9253449056863037,7,0,0,0,0,0
479,1,3,5,17,78,-0.040000000000000036,2,3.9865734298742304,13,0,0,1,1,0
479,2,2,4,8,77,0.04000000000000001,6,2.644135592442777,10,0,0,0,1,0
479,3,2,3,8,95,0.04000000000000001,3,2.380858966385514,18,0,1,1,1,0
479,4,1,2,4,86,0.020000000000000004,1,1.629956311276072,12,0,0,0,1,0
479,5,2,6,11,90,-0.01999999999999999,2,3.8780787056050534,18,0,1,1,1,0
479,6,1,2,9,79,-0.07999999999999999,8,1.968657940640637,19,0,0,0,1,0
479,7,2,2,5,94,0.1,7,1.6708766438411806,20,0,1,1,0,0
479,8,1,3,6,87,-0.01999999999999999,1,1.952654753170541,12,0,0,0,0,0
479,9,2,3,5,94,0.1,4,2.254379026415844,23,0,1,1,0,0
479,10,1,4,9,96,-0.07999999999999999,3,2.6441001778619606,17,0,0,0,0,0
479,11,1,3,8,38,-0.06,5,2.1257374896825545,4,0,0,1,0,1
479,12,2,3,10,44,0.0,5,2.7294433086294516,7,0,0,0,0,1
480,1,2,5,16,78,-0.12,3,3.719604533256704,7,0,0,1,1,0
480,2,2,4,8,77,0.04000000000000001,7,2.4670657418458326,6,0,0,0,1,0
480,3,2,3,8,95,0.04000000000000001,4,2.2214199638339074,8,0,0,1,1,0
480,4,1,2,4,86,0.020000000000000004,2,1.5208030131842132,5,0,0,0,1,1
480,5,2,6,11,90,-0.01999999999999999,3,3.618375376105873,8,0,0,1,1,0
480,6,1,2,8,79,-0.06,9,1.8368228076686242,9,0,0,0,1,0
480,7,1,2,5,94,0.0,8,1.5589830334921175,8,0,0,1,0,0
480,8,1,2,6,87,-0.01999999999999999,2,1.821891305789276,6,0,0,0,0,0
480,9,2,3,5,94,0.1,5,2.10341000707461,5,0,0,1,0,0
480,10,1,3,9,96,-0.07999999999999999,4,2.46703269887355,12,0,1,0,0,1
480,11,2,4,9,39,0.020000000000000018,1,2.983383209220457,5,0,1,1,0,0
480,12,3,4,11,45,0.07999999999999999,1,3.546660655480659,5,0,1,0,0,0
481,1,1,5,16,78,-0.22,4,3.4705137449983727,14,0,0,1,1,1
481,2,2,4,8,77,0.04000000000000001,8,2.3018537294323904,11,0,0,0,1,0
481,3,1,2,8,95,-0.06,5,2.072658114315537,21,0,1,1,1,0
481,4,2,2,5,87,0.1,1,2.4189593849294573,11,0,0,0,1,0
481,5,2,6,10,90,0.0,4,3.3760636016711834,24,0,1,1,1,1
481,6,1,2,8,79,-0.06,10,1.7138162791620943,13,0,0,0,1,0
481,7,1,2,5,94,0.0,9,1.4545826034942773,18,0,0,1,0,0
481,8,1,2,6,87,-0.01999999999999999,3,1.6998846952954687,19,0,0,0,0,0
481,9,2,3,5,94,0.1,6,1.9625509313292806,25,0,1,1,0,0
481,10,2,4,9,97,0.020000000000000018,1,3.301822899249112,11,0,0,0,0,0
481,11,2,4,9,39,0.020000000000000018,2,2.7835949605996437,8,0,1,1,0,0
481,12,3,4,11,45,0.07999999999999999,2,3.3091514013490135,9,0,0,0,0,0
482,1,2,6,16,79,-0.12,1,4.23810382166544,10,0,0,1,1,1
482,2,2,4,7,77,0.06,9,2.14770547125246,16,0,1,0,1,0
482,3,1,2,8,95,-0.06,6,1.9338584008328639,19,0,0,1,1,1
482,4,2,2,5,87,0.1,2,2.256968911326767,15,0,1,0,1,0
482,5,3,6,11,91,0.07999999999999999,1,4.149978721885793,10,0,0,1,1,0
482,6,0,2,8,79,-0.16,11,1.599047129891089,14,0,1,0,1,0
482,7,1,2,5,94,0.0,10,1.3571735579756632,15,0,0,1,0,0
482,8,1,1,6,87,-0.01999999999999999,4,1.5860485025191655,16,0,0,0,0,0
482,9,2,3,5,94,0.1,7,1.8311247665015062,17,0,0,1,0,0
482,10,2,4,9,97,0.020000000000000018,2,3.080709697211134,23,0,0,0,0,0
482,11,2,4,9,39,0.020000000000000018,3,2.597185933315067,8,0,0,1,0,0
482,12,2,4,11,45,-0.01999999999999999,3,3.0875474314488884,7,0,0,0,0,0
483,1,3,7,16,80,-0.020000000000000018,1,4.954290687172081,10,0,0,1,1,0
483,2,1,4,7,77,-0.04000000000000001,10,2.0038800607826515,20,0,1,0,1,0
483,3,2,3,9,96,0.020000000000000018,1,2.8043536889376734,10,0,0,1,1,0
483,4,2,2,5,87,0.1,3,2.105826455140785,17,0,1,0,1,0
483,5,3,6,11,91,0.07999999999999999,2,3.8720670616951978,20,0,0,1,1,0
483,6,0,2,8,79,-0.16,12,1.4919637272106288,13,0,0,0,1,1
483,7,0,2,5,94,-0.1,11,1.2662877048326857,20,0,0,1,0,1
483,8,1,1,6,87,-0.01999999999999999,5,1.4798355790279307,14,0,0,0,0,0
483,9,2,3,5,94,0.1,8,1.7084998187660383,19,0,0,1,0,0
483,10,2,3,8,97,0.04000000000000001,3,2.8744037848453563,18,0,0,0,0,0
483,11,2,3,9,39,0.020000000000000018,4,2.4232601609382725,8,0,0,1,0,0
483,12,2,4,11,45,-0.01999999999999999,4,2.8807836164765424,7,0,0,0,0,0
484,1,3,7,15,80,0.0,2,4.622516660795112,14,0,0,1,1,0
484,2,0,4,7,77,-0.14,11,1.8696862077929968,20,0,0,0,1,0
484,3,2,3,8,96,0.04000000000000001,2,2.616554511716799,19,0,0,1,1,0
484,4,2,2,5,87,0.1,4,1.9648055570973573,16,0,0,0,1,1
484,5,3,6,11,91,0.07999999999999999,3,3.612766314004606,15,0,1,1,1,0
484,6,1,2,9,80,-0.07999999999999999,1,2.392051379663738,8,0,1,0,1,0
484,7,1,3,6,95,-0.01999999999999999,1,2.1814882053863185,8,0,1,1,0,1
484,8,1,1,6,87,-0.01999999999999999,6,1.3807354172830337,23,0,1,0,0,0
484,9,1,3,5,94,0.0,9,1.59408669694337,20,0,0,1,0,0
484,10,2,3,8,97,0.04000000000000001,4,2.6819135622589845,15,0,0,0,0,0
484,11,2,3,9,39,0.020000000000000018,5,2.2609816772322016,6,0,0,1,0,0
484,12,2,3,11,45,-0.01999999999999999,5,2.687866155651331,11,0,0,0,0,0
485,1,3,7,14,80,0.019999999999999962,3,4.3129605484503974,15,0,0,1,1,0
485,2,0,4,7,77,-0.14,12,1.7444789156922087,14,0,0,0,1,1
485,3,2,3,8,96,0.04000000000000001,3,2.4413316835862555,22,0,1,1,1,0
485,4,3,3,6,88,0.18,1,2.8332284067266906,8,0,0,0,1,0
485,5,3,5,11,91,0.07999999999999999,4,3.3708301616791223,15,0,1,1,1,0
485,6,1,2,9,80,-0.07999999999999999,2,2.2318628546774053,17,0,1,0,1,0
485,7,2,4,7,96,0.06,1,3.0354004662738583,8,0,0,1,0,0
485,8,1,1,6,87,-0.01999999999999999,7,1.2882716969084111,25,0,1,0,0,1
485,9,1,3,5,94,0.0,10,1.4873354796181006,25,0,0,1,0,0
485,10,2,3,8,97,0.04000000000000001,5,2.502313834037636,22,0,0,0,0,0
485,11,1,2,9,39,-0.07999999999999999,6,2.1095704981178693,4,0,0,1,0,0
485,12,1,3,10,45,-0.1,6,2.5078678000578996,9,0,0,0,0,0
486,1,3,7,13,80,0.03999999999999998,4,4.024134482900904,15,0,1,1,1,0
486,2,1,4,8,78,-0.06,1,2.6276563813811875,6,0,0,0,1,0
486,3,2,3,8,96,0.04000000000000001,4,2.2778430040700743,19,0,1,1,1,0
486,4,3,3,6,88,0.18,2,2.6434955760352667,17,0,0,0,1,0
486,5,2,4,11,91,-0.01999999999999999,5,3.1450957497139718,17,0,0,1,1,0
486,6,1,2,9,80,-0.07999999999999999,3,2.0824016759995385,21,0,0,0,1,0
486,7,2,4,7,96,0.06,2,2.832128777559718,22,0,1,1,0,0
486,8,2,2,7,88,0.06,1,2.201999995278654,6,0,0,0,0,0
486,9,0,3,5,94,-0.1,11,1.3877330719669088,18,0,1,1,0,0
486,10,2,3,8,97,0.04000000000000001,6,2.3347413623360738,13,0,0,0,0,1
486,11,1,2,9,39,-0.07999999999999999,7,1.9682988727167086,6,0,0,1,0,0
486,12,1,3,9,45,-0.07999999999999999,7,2.339923395866854,6,0,0,0,0,1
487,1,3,6,12,80,0.06,5,3.754650234927454,9,0,0,1,1,0
487,2,1,3,7,78,-0.04000000000000001,2,2.4516900942508717,8,0,0,0,1,0
487,3,1,3,8,96,-0.06,5,2.1253026723386896,16,0,0,1,1,0
487,4,3,3,6,88,0.18,3,2.466468585422501,14,0,0,0,1,1
487,5,2,4,11,91,-0.01999999999999999,6,2.9344780960253254,21,0,0,1,1,0
487,6,1,2,9,80,-0.07999999999999999,4,1.942949465339111,9,0,0,0,1,0
487,7,2,4,7,96,0.06,3,2.642469585744025,17,0,0,1,0,0
487,8,2,2,7,88,0.06,2,2.054538642958878,11,0,0,0,0,0
487,9,0,3,5,94,-0.1,12,1.2948007395918486,14,0,1,1,0,0
487,10,2,4,9,98,0.020000000000000018,1,3.178390717765148,7,0,0,0,0,0
487,11,1,2,9,39,-0.07999999999999999,8,1.8364877854493964,11,0,1,1,0,0
487,12,2,4,10,46,0.0,1,3.183225726012616,7,0,0,0,0,1
488,1,2,6,11,80,-0.01999999999999999,6,3.503212540868739,9,0,0,1,1,0
488,2,1,3,7,78,-0.04000000000000001,3,2.2875077429600483,7,0,0,0,1,0
488,3,1,3,7,96,-0.04000000000000001,6,1.9829775102933387,15,0,1,1,1,0
488,4,4,4,7,89,0.26,1,3.301296562788314,4,0,0,0,1,1
488,5,1,4,11,91,-0.12,7,2.737964876533744,13,0,1,1,1,0
488,6,1,2,9,80,-0.07999999999999999,5,1.8128359520501913,14,0,0,0,1,0
488,7,2,4,7,96,0.06,4,2.465511302631776,14,0,0,1,0,0
488,8,2,2,7,88,0.06,3,1.9169523362678946,16,0,0,0,0,0
488,9,0,2,5,94,-0.1,13,1.2080918075054532,15,0,0,1,0,0
488,10,2,3,9,98,0.020000000000000018,2,2.9655433996692366,18,0,0,0,0,1
488,11,1,2,9,39,-0.07999999999999999,9,1.7135036923786569,7,0,1,1,0,0
488,12,3,5,11,47,0.07999999999999999,1,3.970054621878477,4,0,0,0,0,0
489,1,2,5,11,80,-0.01999999999999999,7,3.26861287699602,14,0,0,1,1,0
489,2,1,3,7,78,-0.04000000000000001,4,2.1343201925776243,11,0,0,0,1,0
489,3,1,3,7,96,-0.04000000000000001,7,1.8501834385792042,21,0,1,1,1,1
489,4,4,5,8,90,0.24000000000000002,1,4.08021860792856,12,0,0,0,1,0
489,5,1,3,10,91,-0.1,8,2.554611559474985,24,0,1,1,1,0
489,6,1,2,9,80,-0.07999999999999999,6,1.6914357515068663,13,0,0,0,1,0
489,7,2,4,7,96,0.06,5,2.3004033863623365,19,0,0,1,0,0
489,8,1,2,7,88,-0.04000000000000001,4,1.7885797729415058,19,0,0,0,0,0
489,9,0,2,5,94,-0.1,14,1.127189513207922,25,0,1,1,0,1
489,10,3,4,10,99,0.09999999999999998,1,3.766949829725622,12,0,0,0,0,0
489,11,1,2,9,39,-0.07999999999999999,10,1.5987554761094236,8,0,1,1,0,0
489,12,3,5,10,47,0.09999999999999998,2,3.704191940415804,11,0,0,0,0,0
490,1,2,4,11,80,-0.01999999999999999,8,3.049723650799327,20,0,0,1,1,0
490,2,1,3,7,78,-0.04000000000000001,5,1.9913911541781157,19,0,1,0,1,0
490,3,2,4,8,97,0.04000000000000001,1,2.726282188589412,10,0,0,1,1,0
490,4,4,5,8,90,0.24000000000000002,2,3.8069785738797326,23,0,1,0,1,1
490,5,1,3,10,91,-0.1,9,2.383536865551454,17,0,0,1,1,0
490,6,1,2,9,80,-0.07999999999999999,7,1.5781653592207594,15,0,0,0,1,0
490,7,2,3,7,96,0.06,6,2.146352253319053,24,0,0,1,0,0
490,8,1,2,6,88,-0.01999999999999999,5,1.668803936149837,18,0,1,0,0,0
490,9,1,3,5,95,0.0,1,2.051705003537305,10,0,0,1,0,1
490,10,3,4,10,99,0.09999999999999998,2,3.5146884685979645,23,0,1,0,0,0
490,11,0,2,9,39,-0.18,11,1.4916916046102284,6,0,0,1,0,0
490,12,2,5,10,47,0.0,3,3.456133287392689,7,0,0,0,0,0
491,1,2,3,11,80,-0.01999999999999999,9,2.84549278126585,17,0,0,1,1,1
491,2,1,3,7,78,-0.04000000000000001,6,1.8580336459027431,13,0,0,0,1,0
491,3,2,3,8,97,0.04000000000000001,2,2.5437112261930936,20,0,1,1,1,0
491,4,4,6,9,91,0.22000000000000003,1,4.552036607503536,14,0,0,0,1,0
491,5,1,3,9,91,-0.07999999999999999,10,2.2239185321037382,15,0,1,1,1,0
491,6,1,2,9,80,-0.07999999999999999,8,1.4724803462535054,17,0,0,0,1,0
491,7,2,3,6,96,0.08000000000000002,7,2.0026174638060437,20,0,0,1,0,0
491,8,1,2,6,88,-0.01999999999999999,6,1.5570491288342818,22,0,1,0,0,0
491,9,2,4,6,96,0.08000000000000002,1,2.9143084572014475,14,0,0,1,0,0
491,10,2,4,10,99,0.0,3,3.279320296175879,24,0,1,0,0,1
491,11,0,2,9,39,-0.18,12,1.3917974802998219,5,0,0,1,0,0
491,12,2,5,10,47,0.0,4,3.224686380285941,6,0,0,0,0,0
492,1,2,4,12,81,-0.03999999999999998,1,3.6549386421008663,8,0,0,1,1,1
492,2,1,3,7,78,-0.04000000000000001,7,1.7336066910126775,15,0,1,0,1,0
492,3,2,3,7,97,0.06,3,2.373366494980703,21,0,0,1,1,1
492,4,4,6,9,91,0.22000000000000003,2,4.247200333484084,19,0,0,0,1,0
492,5,0,3,9,91,-0.18,11,2.0749893609428964,26,0,0,1,1,0
492,6,1,1,9,80,-0.07999999999999999,9,1.3738727424440622,10,0,0,0,1,0
492,7,2,3,6,96,0.08000000000000002,8,1.868508163158807,19,0,0,1,0,0
492,8,1,2,6,88,-0.01999999999999999,7,1.4527782066460297,13,0,0,0,0,0
492,9,2,4,6,96,0.08000000000000002,2,2.719145938083684,22,0,1,1,0,0
492,10,3,5,11,100,0.07999999999999999,1,4.05971402614835,8,0,0,0,0,0
492,11,0,2,8,39,-0.16,13,1.2985929666575335,11,0,1,1,0,0
492,12,2,4,10,47,0.0,5,3.0087387801661905,9,0,0,0,0,0
493,1,2,5,13,82,-0.06,1,4.410178335122848,11,0,0,1,1,1
493,2,1,2,7,78,-0.04000000000000001,8,1.6175122370637842,20,0,1,0,1,0
493,3,2,4,8,98,0.04000000000000001,1,3.2144292408250723,11,0,0,1,1,0
493,4,4,6,9,91,0.22000000000000003,3,3.962778032806781,17,0,1,0,1,0
493,5,0,3,9,91,-0.18,12,1.9360335308475989,20,0,0,1,1,0
493,6,1,1,9,80,-0.07999999999999999,10,1.2818685948734612,13,0,0,0,1,1
493,7,2,2,6,96,0.08000000000000002,9,1.7433797611830066,20,0,0,1,0,0
493,8,1,2,5,88,0.0,8,1.3554899961864233,14,0,0,0,0,0
493,9,2,4,6,96,0.08000000000000002,3,2.5370528690353784,20,0,0,1,0,0
493,10,3,5,11,100,0.07999999999999999,2,3.7878471226011317,19,0,0,0,0,0
493,11,0,2,7,39,-0.14,14,1.2116300804691362,8,0,0,1,0,0
493,12,2,4,10,47,0.0,6,2.8072525448112655,7,0,0,0,0,0
494,1,3,6,13,83,0.03999999999999998,1,5.114841885230487,7,0,0,1,1,0
494,2,1,1,7,78,-0.04000000000000001,9,1.5091922813950163,20,0,1,0,1,0
494,3,2,4,8,98,0.04000000000000001,2,2.999168530650406,18,0,0,1,1,0
494,4,4,6,9,91,0.22000000000000003,4,3.697402642746056,16,0,0,0,1,0
494,5,0,3,9,91,-0.18,13,1.806383157002303,18,0,1,1,1,0
494,6,1,2,9,81,-0.07999999999999999,1,2.1960256898318695,7,0,0,0,1,0
494,7,1,2,6,96,-0.01999999999999999,10,1.6266308339613056,16,0,1,1,0,0
494,8,1,2,5,88,0.0,9,1.2647168861400342,16,0,0,0,0,0
494,9,2,3,6,96,0.08000000000000002,4,2.367154028083119,18,0,0,1,0,1
494,10,3,5,11,100,0.07999999999999999,3,3.534186332284622,12,0,0,0,0,0
494,11,0,2,7,39,-0.14,15,1.1304908386161008,9,0,0,1,0,0
494,12,2,4,10,47,0.0,7,2.6192592398845704,7,0,0,0,0,1
495,1,3,6,12,83,0.06,2,4.772316225414365,12,0,0,1,1,0
495,2,1,1,7,78,-0.04000000000000001,10,1.4081261891142514,10,0,0,0,1,0
495,3,2,4,8,98,0.04000000000000001,3,2.798323186275799,15,0,0,1,1,0
495,4,3,6,9,91,0.12,5,3.44979864867745,18,0,0,0,1,0
495,5,0,3,9,91,-0.18,14,1.6854150808395612,12,0,0,1,1,0
495,6,1,2,9,81,-0.07999999999999999,2,2.0489644188755105,13,0,0,0,1,0
495,7,0,2,6,96,-0.12,11,1.517700233136929,18,0,0,1,0,0
495,8,1,2,5,88,0.0,10,1.180022579722352,14,0,1,0,0,0
495,9,3,4,7,97,0.15999999999999998,1,3.2086328042507963,3,0,0,1,0,0
495,10,3,5,11,100,0.07999999999999999,4,3.297512446260018,19,0,1,0,0,1
495,11,0,1,6,39,-0.12,16,1.0547852490589347,8,0,1,1,0,1
495,12,3,4,11,48,0.07999999999999999,1,3.443855284199925,3,0,0,0,0,0
496,1,3,6,12,83,0.06,3,4.45272848435801,13,0,0,1,1,0
496,2,0,1,7,78,-0.14,11,1.3138281906905942,10,0,0,0,1,0
496,3,2,4,8,98,0.04000000000000001,4,2.6109278537777194,14,0,0,1,1,1
496,4,3,6,9,91,0.12,6,3.2187759533751565,14,0,0,0,1,0
496,5,0,2,9,91,-0.18,15,1.5725478748569859,19,0,0,1,1,0
496,6,1,2,9,81,-0.07999999999999999,3,1.9117514012958936,8,0,0,0,1,0
496,7,0,2,6,96,-0.12,12,1.4160643887798587,13,0,0,1,0,0
496,8,0,2,5,88,-0.1,11,1.100999997639327,9,0,0,0,0,0
496,9,3,3,7,97,0.15999999999999998,2,2.9937602640932557,15,0,1,1,0,0
496,10,4,6,11,101,0.18000000000000002,1,4.07668790236384,7,0,1,0,0,1
496,11,1,2,6,40,-0.01999999999999999,1,1.9841494363583543,7,0,1,1,0,0
496,12,3,4,11,48,0.07999999999999999,2,3.213230598236898,12,0,1,0,0,0
497,1,3,6,12,83,0.06,4,4.154542578261709,19,0,0,1,1,0
497,2,0,1,7,78,-0.14,12,1.225845047125436,17,0,1,0,1,0
497,3,3,4,9,99,0.12,1,3.4360818260970016,12,0,0,1,1,0
497,4,3,6,9,91,0.12,7,3.003224156864362,22,0,1,0,1,1
497,5,0,2,9,91,-0.18,16,1.4672390480126627,26,0,0,1,1,1
497,6,1,2,8,81,-0.06,4,1.7837271290257912,11,0,0,0,1,0
497,7,0,2,6,96,-0.12,13,1.3212347928720123,23,0,0,1,0,0
497,8,0,2,5,88,-0.1,12,1.027269321479439,15,0,0,0,0,0
497,9,3,3,7,97,0.15999999999999998,3,2.793277095150953,22,0,1,1,0,0
497,10,4,6,12,102,0.16000000000000003,1,4.803684309104446,12,0,0,0,0,0
497,11,1,2,6,40,-0.01999999999999999,2,1.8512768842615055,10,0,1,1,0,0
497,12,2,4,10,48,0.0,3,2.9980501575705785,12,0,0,0,0,0
498,1,3,5,12,83,0.06,5,3.876325290262563,17,0,0,1,1,0
498,2,0,1,7,78,-0.14,13,1.1437538714800242,12,0,0,0,1,0
498,3,3,4,8,99,0.13999999999999999,2,3.2059777053685417,20,0,1,1,1,0
498,4,3,7,9,92,0.12,1,3.802107219334762,9,0,1,0,1,0
498,5,1,2,10,92,-0.1,1,2.368982438266872,9,0,1,1,1,0
498,6,1,2,8,81,-0.06,5,1.6642762592802949,17,0,1,0,1,0
498,7,0,2,6,96,-0.12,14,1.2327556513158877,15,0,0,1,0,1
498,8,0,2,5,88,-0.1,13,0.9584761681339473,22,0,0,0,0,0
498,9,3,3,7,97,0.15999999999999998,4,2.6062196842799374,21,0,0,1,0,0
498,10,4,6,12,102,0.16000000000000003,2,4.481995941322142,28,0,0,0,0,1
498,11,1,2,6,40,-0.01999999999999999,3,1.7273024094854526,5,0,0,1,0,0
498,12,1,4,10,48,-0.1,4,2.797279707295474,9,0,0,0,0,0
499,1,3,5,12,83,0.06,6,3.6167393817434625,16,0,0,1,1,1
499,2,0,1,7,78,-0.14,14,1.0671600962888121,15,0,0,0,1,0
499,3,3,4,8,99,0.13999999999999999,3,2.9912829692403196,24,0,0,1,1,0
499,4,2,6,9,92,0.020000000000000018,2,3.547491472999605,20,0,0,0,1,0
499,5,1,2,10,92,-0.1,2,2.2103387712742997,23,0,0,1,1,1
499,6,1,2,7,81,-0.04000000000000001,6,1.5528246569399808,12,0,1,0,1,0
499,7,1,3,6,97,-0.01999999999999999,1,2.1502016931811685,12,0,0,1,0,0
499,8,0,1,5,88,-0.1,14,0.8942898864707529,20,0,1,0,0,0
499,9,3,3,7,97,0.15999999999999998,5,2.431688948625824,24,0,1,1,0,0
499,10,4,7,13,103,0.14,1,5.181850081187628,12,0,0,0,0,0
499,11,1,2,6,40,-0.01999999999999999,4,1.6116301344109474,9,0,1,1,0,0
499,12,1,4,10,48,-0.1,5,2.609954253463101,13,0,0,0,0,0
500,1,4,6,13,84,0.14,1,4.374537164957086,11,0,0,1,1,0
500,2,0,1,6,78,-0.12,15,0.9956955770890579,16,0,1,0,1,0
500,3,2,4,8,99,0.04000000000000001,4,2.7909656973233994,21,0,0,1,1,0
500,4,2,6,8,92,0.04000000000000001,3,3.309926581504137,16,0,1,0,1,0
500,5,2,3,11,93,-0.01999999999999999,1,3.062318996071851,11,0,0,1,1,1
500,6,1,2,7,81,-0.04000000000000001,7,1.448836634996827,15,0,1,0,1,0
500,7,1,3,6,97,-0.01999999999999999,2,2.006209118196334,15,0,0,1,0,0
500,8,0,1,5,88,-0.1,15,0.8344019680749185,16,0,0,0,0,0
500,9,2,3,7,97,0.06,6,2.2688460142233464,17,0,0,1,0,1
500,10,4,7,13,103,0.14,2,4.834837082945741,24,0,0,0,0,0
500,11,1,1,6,40,-0.01999999999999999,5,1.5037040855603132,8,0,0,1,0,0
500,12,1,3,10,48,-0.1,6,2.435173424882892,7,0,0,0,0,0
501,1,4,6,13,84,0.14,2,4.081587497608854,21,0,0,1,1,0
501,2,0,1,6,78,-0.12,16,0.9290168229513716,15,0,0,0,1,0
501,3,2,4,8,99,0.04000000000000001,5,2.6040630738502633,20,0,0,1,1,0
501,4,1,5,8,92,-0.06,4,3.0882707001080036,23,0,1,0,1,1
501,5,3,4,11,94,0.07999999999999999,1,3.857244653944912,8,0,0,1,1,0
501,6,1,2,7,81,-0.04000000000000001,8,1.351812379799211,16,0,1,0,1,0
501,7,1,3,6,97,-0.01999999999999999,3,1.8718592951991462,19,0,0,1,0,0
501,8,0,1,5,88,-0.1,16,0.7785245644171409,20,0,1,0,0,0
501,9,2,4,8,98,0.04000000000000001,1,3.116908183987171,8,0,0,1,0,0
501,10,4,6,12,103,0.16000000000000003,3,4.511062507093956,28,0,1,0,0,1
501,11,1,1,6,40,-0.01999999999999999,6,1.4030055213364585,6,0,0,1,0,0
501,12,1,3,10,48,-0.1,7,2.2720971455294174,8,0,0,0,0,0
502,1,3,5,12,84,0.06,3,3.8082557931132213,15,0,0,1,1,0
502,2,0,1,6,78,-0.12,17,0.8668033455063388,11,0,0,0,1,1
502,3,2,4,8,99,0.04000000000000001,6,2.4296767599450453,22,0,1,1,1,0
502,4,2,6,9,93,0.020000000000000018,1,3.881458449997241,13,0,0,0,1,0
502,5,3,3,11,94,0.07999999999999999,2,3.598936518559579,25,0,1,1,1,0
502,6,1,2,7,81,-0.04000000000000001,9,1.2612855487205488,13,0,0,0,1,0
502,7,1,3,6,97,-0.01999999999999999,4,1.7465064779356392,20,0,0,1,0,0
502,8,0,1,5,88,-0.1,17,0.7263891033230149,19,0,0,0,0,0
502,9,2,4,7,98,0.06,2,2.9081781672511076,26,0,1,1,0,0
502,10,4,7,13,104,0.14,1,5.208970146003404,13,0,0,0,0,0
502,11,1,1,6,40,-0.01999999999999999,7,1.309050438715214,9,0,1,1,0,0
502,12,1,3,10,48,-0.1,8,2.1199415967555533,11,0,0,0,0,1
503,1,2,4,12,84,-0.03999999999999998,4,3.553228295185806,11,0,1,1,1,0
503,2,1,2,6,79,-0.01999999999999999,1,1.808756118531892,3,0,0,0,1,0
503,3,1,3,8,99,-0.06,7,2.266968575798983,16,0,1,1,1,0
503,4,2,6,9,93,0.020000000000000018,2,3.6215287891267454,9,0,0,0,1,1
503,5,3,3,11,94,0.07999999999999999,3,3.357926506262707,12,0,0,1,1,0
503,6,1,2,6,81,-0.01999999999999999,10,1.1768210287048773,16,0,0,0,1,0
503,7,1,3,6,97,-0.01999999999999999,5,1.6295481638467026,15,0,0,1,0,0
503,8,0,1,5,88,-0.1,18,0.6777449980932116,10,0,0,0,0,0
503,9,2,4,7,98,0.06,3,2.7134261753123305,11,0,0,1,0,0
503,10,4,7,13,104,0.14,2,4.8601409981514765,13,0,0,0,0,0
503,11,1,1,6,40,-0.01999999999999999,8,1.2213872469070264,9,0,1,1,0,1
503,12,2,4,11,49,-0.01999999999999999,1,2.97797544990415,3,0,0,0,0,0
504,1,1,4,12,84,-0.13999999999999999,5,3.3152792258704427,12,0,0,1,1,1
504,2,1,2,6,79,-0.01999999999999999,2,1.6876291322343155,9,0,0,0,1,0
504,3,1,3,8,99,-0.06,8,2.1151564719976608,13,0,1,1,1,1
504,4,3,7,10,94,0.09999999999999998,1,4.3790058400556,3,0,0,0,1,0
504,5,3,3,11,94,0.07999999999999999,4,3.1330562134990334,12,0,1,1,1,0
504,6,0,1,6,81,-0.12,11,1.0980128449159348,13,0,0,0,1,0
504,7,1,2,5,97,0.0,6,1.5204221981672006,10,0,0,1,0,0
504,8,0,1,4,88,-0.08,19,0.6323584430700171,14,0,0,0,0,0
504,9,2,4,7,98,0.06,4,2.5317161416659415,17,0,0,1,0,0
504,10,4,7,13,104,0.14,3,4.534671894795958,20,0,1,0,0,0
504,11,2,2,7,41,0.06,1,2.139594596806568,3,0,0,1,0,0
504,12,2,4,11,49,-0.01999999999999999,2,2.7785493427472394,9,0,1,0,0,0
505,1,2,5,13,85,-0.06,1,4.09326489389373,12,0,0,1,1,0
505,2,1,2,6,79,-0.01999999999999999,3,1.5746136578532497,20,0,1,0,1,0
505,3,2,4,9,100,0.020000000000000018,1,2.973510770636417,12,0,0,1,1,0
505,4,3,6,10,94,0.09999999999999998,2,4.085756918904226,17,0,1,0,1,1
505,5,3,3,10,94,0.09999999999999998,5,2.9232448115339853,21,0,0,1,1,0
505,6,0,1,5,81,-0.1,12,1.0244822094377553,14,0,0,0,1,0
505,7,1,1,5,97,0.0,7,1.4186040719549118,20,0,0,1,0,0
505,8,0,1,4,88,-0.08,20,0.590011289861176,14,0,0,0,0,0
505,9,1,4,7,98,-0.04000000000000001,5,2.362174685380597,20,0,0,1,0,0
505,10,4,7,13,104,0.14,4,4.230998483639355,20,0,0,0,0,0
505,11,2,2,7,41,0.06,2,1.9963123473344213,8,0,0,1,0,1
505,12,1,4,11,49,-0.12,3,2.5924782053960866,7,0,0,0,0,0
506,1,2,5,13,85,-0.06,2,3.81915118910226,12,0,0,1,1,1
506,2,1,1,6,79,-0.01999999999999999,4,1.4691664917015326,9,0,0,0,1,0
506,3,2,4,8,100,0.04000000000000001,2,2.7743836496938137,13,0,1,1,1,0
506,4,4,7,11,95,0.18000000000000002,1,4.812146000737419,4,0,0,0,1,0
506,5,3,3,10,94,0.09999999999999998,6,2.727483851500005,12,0,1,1,1,0
506,6,0,1,5,81,-0.1,13,0.9558757006479468,13,0,0,0,1,0
506,7,1,1,5,97,0.0,8,1.3236044010623877,10,0,0,1,0,0
506,8,0,0,4,88,-0.08,21,0.5504999988196635,14,0,0,0,0,1
506,9,1,4,7,98,-0.04000000000000001,6,2.2039869132331753,17,0,0,1,0,0
506,10,3,7,13,104,0.03999999999999998,5,3.9476611723777233,20,0,1,0,0,0
506,11,2,3,8,42,0.04000000000000001,1,2.8626252814753013,4,0,0,1,0,0
506,12,1,4,10,49,-0.1,4,2.4188676954746846,9,0,1,0,0,0
507,1,3,6,14,86,0.019999999999999962,1,4.563394059099437,7,0,0,1,1,0
507,2,1,1,6,79,-0.01999999999999999,5,1.370780806817917,15,0,1,0,1,0
507,3,1,4,8,100,-0.06,3,2.5885914763446247,20,0,0,1,1,0
507,4,4,7,11,95,0.18000000000000002,2,4.489890978779918,19,0,0,0,1,0
507,5,3,3,10,94,0.09999999999999998,7,2.544832417333383,21,0,0,1,1,0
507,6,0,1,5,81,-0.1,14,0.8918635645128956,17,0,0,0,1,1
507,7,1,1,5,97,0.0,9,1.234966573934524,21,0,1,1,0,1
507,8,1,1,5,89,0.0,1,1.5136346607397195,7,0,0,0,0,0
507,9,1,4,7,98,-0.04000000000000001,7,2.0563925029619234,20,0,1,1,0,0
507,10,2,6,12,104,-0.03999999999999998,6,3.6832981132372877,15,0,0,0,0,0
507,11,2,3,8,42,0.04000000000000001,2,2.6709238300237956,7,0,0,1,0,0
507,12,1,3,9,49,-0.07999999999999999,5,2.2568833620404884,6,0,0,0,0,0
508,1,3,6,14,86,0.019999999999999962,2,4.257797210522842,15,0,0,1,1,0
508,2,1,1,6,79,-0.01999999999999999,6,1.2789837169265597,20,0,0,0,1,0
508,3,1,4,8,100,-0.06,4,2.415241249040506,19,0,0,1,1,0
508,4,3,6,11,95,0.07999999999999999,3,4.189216411605152,17,0,0,0,1,0
508,5,2,3,10,94,0.0,8,2.3744126033044113,15,0,1,1,1,0
508,6,1,2,5,82,0.0,1,1.8321381296401476,9,0,1,0,1,1
508,7,2,2,6,98,0.08000000000000002,1,2.1522645569260908,9,0,1,1,0,0
508,8,1,1,5,89,0.0,2,1.412271075603781,23,0,1,0,0,1
508,9,1,4,7,98,-0.04000000000000001,8,1.9186820488124265,20,0,0,1,0,0
508,10,2,6,12,104,-0.03999999999999998,7,3.436638657315665,16,0,0,0,0,0
508,11,2,3,8,42,0.04000000000000001,3,2.4920600512940494,6,0,0,1,0,0
508,12,1,2,8,49,-0.06,6,2.1057466348342846,11,0,0,0,0,0
509,1,3,6,13,86,0.03999999999999998,3,3.972665268691201,14,0,0,1,1,0
509,2,1,1,6,79,-0.01999999999999999,7,1.1933340035308533,17,0,0,0,1,0
509,3,1,4,8,100,-0.06,5,2.2534997678753586,15,0,0,1,1,0
509,4,3,5,11,95,0.07999999999999999,4,3.908677120715044,21,0,0,0,1,0
509,5,2,3,10,94,0.0,9,2.215405294403814,18,0,1,1,1,0
509,6,2,3,6,83,0.08000000000000002,1,2.709445320006798,11,0,0,0,1,0
509,7,1,2,6,98,-0.01999999999999999,2,2.008133838127392,22,0,1,1,0,1
509,8,2,2,6,90,0.08000000000000002,1,2.317695506531501,11,0,0,0,0,0
509,9,1,4,7,98,-0.04000000000000001,9,1.790193651811429,18,0,1,1,0,0
509,10,1,5,12,104,-0.13999999999999999,8,3.206497247266272,11,0,0,0,0,0
509,11,2,3,7,42,0.06,4,2.325174244748257,6,0,0,1,0,0
509,12,1,2,8,49,-0.06,7,1.9647310821179977,9,0,0,0,0,1
510,1,2,6,13,86,-0.06,4,3.706627760021326,10,0,0,1,1,0
510,2,1,1,6,79,-0.01999999999999999,8,1.1134199952169872,12,0,0,0,1,0
510,3,1,3,8,100,-0.06,6,2.102589629848247,17,0,0,1,1,0
510,4,3,5,11,95,0.07999999999999999,5,3.6469247068922326,12,0,0,0,1,0
510,5,1,3,10,94,-0.1,10,2.067046229304072,12,0,0,1,1,0
510,6,2,3,6,83,0.08000000000000002,2,2.528001872331345,14,0,1,0,1,0
510,7,2,3,7,99,0.06,1,2.8736551223942914,7,0,0,1,0,0
510,8,2,2,5,90,0.1,2,2.1624863719305023,17,0,1,0,0,1
510,9,1,3,7,98,-0.04000000000000001,10,1.6703097383798193,15,0,0,1,0,0
510,10,1,5,11,104,-0.12,9,2.991767718971388,19,0,0,0,0,1
510,11,2,3,7,42,0.06,5,2.169464281421803,7,0,1,1,0,0
510,12,2,3,9,50,0.020000000000000018,1,2.833158919113904,7,0,0,0,0,0
511,1,2,6,13,86,-0.06,5,3.4584059874460733,15,0,0,1,1,0
511,2,1,1,6,79,-0.01999999999999999,9,1.0388575889742033,12,0,0,0,1,0
511,3,1,3,7,100,-0.04000000000000001,7,1.9617854923115785,20,0,0,1,1,0
511,4,3,4,10,95,0.09999999999999998,6,3.402701069181154,25,0,0,0,1,0
511,5,0,3,10,94,-0.2,11,1.928622326972456,26,0,0,1,1,1
511,6,2,3,6,83,0.08000000000000002,3,2.358709149551965,15,0,0,0,1,0
511,7,2,3,7,99,0.06,2,2.6812150354926163,25,0,1,1,0,0
511,8,3,3,6,91,0.18,1,3.017671128759894,8,0,0,0,0,0
511,9,0,2,7,98,-0.14,11,1.558454091993585,22,0,1,1,0,1
511,10,2,6,12,105,-0.03999999999999998,1,3.7914179848151246,8,0,0,0,0,0
511,11,2,3,7,42,0.06,6,2.024181748527235,9,0,1,1,0,0
511,12,2,3,9,50,0.020000000000000018,2,2.643430741800034,11,0,0,0,0,0
512,1,2,5,13,86,-0.06,6,3.226806884415616,21,0,0,1,1,0
512,2,1,1,6,79,-0.01999999999999999,10,0.969288404021316,15,0,0,0,1,1
512,3,1,3,7,100,-0.04000000000000001,8,1.8304105866449807,20,0,0,1,1,0
512,4,2,4,10,95,0.0,7,3.1748323578835853,23,0,1,0,1,0
512,5,1,4,10,95,-0.1,1,2.7994682592797897,9,0,0,1,1,0
512,6,2,3,6,83,0.08000000000000002,4,2.200753453971709,16,0,1,0,1,0
512,7,2,3,7,99,0.06,3,2.501662085519143,19,0,0,1,0,0
512,8,3,3,5,91,0.19999999999999998,2,2.815586720741098,20,0,1,0,0,0
512,9,1,3,8,99,-0.06,1,2.4540890836255533,9,0,0,1,0,0
512,10,1,5,12,105,-0.13999999999999999,2,3.5375180645385096,28,0,1,0,0,0
512,11,2,3,7,42,0.06,7,1.8886283522425715,6,0,0,1,0,1
512,12,2,3,9,50,0.020000000000000018,3,2.4664080929420473,8,0,0,0,0,0
513,1,2,4,13,86,-0.06,7,3.0107172804778672,14,0,1,1,1,0
513,2,1,2,7,80,-0.04000000000000001,1,1.904378059265946,5,0,0,0,1,1
513,3,1,2,7,100,-0.04000000000000001,9,1.707833465398009,14,0,1,1,1,0
513,4,2,4,10,95,0.0,8,2.9622233325039775,9,0,0,0,1,0
513,5,1,4,10,95,-0.1,2,2.611996244668161,10,0,0,1,1,0
513,6,2,3,6,83,0.08000000000000002,5,2.053375578794185,15,0,0,0,1,1
513,7,2,3,7,99,0.06,4,2.3341332594661344,11,0,0,1,0,0
513,8,3,3,5,91,0.19999999999999998,3,2.6270353009843763,8,0,0,0,0,0
513,9,1,3,8,99,-0.06,2,2.2897460791929722,11,0,0,1,0,0
513,10,1,5,11,105,-0.12,3,3.3006210623718624,13,0,1,0,0,0
513,11,3,4,7,43,0.15999999999999998,1,2.762152561394118,5,0,0,1,0,0
513,12,1,3,9,50,-0.07999999999999999,4,2.3012401213083105,8,0,1,0,0,0
514,1,2,3,13,86,-0.06,8,2.809098550875826,16,0,1,1,1,0
514,2,2,3,8,81,0.04000000000000001,1,2.776847557653965,12,0,0,0,1,0
514,3,1,2,7,100,-0.04000000000000001,10,1.593464967266977,18,0,1,1,1,0
514,4,1,4,10,95,-0.1,9,2.763852097526317,14,0,0,0,1,0
514,5,1,4,10,95,-0.1,3,2.437078670045641,15,0,1,1,1,0
514,6,3,3,6,84,0.18,1,2.9158671590309617,12,0,0,0,1,0
514,7,2,3,7,99,0.06,5,2.1778233377252465,18,0,1,1,0,1
514,8,3,3,5,91,0.19999999999999998,4,2.45111060575025,17,0,0,0,0,1
514,9,1,3,8,99,-0.06,3,2.1364086341290944,16,0,0,1,0,0
514,10,1,5,11,105,-0.12,4,3.079588343754214,10,0,0,0,0,0
514,11,2,4,7,43,0.06,2,2.577179467438609,9,0,0,1,0,0
514,12,1,3,8,50,-0.06,5,2.1471329546288187,8,0,0,0,0,0
515,1,1,3,13,86,-0.16,9,2.6209816244453825,15,0,0,1,1,0
515,2,2,3,8,81,0.04000000000000001,2,2.590890383759556,15,0,0,0,1,0
515,3,0,2,7,100,-0.14,11,1.4867553853182085,20,0,0,1,1,0
515,4,1,4,10,95,-0.1,10,2.57876519072026,20,0,0,0,1,1
515,5,1,4,9,95,-0.07999999999999999,4,2.2738748021232285,17,0,0,1,1,0
515,6,3,3,6,84,0.18,2,2.72060025831459,20,0,1,0,1,0
515,7,3,4,8,100,0.13999999999999999,1,3.0319810238364617,14,0,1,1,0,0
515,8,4,4,6,92,0.28,1,3.2869670610707518,14,0,1,0,0,0
515,9,1,2,8,99,-0.06,4,1.9933397390465337,22,0,1,1,0,1
515,10,1,5,11,105,-0.12,5,2.8733575250748764,20,0,0,0,0,0
515,11,2,4,6,43,0.08000000000000002,3,2.4045934682314813,4,0,0,1,0,0
515,12,1,2,8,50,-0.06,6,2.003345883884591,11,0,0,0,0,0
516,1,1,3,13,86,-0.16,10,2.4454623258192765,17,0,0,1,1,0
516,2,2,3,7,81,0.06,3,2.4173862055031257,13,0,0,0,1,0
516,3,0,2,7,100,-0.14,12,1.3871918248469068,20,0,1,1,1,1
516,4,1,5,11,96,-0.12,1,3.4060730003687096,15,0,0,0,1,0
516,5,1,4,8,95,-0.06,5,2.121600209005202,18,0,1,1,1,0
516,6,3,3,6,84,0.18,3,2.538409797791073,17,0,0,0,1,0
516,7,3,4,8,100,0.13999999999999999,2,2.8289383249529663,20,0,0,1,0,0
516,8,4,4,6,92,0.28,2,3.0668487100737916,22,0,1,0,0,0
516,9,2,3,9,100,0.020000000000000018,1,2.8598517398717864,15,0,0,1,0,1
516,10,1,4,11,105,-0.12,6,2.680937367375409,25,0,1,0,0,0
516,11,1,3,6,43,-0.01999999999999999,4,2.243565037093886,7,0,0,1,0,0
516,12,1,2,8,50,-0.06,7,1.8691878031237894,7,0,0,0,0,0
517,1,0,3,12,86,-0.24,11,2.2816970295497185,22,0,0,1,1,0
517,2,2,3,6,81,0.08000000000000002,4,2.255501083020393,19,0,1,0,1,0
517,3,1,2,8,101,-0.06,1,2.2942957381723126,11,0,0,1,1,0
517,4,1,5,11,96,-0.12,2,3.1779784809267664,25,0,1,0,1,0
517,5,1,4,8,95,-0.06,6,1.9795229898532394,19,0,0,1,1,1
517,6,3,3,6,84,0.18,4,2.3684200873793473,15,0,0,0,1,0
517,7,3,4,8,100,0.13999999999999999,3,2.639492788203991,24,0,0,1,0,0
517,8,3,4,6,92,0.18,3,2.861471026550949,18,0,1,0,0,0
517,9,3,4,10,101,0.09999999999999998,1,3.6683360242043164,11,0,0,1,0,0
517,10,1,3,11,105,-0.12,7,2.5014030120050905,24,0,1,0,0,0
517,11,1,3,6,43,-0.01999999999999999,5,2.093320198267097,6,0,0,1,0,0
517,12,1,2,8,50,-0.06,8,1.7440138876927023,8,0,0,0,0,1
518,1,0,3,12,86,-0.24,12,2.128898605261421,13,0,0,1,1,0
518,2,2,3,6,81,0.08000000000000002,5,2.104456922905026,10,0,0,0,1,0
518,3,1,2,8,101,-0.06,2,2.140653616057061,15,0,0,1,1,0
518,4,1,4,11,96,-0.12,3,2.9651587690986996,13,0,1,0,1,1
518,5,2,4,9,96,0.020000000000000018,1,2.846960257038653,6,0,0,1,1,0
518,6,2,3,6,84,0.08000000000000002,5,2.209814079343419,13,0,1,0,1,0
518,7,2,4,8,100,0.04000000000000001,4,2.4627338523177986,14,0,0,1,0,0
518,8,3,4,6,92,0.18,4,2.669846872098731,14,0,0,0,0,0
518,9,3,4,9,101,0.12,2,3.4226785346255917,12,0,0,1,0,0
518,10,1,3,10,105,-0.1,8,2.3338915353302903,23,0,0,0,0,0
518,11,1,3,6,43,-0.01999999999999999,6,1.9531368068335722,8,0,1,1,0,1
518,12,2,3,9,51,0.020000000000000018,1,2.6272224949156597,6,0,0,0,0,0
519,1,0,3,11,86,-0.22,13,1.9863326343456005,12,0,0,1,1,0
519,2,2,3,6,81,0.08000000000000002,6,1.9635277383384209,10,0,0,0,1,0
519,3,1,2,8,101,-0.06,3,1.9973004472338038,13,0,1,1,1,1
519,4,2,5,12,97,-0.03999999999999998,1,3.7665909567137574,5,0,0,0,1,0
519,5,2,4,8,96,0.04000000000000001,2,2.6563078454111726,12,0,1,1,1,0
519,6,1,3,6,84,-0.01999999999999999,6,2.0618294411899463,13,0,0,0,1,0
519,7,2,3,8,100,0.04000000000000001,5,2.2978119335870417,10,0,0,1,0,0
519,8,2,4,6,92,0.08000000000000002,5,2.4910552140194673,14,0,0,0,0,0
519,9,3,4,9,101,0.12,3,3.193471992230532,18,0,0,1,0,1
519,10,1,2,10,105,-0.1,9,2.177597801131653,20,0,1,0,0,0
519,11,2,4,7,44,0.06,1,2.8223410777605755,5,0,0,1,0,0
519,12,2,3,9,51,0.020000000000000018,2,2.451285263863953,9,0,1,0,0,0
520,1,0,2,10,86,-0.2,14,1.853313880010663,22,0,0,1,1,0
520,2,2,3,6,81,0.08000000000000002,7,1.8320361596673984,19,0,1,0,1,0
520,3,2,3,9,102,0.020000000000000018,1,2.863547211280359,12,0,0,1,1,0
520,4,2,5,12,97,-0.03999999999999998,2,3.5143536282381227,25,0,1,0,1,0
520,5,2,3,8,96,0.04000000000000001,3,2.4784228554466776,19,0,0,1,1,1
520,6,1,3,6,84,-0.01999999999999999,7,1.9237548915521194,15,0,0,0,1,0
520,7,1,3,7,100,-0.04000000000000001,6,2.143934342383693,24,0,0,1,0,0
520,8,2,4,6,92,0.08000000000000002,6,2.3242366984199454,18,0,1,0,0,0
520,9,4,5,10,102,0.2,1,3.979614726299862,12,0,0,1,0,1
520,10,1,2,10,105,-0.1,10,2.03177059075384,24,0,1,0,0,0
520,11,2,4,7,44,0.06,2,2.633337338920167,6,0,0,1,0,0
520,12,1,3,9,51,-0.07999999999999999,3,2.287130022853076,8,0,0,0,0,0
521,1,0,2,9,86,-0.18,15,1.7292029937230367,21,0,0,1,1,1
521,2,2,3,6,81,0.08000000000000002,8,1.709350178658077,15,0,0,0,1,0
521,3,2,3,8,102,0.04000000000000001,2,2.6717840209477957,22,0,0,1,1,0
521,4,2,5,12,97,-0.03999999999999998,3,3.279007879073249,24,0,1,0,1,0
521,5,3,3,9,97,0.12,1,3.31245029111061,10,0,0,1,1,0
521,6,1,3,6,84,-0.01999999999999999,8,1.7949267814484404,16,0,1,0,1,0
521,7,1,3,7,100,-0.04000000000000001,7,2.000361473132755,19,0,0,1,0,0
521,8,1,4,6,92,-0.01999999999999999,7,2.1685895197663942,20,0,1,0,0,0
521,9,5,5,11,103,0.28,1,4.713111833243493,10,0,0,1,0,0
521,10,0,2,10,105,-0.2,11,1.8957089924075616,28,0,1,0,0,0
521,11,2,4,7,44,0.06,3,2.456990615058259,6,0,0,1,0,0
521,12,1,3,9,51,-0.07999999999999999,4,2.1339677672562525,9,0,0,0,0,1
522,1,1,3,10,87,-0.1,1,2.613403442207808,3,0,0,1,1,0
522,2,2,3,6,81,0.08000000000000002,9,1.5948801107773216,12,0,1,0,1,1
522,3,2,3,8,102,0.04000000000000001,3,2.4928626378051617,17,0,0,1,1,0
522,4,2,4,12,97,-0.03999999999999998,4,3.0594225306844756,11,0,0,0,1,0
522,5,2,3,9,97,0.020000000000000018,2,3.090625404431901,17,0,0,1,1,0
522,6,1,3,5,84,0.0,9,1.6747259044843716,12,0,0,0,1,0
522,7,1,3,7,100,-0.04000000000000001,8,1.8664032494320295,15,0,0,1,0,0
522,8,1,4,6,92,-0.01999999999999999,8,2.0233655670430073,11,0,0,0,0,0
522,9,4,5,11,103,0.18000000000000002,2,4.397488833218703,13,0,0,1,0,0
522,10,0,1,10,105,-0.2,12,1.7687590322692541,15,0,0,0,0,1
522,11,2,4,7,44,0.06,4,2.292453303745668,10,0,1,1,0,0
522,12,2,4,9,52,0.020000000000000018,1,2.9910623297262227,3,0,0,0,0,0
523,1,1,3,10,87,-0.1,2,2.4383916317757413,17,0,1,1,1,0
523,2,2,3,6,82,0.08000000000000002,1,2.4880757609011193,7,0,0,0,1,1
523,3,2,3,8,102,0.04000000000000001,4,2.325923084441687,23,0,1,1,1,1
523,4,2,4,12,97,-0.03999999999999998,5,2.854542156179646,18,0,0,0,1,0
523,5,2,3,9,97,0.020000000000000018,3,2.883655466816752,23,0,0,1,1,0
523,6,1,3,5,84,0.0,10,1.5625745206652388,16,0,0,0,1,0
523,7,1,3,6,100,-0.01999999999999999,9,1.7414158072315846,21,0,0,1,0,0
523,8,1,4,6,92,-0.01999999999999999,9,1.8878668279907058,14,0,0,0,0,0
523,9,4,5,11,103,0.18000000000000002,3,4.103002161307751,20,0,1,1,0,0
523,10,1,2,11,106,-0.12,1,2.650310531185931,7,0,0,0,0,0
523,11,1,4,7,44,-0.04000000000000001,5,2.1389345639522577,12,0,1,1,0,0
523,12,2,3,9,52,0.020000000000000018,2,2.79075983337751,10,0,0,0,0,0
524,1,1,3,10,87,-0.1,3,2.2750998387340373,21,0,1,1,1,0
524,2,2,4,6,83,0.08000000000000002,1,3.3214567703637896,12,0,1,0,1,0
524,3,3,4,9,103,0.12,1,3.1701629735611454,12,0,1,1,1,0
524,4,2,3,12,97,-0.03999999999999998,6,2.6633820074482237,15,0,1,0,1,0
524,5,2,3,9,97,0.020000000000000018,4,2.690545686765503,17,0,0,1,1,0
524,6,0,3,5,84,-0.1,11,1.4579335795154806,19,0,0,0,1,0
524,7,1,3,6,100,-0.01999999999999999,10,1.6247984001307698,21,0,0,1,0,0
524,8,1,4,6,92,-0.01999999999999999,10,1.7614420341432717,14,0,0,0,0,0
524,9,4,5,10,103,0.2,4,3.8282363808469575,20,0,0,1,0,0
524,10,1,2,11,106,-0.12,2,2.472827163413914,19,0,0,0,0,0
524,11,1,3,7,44,-0.04000000000000001,6,1.9956965149058516,8,0,0,1,0,1
524,12,2,3,9,52,0.020000000000000018,3,2.6038709959969806,8,0,0,0,0,1
525,1,1,2,10,87,-0.1,4,2.122743208578927,8,0,0,1,1,0
525,2,2,4,6,83,0.08000000000000002,2,3.0990287467127096,8,0,0,0,1,0
525,3,3,3,9,103,0.12,2,2.9578666428809766,8,0,0,1,1,1
525,4,2,3,12,97,-0.03999999999999998,7,2.4850232820147236,9,0,0,0,1,0
525,5,2,3,9,97,0.020000000000000018,5,2.5103678909892713,9,0,0,1,1,0
525,6,0,3,5,84,-0.1,12,1.3603001291572947,9,0,0,0,1,0
525,7,0,3,6,100,-0.12,11,1.5159905119182309,9,0,0,1,0,0
525,8,0,4,6,92,-0.12,11,1.643483530535376,6,0,0,0,0,0
525,9,4,5,10,103,0.2,5,3.5718708427316774,6,0,0,1,0,0
525,10,1,2,11,106,-0.12,3,2.307229325833562,14,0,1,0,0,1
525,11,2,4,7,45,0.06,1,2.8620506895021878,6,0,1,1,0,0
525,12,3,4,9,53,0.12,1,3.4294975449709892,6,0,1,0,0,0
526,1,1,2,10,87,-0.1,5,1.9805894461648372,20,0,0,1,1,0
526,2,2,4,6,83,0.08000000000000002,3,2.8914960624039225,19,0,1,0,1,0
526,3,4,4,10,104,0.2,1,3.759787162374171,13,0,0,1,1,0
526,4,1,2,12,97,-0.13999999999999999,8,2.318608706856813,23,0,1,0,1,0
526,5,2,3,8,97,0.04000000000000001,6,2.3422560631876657,26,0,0,1,1,0
526,6,0,3,5,84,-0.1,13,1.2692048988955362,11,0,0,0,1,0
526,7,0,3,6,100,-0.12,12,1.4144691624764831,24,0,0,1,0,0
526,8,0,4,6,92,-0.12,12,1.533424355036896,16,0,0,0,0,1
526,9,3,5,9,103,0.12,6,3.3326733377770346,24,0,1,1,0,0
526,10,2,3,12,107,-0.03999999999999998,1,3.1527210800439396,13,0,0,0,0,0
526,11,2,3,7,45,0.06,2,2.6703877167562085,10,0,1,1,0,0
526,12,3,4,9,53,0.12,2,3.199834353852419,12,0,0,0,0,1
527,1,1,1,10,87,-0.1,6,1.8479552959614067,10,0,0,1,1,0
527,2,2,4,6,83,0.08000000000000002,4,2.697861221121631,9,0,0,0,1,0
527,3,3,4,9,104,0.12,2,3.5080054636516573,13,0,0,1,1,0
527,4,1,2,12,97,-0.13999999999999999,9,2.1633384179619006,16,0,0,0,1,1
527,5,2,3,8,97,0.04000000000000001,7,2.185402181581213,16,0,0,1,1,0
527,6,0,3,5,84,-0.1,14,1.1842100436896734,16,0,0,0,1,0
527,7,0,3,6,100,-0.12,13,1.3197463941019956,21,0,1,1,0,0
527,8,1,4,7,93,-0.04000000000000001,1,2.430735513275475,5,0,0,0,0,0
527,9,2,5,9,103,0.020000000000000018,7,3.1094941741610636,13,0,1,1,0,0
527,10,2,3,11,107,-0.01999999999999999,2,2.941592780794551,15,0,0,0,0,1
527,11,2,3,7,45,0.06,3,2.4915598399281897,8,0,1,1,0,0
527,12,4,5,10,54,0.2,1,3.9855510195971697,5,0,0,0,0,0
528,1,1,1,9,87,-0.07999999999999999,7,1.7242032580171576,15,0,0,1,1,1
528,2,2,4,6,83,0.08000000000000002,5,2.5171935258942595,12,0,0,0,1,0
528,3,3,4,9,104,0.12,3,3.273084832078371,23,0,1,1,1,0
528,4,2,3,13,98,-0.06,1,3.0184661158174966,14,0,0,0,1,1
528,5,1,3,7,97,-0.04000000000000001,8,2.0390523351917844,25,0,1,1,1,0
528,6,0,2,5,84,-0.1,15,1.1049070396717093,13,0,0,0,1,0
528,7,0,2,6,100,-0.12,14,1.2313669261588993,20,0,0,1,0,0
528,8,1,4,7,93,-0.04000000000000001,2,2.2679564275861734,20,0,0,0,0,0
528,9,2,5,9,103,0.020000000000000018,8,2.9012606514837715,27,0,1,1,0,0
528,10,3,4,12,108,0.06,1,3.7446031121478165,14,0,0,0,0,0
528,11,2,3,7,45,0.06,4,2.324707531041168,12,0,1,1,0,0
528,12,3,5,10,54,0.09999999999999998,2,3.71865059073732,11,0,0,0,0,0
529,1,2,2,10,88,0.0,1,2.6087385238452585,8,0,0,1,1,1
529,2,2,4,6,83,0.08000000000000002,6,2.348624605742205,14,0,1,0,1,0
529,3,3,4,9,104,0.12,4,3.0538961324278313,22,0,1,1,1,0
529,4,2,4,13,99,-0.06,1,3.816328469893686,8,0,0,0,1,0
529,5,1,3,7,97,-0.04000000000000001,9,1.9025031002041035,20,0,1,1,1,0
529,6,0,1,5,84,-0.1,16,1.030914720594973,16,0,0,0,1,0
529,7,0,2,6,100,-0.12,15,1.1489059667935209,16,0,0,1,0,0
529,8,1,3,6,93,-0.01999999999999999,3,2.116078170305858,19,0,0,0,0,0
529,9,2,5,9,103,0.020000000000000018,9,2.70697190488193,25,0,0,1,0,0
529,10,3,4,12,108,0.06,2,3.493838243845316,22,0,0,0,0,0
529,11,1,3,7,45,-0.04000000000000001,5,2.1690288221354868,10,0,0,1,0,1
529,12,3,5,10,54,0.09999999999999998,3,3.469623685155758,7,0,0,0,0,0
530,1,3,3,11,89,0.07999999999999999,1,3.4340391090406563,6,0,0,1,1,0
530,2,2,4,6,83,0.08000000000000002,7,2.191344241892604,14,0,1,0,1,0
530,3,2,4,9,104,0.020000000000000018,5,2.8493858442818256,15,0,0,1,1,0
530,4,2,4,13,99,-0.06,2,3.5607603689519927,13,0,0,0,1,0
530,5,1,3,7,97,-0.04000000000000001,10,1.7750981589914852,14,0,0,1,1,1
530,6,0,1,5,84,-0.1,17,0.9618774457760595,11,0,0,0,1,0
530,7,0,1,6,100,-0.12,16,1.0719671711918466,10,0,0,1,0,0
530,8,1,3,6,93,-0.01999999999999999,4,1.9743707455662087,9,0,0,0,0,0
530,9,1,5,9,103,-0.07999999999999999,10,2.5256940944180775,13,0,0,1,0,0
530,10,3,4,12,108,0.06,3,3.259866348600701,15,0,1,0,0,1
530,11,2,4,7,46,0.06,1,3.023775450646631,6,0,0,1,0,0
530,12,3,4,9,54,0.12,4,3.237273366467839,9,0,1,0,0,0
531,1,3,3,11,89,0.07999999999999999,2,3.2040717829625964,19,0,0,1,1,0
531,2,2,4,6,83,0.08000000000000002,8,2.0445964735000137,14,0,0,0,1,0
531,3,2,4,9,104,0.020000000000000018,6,2.6585709983329036,23,0,0,1,1,1
531,4,2,4,12,99,-0.03999999999999998,3,3.322306899188984,23,0,1,0,1,0
531,5,1,4,8,98,-0.06,1,2.6562251455553048,17,0,0,1,1,0
531,6,0,1,5,84,-0.1,18,0.89746339072422,12,0,1,0,1,0
531,7,0,1,6,100,-0.12,17,1.0001807365663775,19,0,0,1,0,1
531,8,1,2,6,93,-0.01999999999999999,5,1.8421530431383966,18,0,0,0,0,0
531,9,0,5,9,103,-0.18,11,2.3565559166217467,22,0,1,1,0,0
531,10,4,4,12,109,0.16000000000000003,1,4.0415628512450805,17,0,0,0,0,0
531,11,2,4,7,46,0.06,2,2.8212822544523837,10,0,1,1,0,0
531,12,3,4,9,54,0.12,5,3.020482853537919,13,0,0,0,0,0
532,1,2,3,10,89,0.0,3,2.9895046807562635,20,0,0,1,1,0
532,2,2,4,6,83,0.08000000000000002,9,1.9076759641553245,21,0,1,0,1,0
532,3,3,5,10,105,0.09999999999999998,1,3.4805344517875456,13,0,0,1,1,0
532,4,2,4,12,99,-0.03999999999999998,4,3.099821944953672,18,0,1,0,1,0
532,5,1,3,7,98,-0.04000000000000001,2,2.4783456937527575,17,0,0,1,1,0
532,6,0,1,5,84,-0.1,19,0.8373629522421856,16,0,1,0,1,1
532,7,1,2,7,101,-0.04000000000000001,1,1.9332016247160149,13,0,0,1,0,0
532,8,1,2,6,93,-0.01999999999999999,6,1.7187895647080516,22,0,1,0,0,0
532,9,0,4,9,103,-0.18,12,2.1987444166093515,24,0,0,1,0,0
532,10,4,4,12,109,0.16000000000000003,2,3.7709114775812265,25,0,0,0,0,0
532,11,2,4,7,46,0.06,3,2.6323494218414156,5,0,0,1,0,0
532,12,2,4,9,54,0.020000000000000018,6,2.818210152722117,12,0,0,0,0,1
533,1,2,3,9,89,0.020000000000000018,4,2.789306495499305,10,0,0,1,1,0
533,2,1,3,6,83,-0.01999999999999999,10,1.7799246117187058,15,0,0,0,1,0
533,3,3,5,9,105,0.12,2,3.2474534716982557,12,0,0,1,1,0
533,4,2,4,12,99,-0.03999999999999998,5,2.8922361425315692,13,0,0,0,1,1
533,5,1,3,7,98,-0.04000000000000001,3,2.3123782967044995,14,0,1,1,1,1
533,6,1,2,6,85,-0.01999999999999999,1,1.7812872603326193,6,0,0,0,1,0
533,7,1,2,7,101,-0.04000000000000001,2,1.8037408951526,16,0,1,1,0,0
533,8,1,2,6,93,-0.01999999999999999,7,1.6036873693818003,16,0,0,0,0,0
533,9,0,4,9,103,-0.18,13,2.0515010806538756,11,0,0,1,0,0
533,10,3,4,12,109,0.06,3,3.5183848167480942,11,0,0,0,0,0
533,11,2,3,7,46,0.06,4,2.4560688558308814,10,0,1,1,0,0
533,12,3,5,10,55,0.09999999999999998,1,3.6294830495737194,6,0,0,0,0,0
534,1,2,3,9,89,0.020000000000000018,5,2.602514983808765,19,0,0,1,1,0
534,2,0,2,6,83,-0.12,11,1.6607283851818944,12,0,0,0,1,1
534,3,2,5,9,105,0.020000000000000018,3,3.0299812275752145,20,0,1,1,1,0
534,4,3,5,13,100,0.03999999999999998,1,3.698551740297106,10,0,1,0,1,0
534,5,2,4,8,99,0.04000000000000001,1,3.1575252397389866,10,0,1,1,1,0
534,6,1,1,5,85,0.0,2,1.6619997812945477,17,0,1,0,1,1
534,7,1,2,6,101,-0.01999999999999999,3,1.6829497633615091,15,0,0,1,0,0
534,8,1,2,6,93,-0.01999999999999999,8,1.4962932237440942,22,0,0,0,0,0
534,9,0,4,9,103,-0.18,14,1.9141181904234787,25,0,0,1,0,0
534,10,3,4,12,109,0.06,4,3.2827691109481565,31,0,0,0,0,0
534,11,2,3,7,46,0.06,5,2.291593271976271,8,0,0,1,0,0
534,12,3,5,10,55,0.09999999999999998,2,3.386427427475902,10,0,0,0,0,0
535,1,2,3,9,89,0.020000000000000018,6,2.4282323408624578,16,0,1,1,1,0
535,2,1,3,7,84,-0.04000000000000001,1,2.549514373356354,13,0,0,0,1,0
535,3,2,5,9,105,0.020000000000000018,4,2.8270724490648704,19,0,1,1,1,0
535,4,3,5,12,100,0.06,2,3.450870794603074,14,0,0,0,1,0
535,5,2,4,8,99,0.04000000000000001,2,2.946075220286642,15,0,1,1,1,0
535,6,2,2,6,86,0.08000000000000002,1,2.5507006278747717,13,0,0,0,1,0
535,7,1,1,5,101,0.0,4,1.570247652315351,18,0,1,1,0,0
535,8,1,1,6,93,-0.01999999999999999,9,1.3960909427662058,17,0,0,0,0,0
535,9,0,4,9,103,-0.18,15,1.7859354213658387,16,0,0,1,0,1
535,10,3,4,12,109,0.06,5,3.062931884112584,11,0,0,0,0,0
535,11,1,3,7,46,-0.04000000000000001,6,2.138132125937641,9,0,0,1,0,0
535,12,2,5,10,55,0.0,3,3.159648513280136,9,0,0,0,0,1
536,1,2,3,9,89,0.020000000000000018,7,2.2656208851413235,13,0,0,1,1,0
536,2,1,3,6,84,-0.01999999999999999,2,2.378781022738768,11,0,0,0,1,1
536,3,1,5,9,105,-0.07999999999999999,5,2.6377518644422846,17,0,0,1,1,0
536,4,3,4,12,100,0.06,3,3.219776300895506,19,0,0,0,1,0
536,5,2,4,8,99,0.04000000000000001,3,2.7487853760765044,16,0,0,1,1,0
536,6,2,2,6,86,0.08000000000000002,2,2.379887837340811,14,0,0,0,1,0
536,7,1,1,5,101,0.0,5,1.4650928644934407,19,0,0,1,0,0
536,8,1,1,5,93,0.0,10,1.3025989087865948,15,0,1,0,0,1
536,9,1,4,10,104,-0.1,1,2.6663366688885173,4,0,0,1,0,0
536,10,2,4,12,109,-0.03999999999999998,6,2.857816498707034,19,0,1,0,0,0
536,11,1,3,7,46,-0.04000000000000001,7,1.9949478137645509,9,0,1,1,0,0
536,12,3,6,11,56,0.07999999999999999,1,3.948056304550591,4,0,0,0,0,0
537,1,2,3,9,89,0.020000000000000018,8,2.1138990321516786,16,0,1,1,1,0
537,2,2,4,7,85,0.06,1,3.2194811738569387,7,0,0,0,1,0
537,3,1,4,9,105,-0.07999999999999999,6,2.461109513012376,20,0,1,1,1,0
537,4,3,4,12,100,0.06,4,3.0041575141038495,17,0,0,0,1,0
537,5,2,4,8,99,0.04000000000000001,4,2.564707442533289,17,0,0,1,1,1
537,6,2,2,6,86,0.08000000000000002,3,2.22051386839616,24,0,0,0,1,0
537,7,1,1,5,101,0.0,6,1.3669799782375454,23,0,1,1,0,0
537,8,1,2,6,94,-0.01999999999999999,1,2.2153677566377374,7,0,0,0,0,1
537,9,1,3,10,104,-0.1,2,2.487780078617339,18,0,1,1,0,0
537,10,2,4,11,109,-0.01999999999999999,7,2.6664370770518686,15,0,0,0,0,0
537,11,1,3,7,46,-0.04000000000000001,8,1.8613521266365527,7,0,0,1,0,0
537,12,2,6,10,56,0.0,2,3.683666784590591,8,0,0,0,0,0
538,1,2,3,9,89,0.020000000000000018,9,1.9723375377752426,18,0,0,1,1,1
538,2,2,4,7,85,0.06,2,3.003882150840172,14,0,0,0,1,0
538,3,1,4,9,105,-0.07999999999999999,7,2.2962963714256324,18,0,0,1,1,0
538,4,2,4,11,100,-0.01999999999999999,5,2.802978072432093,22,0,1,0,1,0
538,5,3,4,9,100,0.12,1,3.3929566575235492,11,0,0,1,1,0
538,6,2,2,6,86,0.08000000000000002,4,2.0718126973786375,19,0,1,0,1,0
538,7,1,1,5,101,0.0,7,1.2754374184658968,21,0,1,1,0,0
538,8,2,3,7,95,0.06,1,3.067011205329894,11,0,0,0,0,0
538,9,1,3,10,104,-0.1,3,2.32118088903801,20,0,1,1,0,0
538,10,1,4,11,109,-0.12,8,2.4878737627463656,25,0,0,0,0,1
538,11,1,3,7,46,-0.04000000000000001,9,1.7367029430191012,5,0,0,1,0,0
538,12,2,5,9,56,0.020000000000000018,3,3.4369826398513315,11,0,0,0,0,0
539,1,2,4,10,90,0.0,1,2.8402559931907754,9,0,0,1,1,1
539,2,2,4,7,85,0.06,3,2.802721149422425,16,0,1,0,1,0
539,3,1,4,9,105,-0.07999999999999999,8,2.1425202728863737,25,0,0,1,1,0
539,4,1,3,10,100,-0.1,6,2.61527101613339,22,0,0,0,1,0
539,5,3,4,9,100,0.12,2,3.165740500323924,28,0,0,1,1,0
539,6,2,2,6,86,0.08000000000000002,5,1.9330695989391324,11,0,0,0,1,0
539,7,1,1,5,101,0.0,8,1.1900251900692185,20,0,0,1,0,0
539,8,2,3,7,95,0.06,2,2.8616226399858604,15,0,0,0,0,0
539,9,1,3,10,104,-0.1,4,2.1657383487972006,22,0,1,1,0,0
539,10,2,5,11,110,-0.01999999999999999,1,3.321268299421175,9,0,0,0,0,1
539,11,1,2,7,46,-0.04000000000000001,10,1.6204011423358895,13,0,1,1,0,0
539,12,2,5,9,56,0.020000000000000018,4,3.206818194320561,10,0,0,0,0,0
540,1,2,5,11,91,-0.01999999999999999,1,3.650052546057135,10,0,0,1,1,0
540,2,2,4,7,85,0.06,4,2.6150312984890847,16,0,1,0,1,0
540,3,1,3,8,105,-0.06,9,1.9990420996394302,25,0,0,1,1,1
540,4,1,3,10,100,-0.1,7,2.440134139862443,22,0,0,0,1,0
540,5,3,4,9,100,0.12,3,2.95374032944646,28,0,0,1,1,0
540,6,2,2,6,86,0.08000000000000002,6,1.8036177107470353,11,0,0,0,1,0
540,7,1,1,5,101,0.0,9,1.1103327630944408,20,0,0,1,0,0
540,8,2,3,7,95,0.06,3,2.6699883324354636,15,0,0,0,0,0
540,9,1,2,9,104,-0.07999999999999999,5,2.0207053304642377,22,0,1,1,0,0
540,10,3,6,12,111,0.06,1,4.098852897105304,10,0,0,0,0,0
540,11,0,2,7,46,-0.14,11,1.511887725323315,13,0,1,1,0,0
540,12,2,5,9,56,0.020000000000000018,5,2.992067173161576,10,0,0,0,0,1
541,1,2,5,11,91,-0.01999999999999999,2,3.4056194463142293,15,0,0,1,1,0
541,2,2,4,7,85,0.06,5,2.4399104753916525,15,0,1,0,1,0
541,3,2,4,9,106,0.020000000000000018,1,2.8651722304345983,6,0,0,1,1,1
541,4,1,3,9,100,-0.07999999999999999,8,2.2767256562669496,14,0,1,0,1,0
541,5,2,3,9,100,0.020000000000000018,4,2.755937175806346,16,0,0,1,1,1
541,6,2,2,6,86,0.08000000000000002,7,1.6828348282470744,13,0,0,0,1,0
541,7,1,1,5,101,0.0,10,1.0359770995513353,20,0,0,1,0,0
541,8,2,3,7,95,0.06,4,2.4911872011806326,13,0,0,0,0,0
541,9,1,1,8,104,-0.06,6,1.8853847394974208,16,0,0,1,0,0
541,10,2,6,12,111,-0.03999999999999998,2,3.8243649804554716,20,0,0,0,0,0
541,11,0,2,7,46,-0.14,12,1.4106411272261916,9,0,1,1,0,0
541,12,3,6,10,57,0.09999999999999998,1,3.7916973854540243,6,0,0,0,0,0
542,1,2,4,10,91,0.0,3,3.177555300030491,23,0,0,1,1,0
542,2,2,4,7,85,0.06,6,2.2765169699366674,19,0,1,0,1,0
542,3,2,5,10,107,0.0,1,3.67330021743058,11,0,0,1,1,0
542,4,1,3,9,100,-0.07999999999999999,9,2.124260149975353,20,0,1,0,1,0
542,5,3,4,10,101,0.09999999999999998,1,3.571380307630095,11,0,0,1,1,1
542,6,2,2,6,86,0.08000000000000002,8,1.5701404140616972,15,0,1,0,1,0
542,7,0,1,5,101,-0.1,11,0.9666008123580073,20,0,0,1,0,0
542,8,2,3,7,95,0.06,5,2.324359846795772,19,0,0,0,0,1
542,9,1,1,8,104,-0.06,7,1.7591261636911228,22,0,0,1,0,0
542,10,2,6,11,111,-0.01999999999999999,3,3.5682586984429725,30,0,0,0,0,0
542,11,0,2,7,46,-0.14,13,1.3161747109207078,6,0,0,1,0,0
542,12,3,5,10,57,0.09999999999999998,2,3.5377787545524595,12,0,0,0,0,0
543,1,2,4,9,91,0.020000000000000018,4,2.9647639273610866,18,0,0,1,1,0
543,2,2,3,7,85,0.06,7,2.124065438744317,14,0,0,0,1,0
543,3,2,5,9,107,0.020000000000000018,2,3.427310290682059,19,0,0,1,1,0
543,4,1,3,9,100,-0.07999999999999999,10,1.9820048025339307,22,0,1,0,1,0
543,5,4,5,11,102,0.18000000000000002,1,4.332215652343751,12,0,0,1,1,0
543,6,1,2,6,86,-0.01999999999999999,9,1.4649928076648269,19,0,1,0,1,0
543,7,0,1,5,101,-0.1,12,0.9018704475762999,21,0,1,1,0,0
543,8,3,4,8,96,0.13999999999999999,1,3.1687044212638944,12,0,0,0,0,1
543,9,1,1,8,104,-0.06,8,1.6413227469993958,20,0,1,1,0,0
543,10,2,5,11,111,-0.01999999999999999,4,3.3293030879854815,25,0,0,0,0,0
543,11,0,2,7,46,-0.14,14,1.2280344279154407,5,0,0,1,0,1
543,12,2,5,10,57,0.0,3,3.300864294755442,11,0,0,0,0,0
544,1,2,4,8,91,0.04000000000000001,5,2.7662225563461287,13,0,0,1,1,1
544,2,2,2,7,85,0.06,8,1.9818231305315517,12,0,0,0,1,0
544,3,2,4,9,107,0.020000000000000018,3,3.1977935734399665,11,0,0,1,1,0
544,4,0,3,9,100,-0.18,11,1.8492758701485525,17,0,0,0,1,0
544,5,3,5,11,102,0.07999999999999999,2,4.042100130088872,15,0,0,1,1,0
544,6,1,2,5,86,0.0,10,1.36688662191542,15,0,0,0,1,0
544,7,0,1,5,101,-0.1,13,0.8414748816807545,16,0,1,1,0,1
544,8,4,5,9,97,0.22000000000000003,1,3.9565057654677593,3,0,0,0,0,0
544,9,1,1,8,104,-0.06,9,1.5314082727102567,13,0,1,1,0,0
544,10,2,5,11,111,-0.01999999999999999,5,3.1063496199158247,15,0,1,0,0,0
544,11,1,3,8,47,-0.06,1,2.1457966359881357,3,0,0,1,0,0
544,12,2,5,10,57,0.0,4,3.0798152875927043,11,0,1,0,0,0
545,1,3,5,9,92,0.12,1,3.5809769070042234,9,0,0,1,1,0
545,2,1,2,7,85,-0.04000000000000001,9,1.8491063641766945,18,0,1,0,1,0
545,3,2,4,9,107,0.020000000000000018,4,2.9836469041438693,25,0,0,1,1,0
545,4,0,3,9,100,-0.18,12,1.7254353973015366,16,0,0,0,1,0
545,5,3,5,11,102,0.07999999999999999,3,3.7714127764681384,18,0,0,1,1,0
545,6,0,2,5,86,-0.1,11,1.2753503139373854,16,0,1,0,1,0
545,7,1,2,6,102,-0.01999999999999999,1,1.7851238261576754,9,0,0,1,0,0
545,8,4,5,9,97,0.22000000000000003,2,3.6915504103870096,21,0,1,0,0,0
545,9,1,1,7,104,-0.04000000000000001,10,1.4288544419510658,22,0,0,1,0,1
545,10,2,5,11,111,-0.01999999999999999,6,2.8983266786292865,22,0,0,0,0,1
545,11,1,2,8,47,-0.06,2,2.002099054505628,8,0,0,1,0,0
545,12,2,4,9,57,0.020000000000000018,5,2.8735692711634138,10,0,0,0,0,0
546,1,3,5,9,92,0.12,2,3.3411695961663743,20,0,0,1,1,0
546,2,1,2,7,85,-0.04000000000000001,10,1.7252772426375305,15,0,0,0,1,0
546,3,2,3,9,107,0.020000000000000018,5,2.7838409966628883,25,0,0,1,1,0
546,4,0,3,9,100,-0.18,13,1.6098881504477525,29,0,0,0,1,0
546,5,3,5,11,102,0.07999999999999999,4,3.518852545148204,27,0,0,1,1,1
546,6,0,2,5,86,-0.1,12,1.1899439186704053,12,0,0,0,1,0
546,7,1,2,6,102,-0.01999999999999999,2,1.6655794237835275,24,0,0,1,0,0
546,8,4,5,9,97,0.22000000000000003,3,3.4443383228123206,18,0,1,0,0,0
546,9,1,2,8,105,-0.06,1,2.3331683344442586,13,0,1,1,0,1
546,10,3,5,11,112,0.07999999999999999,1,3.7042344114124224,13,0,1,0,0,0
546,11,1,2,7,47,-0.04000000000000001,3,1.8680244701783997,10,0,1,1,0,0
546,12,1,4,9,57,-0.07999999999999999,6,2.681134933461843,11,0,0,0,0,0
547,1,3,5,9,92,0.12,3,3.117421463542939,21,0,0,1,1,0
547,2,0,2,7,85,-0.14,11,1.6097405869284693,15,0,0,0,1,0
547,3,2,3,8,107,0.04000000000000001,6,2.597415493079182,23,0,0,1,1,0
547,4,0,3,9,100,-0.18,14,1.5020787570519243,25,0,1,0,1,0
547,5,4,6,12,103,0.16000000000000003,1,4.283205516976537,11,0,0,1,1,1
547,6,0,2,5,86,-0.1,13,1.1102569341980797,16,0,1,0,1,0
547,7,1,2,6,102,-0.01999999999999999,3,1.5540405524148966,19,0,0,1,0,0
547,8,3,4,9,97,0.12,4,3.2136812891984494,22,0,1,0,0,0
547,9,2,3,9,106,0.020000000000000018,1,3.1769230308454772,11,0,0,1,0,0
547,10,3,5,10,112,0.09999999999999998,2,3.4561729142337176,30,0,1,0,0,0
547,11,1,2,7,47,-0.04000000000000001,4,1.7429284596745118,6,0,0,1,0,0
547,12,1,3,9,57,-0.07999999999999999,7,2.5015873476817427,10,0,0,0,0,1
548,1,3,5,9,92,0.12,4,2.9086570740105206,14,0,0,1,1,0
548,2,0,2,7,85,-0.14,12,1.501941075420086,10,0,0,0,1,0
548,3,2,3,8,107,0.04000000000000001,7,2.423474347771721,17,0,0,1,1,0
548,4,0,2,8,100,-0.16,15,1.4014890362160464,14,0,1,0,1,0
548,5,4,7,12,104,0.16000000000000003,1,4.996372056871576,7,0,0,1,1,0
548,6,0,2,5,86,-0.1,14,1.0359063486893185,14,0,1,0,1,1
548,7,1,2,6,102,-0.01999999999999999,4,1.4499711055891837,14,0,0,1,0,0
548,8,2,4,9,97,0.020000000000000018,5,2.998470667106693,17,0,0,0,0,0
548,9,2,3,9,106,0.020000000000000018,2,2.9641739993519365,15,0,0,1,0,0
548,10,3,4,10,112,0.09999999999999998,3,3.224723353435971,24,0,0,0,0,0
548,11,1,2,7,47,-0.04000000000000001,5,1.6262097547647496,9,0,1,1,0,0
548,12,2,4,10,58,0.0,1,3.3340635265981238,7,0,0,0,0,1
549,1,2,4,9,92,0.020000000000000018,5,2.713873011118733,10,0,0,1,1,0
549,2,0,2,7,85,-0.14,13,1.4013605747112126,16,0,0,0,1,0
549,3,2,3,8,107,0.04000000000000001,8,2.261181520614162,13,0,0,1,1,0
549,4,0,1,8,100,-0.16,16,1.3076355080666948,13,0,0,0,1,0
549,5,4,7,12,104,0.16000000000000003,2,4.661779967053798,15,0,1,1,1,0
549,6,1,3,6,87,-0.01999999999999999,1,1.9665347994695659,7,0,0,0,1,0
549,7,1,2,5,102,0.0,5,1.3528708782898082,16,0,1,1,0,1
549,8,2,4,9,97,0.020000000000000018,6,2.7976720565659243,16,0,0,0,0,0
549,9,2,3,9,106,0.020000000000000018,3,2.76567213405096,12,0,0,1,0,0
549,10,2,4,9,112,0.020000000000000018,4,3.00877327733497,11,0,0,0,0,1
549,11,1,2,7,47,-0.04000000000000001,6,1.5173073523544922,10,0,1,1,0,0
549,12,3,5,11,59,0.07999999999999999,1,4.110791266195605,7,0,0,0,0,0
550,1,1,3,8,92,-0.06,6,2.532133054215115,19,0,0,1,1,0
550,2,0,2,7,85,-0.14,14,1.3075156492445423,16,0,0,0,1,0
550,3,2,3,8,107,0.04000000000000001,9,2.1097569585863787,26,0,0,1,1,0
550,4,0,1,8,100,-0.16,17,1.2200670699312213,22,0,0,0,1,0
550,5,4,7,11,104,0.18000000000000002,3,4.349594508546565,24,0,0,1,1,0
550,6,1,3,6,87,-0.01999999999999999,2,1.8348418469103247,13,0,1,0,1,0
550,7,2,3,6,103,0.08000000000000002,1,2.2622731627337678,13,0,0,1,0,1
550,8,2,4,9,97,0.020000000000000018,7,2.6103203282766367,22,0,1,0,0,0
550,9,2,3,9,106,0.020000000000000018,4,2.5804633448435537,25,0,1,1,0,0
550,10,2,5,10,113,0.0,1,3.8072847318078513,13,0,0,0,0,0
550,11,1,1,7,47,-0.04000000000000001,7,1.4156978180481046,9,0,1,1,0,0
550,12,3,5,11,59,0.07999999999999999,2,3.8355038726818655,14,0,0,0,0,1
551,1,1,3,8,92,-0.06,7,2.3625636785435615,12,0,0,1,1,0
551,2,0,2,7,85,-0.14,15,1.2199552376958263,12,0,0,0,1,0
551,3,1,3,8,107,-0.06,10,1.9684728464854453,19,0,0,1,1,0
551,4,0,1,8,100,-0.16,18,1.1383628281334746,12,0,0,0,1,1
551,5,4,6,10,104,0.2,4,4.058315176281271,14,0,0,1,1,0
551,6,1,3,6,87,-0.01999999999999999,3,1.711967977419661,16,0,1,0,1,0
551,7,3,4,7,104,0.15999999999999998,1,3.1107754966989223,8,0,0,1,0,0
551,8,2,4,9,97,0.020000000000000018,8,2.4355149847612916,19,0,1,0,0,0
551,9,2,3,8,106,0.04000000000000001,5,2.4076574341904573,16,0,0,1,0,0
551,10,2,4,10,113,0.0,2,3.552322262951091,20,0,0,0,0,1
551,11,1,1,7,47,-0.04000000000000001,8,1.320892770285554,8,0,1,1,0,0
551,12,3,6,12,60,0.06,1,4.578651652379371,8,0,0,0,0,0
552,1,1,3,8,92,-0.06,8,2.2043498566877036,18,0,0,1,1,0
552,2,0,2,7,85,-0.14,16,1.1382584849683337,12,0,0,0,1,0
552,3,0,2,8,107,-0.16,11,1.8366501087152898,23,0,1,1,1,0
552,4,1,2,8,101,-0.06,1,2.0621300749876763,15,0,0,0,1,0
552,5,3,6,10,104,0.09999999999999998,5,3.78654194952494,27,0,1,1,1,1
552,6,1,3,6,87,-0.01999999999999999,4,1.5973226033870838,13,0,0,0,1,0
552,7,3,3,7,104,0.15999999999999998,2,2.9024561676843934,21,0,0,1,0,0
552,8,2,4,9,97,0.020000000000000018,9,2.27241583216455,20,0,0,0,0,0
552,9,2,3,8,106,0.04000000000000001,6,2.2464238184185565,28,0,1,1,0,1
552,10,3,5,10,114,0.09999999999999998,1,4.314433867904057,15,0,0,0,0,0
552,11,1,1,7,47,-0.04000000000000001,9,1.2324365329588713,12,0,1,1,0,0
552,12,3,6,12,60,0.06,2,4.272033048424471,11,0,0,0,0,0
553,1,1,3,8,92,-0.06,9,2.0567311411790605,21,0,0,1,1,1
553,2,0,2,6,85,-0.12,17,1.0620327193721586,15,0,0,0,1,0
553,3,0,2,8,107,-0.16,12,1.7136551453410294,23,0,0,1,1,0
553,4,1,2,8,101,-0.06,2,1.9240353928037726,25,0,1,0,1,0
553,5,3,7,11,105,0.07999999999999999,1,4.53296856274487,12,0,0,1,1,0
553,6,1,2,6,87,-0.01999999999999999,5,1.490354687087612,16,0,1,0,1,0
553,7,3,3,7,104,0.15999999999999998,3,2.708087360939027,19,0,0,1,0,0
553,8,1,4,9,97,-0.07999999999999999,10,2.1202389419000935,22,0,1,0,0,0
553,9,3,4,9,107,0.12,1,3.0959875355586037,12,0,0,1,0,0
553,10,3,5,10,114,0.09999999999999998,2,4.025509138558242,30,0,1,0,0,0
553,11,1,1,7,47,-0.04000000000000001,10,1.1499039452258668,6,0,0,1,0,0
553,12,3,5,11,60,0.07999999999999999,3,3.985947775115591,11,0,0,0,0,1
554,1,2,4,9,93,0.020000000000000018,1,2.9189980094412107,4,0,0,1,1,0
554,2,0,2,6,85,-0.12,18,0.9909115652657758,12,0,1,0,1,0
554,3,0,2,8,107,-0.16,13,1.598896786719983,18,0,0,1,1,0
554,4,1,1,7,101,-0.04000000000000001,3,1.7951884983704003,12,0,0,0,1,0
554,5,3,6,11,105,0.07999999999999999,2,4.229409218640148,18,0,0,1,1,1
554,6,1,2,6,87,-0.01999999999999999,6,1.3905500921442573,14,0,0,0,1,0
554,7,3,3,7,104,0.15999999999999998,4,2.5267348517199584,17,0,0,1,0,0
554,8,0,4,9,97,-0.18,11,1.9782528827338794,12,0,0,0,0,0
554,9,3,4,9,107,0.12,2,2.888658512062912,14,0,0,1,0,0
554,10,3,5,10,114,0.09999999999999998,3,3.7559328340077527,17,0,0,0,0,0
554,11,0,1,6,47,-0.12,11,1.0728983179940677,12,0,1,1,0,1
554,12,4,6,12,61,0.16000000000000003,1,4.719020776725582,4,0,0,0,0,0
555,1,1,4,8,93,-0.06,2,2.723521445038919,17,0,0,1,1,0
555,2,0,1,6,85,-0.12,19,0.9245531820883472,12,0,0,0,1,1
555,3,0,2,7,107,-0.14,14,1.4918234520719345,14,0,0,1,1,0
555,4,1,1,7,101,-0.04000000000000001,4,1.6749700950070037,15,0,1,0,1,0
555,5,4,7,12,106,0.16000000000000003,1,4.946178335701169,4,0,0,1,1,0
555,6,1,1,6,87,-0.01999999999999999,7,1.2974291123551396,12,0,1,0,1,0
555,7,2,3,7,104,0.06,5,2.357526977520584,9,0,0,1,0,0
555,8,0,4,9,97,-0.18,12,1.8457752051935046,15,0,0,0,0,0
555,9,3,4,9,107,0.12,3,2.6952136930383217,15,0,0,1,0,0
555,10,3,5,10,114,0.09999999999999998,4,3.5044092481255724,24,0,1,0,0,0
555,11,1,2,7,48,-0.04000000000000001,1,2.001049527252814,4,0,0,1,0,0
555,12,4,6,12,61,0.16000000000000003,2,4.403002072432618,13,0,1,0,0,1
556,1,1,4,8,93,-0.06,3,2.541135361379311,13,0,1,1,1,0
556,2,1,2,7,86,-0.04000000000000001,1,1.8626386213187653,4,0,0,0,1,0
556,3,0,2,7,107,-0.14,15,1.391920498331444,18,0,1,1,1,0
556,4,1,1,6,101,-0.01999999999999999,5,1.5628023584790751,9,0,0,0,1,0
556,5,4,7,12,106,0.16000000000000003,2,4.6149475692338084,14,0,0,1,1,1
556,6,1,1,6,87,-0.01999999999999999,8,1.2105441660076606,20,0,0,0,1,0
556,7,2,3,7,104,0.06,6,2.1996504484647583,17,0,0,1,0,0
556,8,0,4,9,97,-0.18,13,1.72216916140616,12,0,0,0,0,0
556,9,2,3,9,107,0.020000000000000018,4,2.5147232948465117,12,0,0,1,0,1
556,10,2,5,10,114,0.0,5,3.2697294443478566,14,0,0,0,0,0
556,11,1,2,6,48,-0.01999999999999999,2,1.8670452266260071,11,0,1,1,0,0
556,12,5,6,13,62,0.24,1,5.108146195384569,4,0,0,0,0,0
557,1,1,4,7,93,-0.04000000000000001,4,2.3709631281277046,21,0,0,1,1,0
557,2,1,1,7,86,-0.04000000000000001,2,1.7379032850010423,15,0,0,0,1,0
557,3,0,2,7,107,-0.14,16,1.2987077465395909,23,0,0,1,1,0
557,4,1,1,6,101,-0.01999999999999999,6,1.4581461597125096,25,0,1,0,1,0
557,5,4,8,13,107,0.14,1,5.305898336307738,13,0,0,1,1,0
557,6,1,1,6,87,-0.01999999999999999,9,1.1294776445975572,16,0,1,0,1,0
557,7,2,3,7,104,0.06,7,2.0523464382663534,19,0,0,1,0,1
557,8,0,3,8,97,-0.16,14,1.6068406445992245,22,0,1,0,0,0
557,9,2,4,10,108,0.0,1,3.346319798677938,13,0,0,1,0,0
557,10,2,5,10,114,0.0,6,3.050765444975864,30,0,1,0,0,0
557,11,1,2,6,48,-0.01999999999999999,3,1.74201479313338,7,0,0,1,0,0
557,12,5,6,13,62,0.24,2,4.7660689258870255,11,0,0,0,0,1
558,1,1,4,7,93,-0.04000000000000001,5,2.212186820260459,13,0,0,1,1,0
558,2,1,1,7,86,-0.04000000000000001,3,1.6215211010061672,13,0,0,0,1,0
558,3,0,2,7,107,-0.14,17,1.2117371738858602,19,0,0,1,1,0
558,4,1,1,6,101,-0.01999999999999999,7,1.3604984734944703,12,0,0,0,1,0
558,5,3,7,13,107,0.03999999999999998,2,4.950578197515378,14,0,0,1,1,0
558,6,1,1,5,87,0.0,10,1.0538399056128058,16,0,1,0,1,0
558,7,3,4,7,105,0.15999999999999998,1,2.9149069369655676,9,0,0,1,0,1
558,8,0,2,8,97,-0.16,15,1.4992353335533464,19,0,1,0,0,0
558,9,2,4,10,108,0.0,2,3.1222267723993236,16,0,0,1,0,1
558,10,2,5,10,114,0.0,7,2.8464648096029497,20,0,0,0,0,0
558,11,1,2,6,48,-0.01999999999999999,4,1.6253572737386104,8,0,1,1,0,0
558,12,5,7,14,63,0.21999999999999997,1,5.44689954779099,9,0,0,0,0,0
559,1,1,3,7,93,-0.04000000000000001,6,2.064043286745914,19,0,0,1,1,0
559,2,1,1,7,86,-0.04000000000000001,4,1.5129326837118418,17,0,0,0,1,0
559,3,0,2,7,107,-0.14,18,1.1305907603070808,25,0,0,1,1,1
559,4,1,1,6,101,-0.01999999999999999,8,1.2693899607058055,23,0,0,0,1,1
559,5,3,7,13,107,0.03999999999999998,3,4.619052785464669,20,0,0,1,1,0
559,6,0,1,4,87,-0.08,11,0.9832673997347829,17,0,1,0,1,0
559,7,4,5,8,106,0.24000000000000002,1,3.7197043394483758,13,0,0,1,0,0
559,8,0,2,7,97,-0.14,16,1.3988360282829622,24,0,1,0,0,0
559,9,3,5,11,109,0.07999999999999999,1,3.9131405857080517,13,0,0,1,0,0
559,10,2,4,10,114,0.0,8,2.655845576608089,26,0,1,0,0,0
559,11,1,2,6,48,-0.01999999999999999,5,1.5165119594324452,5,0,0,1,0,0
559,12,4,7,14,63,0.12,2,5.08213697967591,13,0,0,0,0,0
560,1,1,2,7,93,-0.04000000000000001,7,1.9258204824940044,20,0,0,1,1,0
560,2,1,1,7,86,-0.04000000000000001,5,1.4116161078774703,17,0,1,0,1,0
560,3,1,3,8,108,-0.06,1,2.054878479293189,11,0,1,1,1,1
560,4,2,2,7,102,0.06,1,2.184382712464128,11,0,1,0,1,0
560,5,3,7,13,107,0.03999999999999998,4,4.309728638488523,21,0,1,1,1,0
560,6,0,1,4,87,-0.08,12,0.9174209234551624,16,0,0,0,1,0
560,7,3,5,7,106,0.15999999999999998,2,3.470606867467962,21,0,0,1,0,0
560,8,0,2,7,97,-0.14,17,1.3051601641383184,20,0,0,0,0,0
560,9,3,5,11,109,0.07999999999999999,2,3.6510892669872783,27,0,0,1,0,0
560,10,1,3,10,114,-0.1,9,2.4779915434024424,28,0,0,0,0,0
560,11,1,2,6,48,-0.01999999999999999,6,1.4149556902106,8,0,0,1,0,0
560,12,4,7,13,63,0.14,3,4.74180146954685,10,0,0,0,0,1
561,1,1,2,7,93,-0.04000000000000001,8,1.7968540459442388,16,0,0,1,1,0
561,2,1,1,7,86,-0.04000000000000001,6,1.3170844000344608,16,0,1,0,1,0
561,3,2,3,9,109,0.020000000000000018,1,2.91726941477953,7,0,0,1,1,0
561,4,2,2,7,102,0.06,2,2.038101136871691,15,0,1,0,1,0
561,5,3,7,13,107,0.03999999999999998,5,4.0211190042807985,18,0,0,1,1,0
561,6,0,1,4,87,-0.08,13,0.8559839887098305,14,0,0,0,1,1
561,7,2,5,7,106,0.06,3,3.2381907080018206,22,0,0,1,0,0
561,8,0,2,6,97,-0.12,18,1.2177574923806458,13,0,0,0,0,1
561,9,3,5,11,109,0.07999999999999999,3,3.4065867411450697,16,0,0,1,0,0
561,10,1,3,9,114,-0.07999999999999999,10,2.3120478627436913,20,0,0,0,0,0
561,11,1,2,6,48,-0.01999999999999999,7,1.3202003405292242,9,0,1,1,0,0
561,12,4,7,14,64,0.12,1,5.424257210404927,7,0,0,0,0,0
562,1,1,2,7,93,-0.04000000000000001,9,1.6765241058423692,14,0,0,1,1,0
562,2,1,1,7,86,-0.04000000000000001,7,1.228883197870614,20,0,0,0,1,0
562,3,2,2,9,109,0.020000000000000018,2,2.721908609190576,15,0,0,1,1,0
562,4,1,2,7,102,-0.04000000000000001,3,1.901615600789962,21,0,0,0,1,0
562,5,3,6,12,107,0.06,6,3.7518366938896217,20,0,1,1,1,1
562,6,1,2,5,88,0.0,1,1.7986613016935418,12,0,0,0,1,0
562,7,2,5,7,106,0.06,4,3.021338763453631,23,0,1,1,0,0
562,8,1,3,7,98,-0.04000000000000001,1,2.1362079160822747,12,0,0,0,0,0
562,9,3,5,10,109,0.09999999999999998,4,3.1784578180202083,18,0,1,1,0,0
562,10,0,3,9,114,-0.18,11,2.157216933952028,12,0,0,0,0,1
562,11,1,2,6,48,-0.01999999999999999,8,1.2317904731518938,7,0,0,1,0,0
562,12,4,7,14,64,0.12,2,5.061010931889207,12,0,0,0,0,0
563,1,1,2,7,93,-0.04000000000000001,10,1.5642523018576768,21,0,0,1,1,0
563,2,1,1,6,86,-0.01999999999999999,8,1.1465885663585376,14,0,0,0,1,0
563,3,2,2,9,109,0.020000000000000018,3,2.539630532322874,24,0,0,1,1,0
563,4,1,2,7,102,-0.04000000000000001,4,1.7742700927581216,25,0,1,0,1,0
563,5,3,6,13,108,0.03999999999999998,1,4.500587414257399,18,0,0,1,1,0
563,6,1,2,5,88,0.0,2,1.6782103350806135,12,0,1,0,1,1
563,7,2,5,7,106,0.06,5,2.81900874491126,20,0,0,1,0,0
563,8,1,2,7,98,-0.04000000000000001,2,1.993152462486854,20,0,0,0,0,0
563,9,2,5,10,109,0.0,5,2.9656060064209484,26,0,1,1,0,0
563,10,1,4,10,115,-0.1,1,3.0127545692791204,18,0,0,0,0,1
563,11,1,2,5,48,0.0,9,1.149301150111451,11,0,1,1,0,0
563,12,4,7,14,64,0.12,3,4.7220901699810724,14,0,0,0,0,0
564,1,0,2,7,93,-0.14,11,1.4594990047206053,17,0,0,1,1,0
564,2,1,1,5,86,0.0,9,1.0698049601314055,20,0,0,0,1,0
564,3,2,2,9,109,0.020000000000000018,4,2.369559072971426,20,0,0,1,1,0
564,4,1,2,7,102,-0.04000000000000001,5,1.655452532440399,24,0,0,0,1,0
564,5,3,6,13,108,0.03999999999999998,2,4.199196538797486,26,0,1,1,1,0
564,6,2,3,5,89,0.1,1,2.565825609368253,5,0,0,0,1,1
564,7,2,5,7,106,0.06,6,2.6302281624329735,22,0,1,1,0,0
564,8,1,1,7,98,-0.04000000000000001,3,1.8596770046630637,20,0,0,0,0,0
564,9,2,5,10,109,0.0,6,2.767008243890462,21,0,1,1,0,0
564,10,2,5,11,116,-0.01999999999999999,1,3.8109994085406833,5,0,0,0,0,0
564,11,1,1,5,48,0.0,10,1.0723358902651805,11,0,1,1,0,1
564,12,3,7,14,64,0.019999999999999962,4,4.405865917603991,14,0,0,0,0,0
565,1,0,1,7,93,-0.14,12,1.3617607225194595,13,0,0,1,1,0
565,2,1,1,5,86,0.0,10,0.9981633223123202,18,0,0,0,1,0
565,3,2,2,9,109,0.020000000000000018,5,2.210876790477714,10,0,0,1,1,0
565,4,1,2,7,102,-0.04000000000000001,6,1.5445918286900493,14,0,0,0,1,0
565,5,2,6,13,108,-0.06,3,3.917988908645226,12,0,1,1,1,0
565,6,3,4,6,90,0.18,1,3.393999944070613,5,0,0,0,1,1
565,7,2,4,6,106,0.08000000000000002,7,2.454089650819197,11,0,1,1,0,0
565,8,1,1,6,98,-0.01999999999999999,4,1.7351399989529876,15,0,0,0,0,0
565,9,2,5,10,109,0.0,7,2.581709979404126,11,0,0,1,0,0
565,10,2,5,11,116,-0.01999999999999999,2,3.5557881788957175,12,0,1,0,0,0
565,11,1,2,6,49,-0.01999999999999999,1,2.000524763626407,5,0,0,1,0,1
565,12,3,7,14,64,0.019999999999999962,5,4.110818257412113,13,0,1,0,0,0
566,1,0,1,7,93,-0.14,13,1.2705676806896555,13,0,0,1,1,0
566,2,0,1,5,86,-0.1,11,0.9313193106593826,18,0,0,0,1,1
566,3,2,2,9,109,0.020000000000000018,6,2.0628209857387168,10,0,0,1,1,0
566,4,1,2,6,102,-0.01999999999999999,7,1.4411551346259845,14,0,0,0,1,1
566,5,2,6,13,108,-0.06,4,3.6556129122412866,12,0,1,1,1,0
566,6,4,5,7,91,0.26,1,4.1667139210919615,6,0,0,0,1,0
566,7,2,4,6,106,0.08000000000000002,8,2.2897466084033544,11,0,1,1,0,0
566,8,1,1,6,98,-0.01999999999999999,5,1.618942863958279,15,0,0,0,0,0
566,9,2,4,9,109,0.020000000000000018,8,2.408820585363861,11,0,0,1,0,0
566,10,2,4,11,116,-0.01999999999999999,3,3.317667681826288,12,0,1,0,0,0
566,11,2,3,7,50,0.06,1,2.866555604849811,6,0,0,1,0,0
566,12,2,7,14,64,-0.08000000000000002,6,3.8355290563773496,13,0,1,0,0,0
567,1,0,1,7,93,-0.14,14,1.1854815640638523,17,0,1,1,1,0
567,2,1,2,6,87,-0.01999999999999999,1,1.868951642500521,6,0,0,0,1,0
567,3,2,2,8,109,0.04000000000000001,7,1.9246800353287008,23,0,1,1,1,0
567,4,2,3,7,103,0.06,1,2.3446452865287126,6,0,0,0,1,0
567,5,1,5,13,108,-0.16,5,3.410807451409068,17,0,1,1,1,0
567,6,4,5,7,91,0.26,2,3.8876815546744936,22,0,0,0,1,0
567,7,2,4,6,106,0.08000000000000002,9,2.1364091278998405,17,0,0,1,0,1
567,8,1,1,6,98,-0.01999999999999999,6,1.5105271034861596,19,0,0,0,0,1
567,9,1,3,8,109,-0.06,9,2.2475090768374866,23,0,0,1,0,0
567,10,2,4,11,116,-0.01999999999999999,4,3.0954934020993665,22,0,0,0,0,0
567,11,2,3,7,50,0.06,2,2.6745909513996216,10,0,0,1,0,0
567,12,2,7,14,64,-0.08000000000000002,7,3.5786751495981064,8,0,0,0,0,0
568,1,0,1,7,93,-0.14,15,1.1060934101302295,16,0,0,1,1,0
568,2,1,2,6,87,-0.01999999999999999,2,1.743793542039891,16,0,0,0,1,0
568,3,2,2,8,109,0.04000000000000001,8,1.7957899711139058,21,0,0,1,1,0
568,4,2,3,7,103,0.06,2,2.1876314057825597,20,0,0,0,1,1
568,5,1,4,12,108,-0.13999999999999999,6,3.1823958799442367,19,0,0,1,1,0
568,6,4,5,7,91,0.26,3,3.627335151100409,21,0,1,0,1,0
568,7,2,5,7,107,0.06,1,2.99334019975093,15,0,1,1,0,0
568,8,2,2,7,99,0.06,1,2.4093716221631203,15,0,1,0,0,1
568,9,1,3,8,109,-0.06,10,2.0970001174678083,23,0,1,1,0,0
568,10,2,4,11,116,-0.01999999999999999,5,2.8881974692432215,21,0,0,0,0,0
568,11,2,3,7,50,0.06,3,2.495481596521665,5,0,0,1,0,0
568,12,1,6,13,64,-0.16,8,3.339021980567953,14,0,0,0,0,0
569,1,0,1,7,93,-0.14,16,1.032021643372957,15,0,0,1,1,0
569,2,1,2,6,87,-0.01999999999999999,3,1.627016905152045,13,0,0,0,1,0
569,3,2,2,8,109,0.04000000000000001,9,1.6755312889202045,19,0,1,1,1,0
569,4,3,4,7,104,0.15999999999999998,1,3.041132274917173,13,0,0,0,1,0
569,5,1,4,12,108,-0.13999999999999999,7,2.9692803481187817,22,0,1,1,1,0
569,6,4,4,7,91,0.26,4,3.384423367337832,21,0,0,0,1,1
569,7,1,5,7,107,-0.04000000000000001,2,2.792885161260995,23,0,1,1,0,0
569,8,3,3,8,100,0.13999999999999999,1,3.2480232123507466,13,0,0,0,0,0
569,9,0,3,8,109,-0.16,11,1.9565702928540258,25,0,1,1,0,0
569,10,2,4,11,116,-0.01999999999999999,6,2.6947835248770393,23,0,0,0,0,0
569,11,2,3,6,50,0.08000000000000002,4,2.3283666593276573,8,0,0,1,0,1
569,12,1,5,13,64,-0.16,9,3.1154176673364726,9,0,0,0,0,0
570,1,0,1,7,93,-0.14,17,0.9629102412470022,13,0,0,1,1,0
570,2,1,2,6,87,-0.01999999999999999,4,1.5180604502949704,18,0,0,0,1,0
570,3,1,2,7,109,-0.04000000000000001,10,1.5633259709147411,10,0,0,1,1,1
570,4,2,4,7,104,0.06,2,2.8374767441251065,14,0,0,0,1,0
570,5,1,4,12,108,-0.13999999999999999,8,2.7704365259167196,12,0,1,1,1,1
570,6,5,5,8,92,0.33999999999999997,1,4.1577786590542924,7,0,0,0,1,0
570,7,1,4,7,107,-0.04000000000000001,3,2.605853997030105,11,0,1,1,0,0
570,8,3,3,8,100,0.13999999999999999,2,3.030512814400608,15,0,0,0,0,0
570,9,0,3,7,109,-0.14,12,1.8255446334936392,11,0,0,1,0,0
570,10,2,3,11,116,-0.01999999999999999,7,2.514321933760127,12,0,1,0,0,0
570,11,3,4,7,51,0.15999999999999998,1,3.1724429095470468,7,0,0,1,0,0
570,12,1,5,13,64,-0.16,10,2.9067874660415716,13,0,1,0,0,0
571,1,0,1,7,93,-0.14,18,0.8984270229721194,23,0,0,1,1,1
571,2,1,2,6,87,-0.01999999999999999,5,1.416400483272429,19,0,1,0,1,0
571,3,1,3,8,110,-0.06,1,2.458634707389765,12,0,0,1,1,0
571,4,2,4,7,104,0.06,3,2.647459414987168,21,0,1,0,1,0
571,5,2,5,12,109,-0.03999999999999998,1,3.5849086796389167,12,0,0,1,1,0
571,6,5,5,8,92,0.33999999999999997,2,3.879344660405322,15,0,1,0,1,1
571,7,1,3,7,107,-0.04000000000000001,4,2.4313477503571455,20,0,0,1,0,0
571,8,3,3,8,100,0.13999999999999999,3,2.827568437110829,20,0,0,0,0,0
571,9,0,3,6,109,-0.12,13,1.7032933705725348,25,0,0,1,0,0
571,10,2,3,11,116,-0.01999999999999999,8,2.3459453155428216,31,0,0,0,0,0
571,11,3,4,7,51,0.15999999999999998,2,2.9599938983744143,7,0,0,1,0,0
571,12,0,4,13,64,-0.26,11,2.7121286052024636,14,0,0,0,0,0
572,1,1,2,7,94,-0.04000000000000001,1,1.8382620529211846,8,0,0,1,1,1
572,2,1,2,6,87,-0.01999999999999999,6,1.3215483801218542,22,0,1,0,1,0
572,3,1,3,8,110,-0.06,2,2.2939872961320957,19,0,0,1,1,0
572,4,2,3,7,104,0.06,4,2.4701669779377635,17,0,0,0,1,1
572,5,2,5,12,109,-0.03999999999999998,2,3.344838069749765,19,0,1,1,1,0
572,6,5,6,9,93,0.32,1,4.619556553700318,8,0,0,0,1,0
572,7,1,3,7,107,-0.04000000000000001,5,2.268527664982014,18,0,1,1,0,0
572,8,2,3,8,100,0.04000000000000001,4,2.638214637652572,19,0,0,0,0,0
572,9,0,3,6,109,-0.12,14,1.5892289090101042,18,0,0,1,0,0
572,10,2,2,11,116,-0.01999999999999999,9,2.1888443757426783,15,0,0,0,0,0
572,11,3,4,7,51,0.15999999999999998,3,2.7617719619309766,13,0,0,1,0,0
572,12,0,4,12,64,-0.24,12,2.5305054659446036,11,0,0,0,0,0
573,1,2,3,8,95,0.04000000000000001,1,2.715159142465646,9,0,0,1,1,1
573,2,1,2,5,87,0.0,7,1.2330482385657155,15,0,1,0,1,0
573,3,1,3,8,110,-0.06,3,2.1403658294575614,23,0,1,1,1,0
573,4,3,4,8,105,0.13999999999999999,1,3.3047472850207065,9,0,0,0,1,0
573,5,1,4,12,109,-0.13999999999999999,3,3.1208442704248234,21,0,1,1,1,0
573,6,5,6,9,93,0.32,2,4.310198670872472,17,0,0,0,1,0
573,7,1,3,7,107,-0.04000000000000001,6,2.116611153642177,17,0,0,1,0,0
573,8,2,3,8,100,0.04000000000000001,5,2.4615412956851737,20,0,0,0,0,0
573,9,0,2,6,109,-0.12,15,1.4828030032104742,25,0,0,1,0,0
573,10,1,2,10,116,-0.1,10,2.042264015907707,25,0,0,0,0,0
573,11,3,4,7,51,0.15999999999999998,4,2.576824355582937,11,0,0,1,0,1
573,12,0,4,12,64,-0.24,13,2.3610450849905362,8,0,0,0,0,0
574,1,3,3,9,96,0.12,1,3.533333057193234,7,0,0,1,1,0
574,2,1,2,4,87,0.020000000000000004,8,1.1504746867381606,14,0,1,0,1,0
574,3,1,3,7,110,-0.04000000000000001,4,1.9970319328419486,15,0,0,1,1,0
574,4,3,4,8,105,0.13999999999999999,2,3.083438245616012,14,0,0,0,1,0
574,5,1,4,12,109,-0.13999999999999999,4,2.911850665754978,15,0,0,1,1,0
574,6,4,6,9,93,0.22000000000000003,3,4.021557560002114,15,0,0,0,1,1
574,7,1,3,7,107,-0.04000000000000001,7,1.9748680366029334,11,0,0,1,0,0
574,8,2,3,8,100,0.04000000000000001,6,2.2966992389045267,10,0,0,0,0,0
574,9,0,2,6,109,-0.12,16,1.383504121945231,13,0,0,1,0,0
574,10,0,2,10,116,-0.2,11,1.9054997042703419,17,0,1,0,0,0
574,11,4,5,8,52,0.24000000000000002,1,3.4042621371544537,7,0,0,1,0,0
574,12,0,3,12,64,-0.24,14,2.2029329588019957,10,0,1,0,0,1
575,1,3,3,9,96,0.12,2,3.2967163124488965,12,0,0,1,1,0
575,2,1,2,4,87,0.020000000000000004,9,1.0734308386546774,17,0,0,0,1,0
575,3,1,3,7,110,-0.04000000000000001,5,1.863296678494056,14,0,0,1,1,0
575,4,3,4,8,105,0.13999999999999999,3,2.876949610526113,13,0,0,0,1,0
575,5,1,3,12,109,-0.13999999999999999,5,2.7168527375778115,15,0,1,1,1,0
575,6,4,7,10,94,0.2,1,4.752245880846235,8,0,0,0,1,1
575,7,1,3,7,107,-0.04000000000000001,8,1.8426170320820563,18,0,1,1,0,0
575,8,2,3,8,100,0.04000000000000001,7,2.142896161535399,17,0,0,0,0,0
575,9,0,2,6,109,-0.12,17,1.290854989702063,12,0,0,1,0,1
575,10,0,2,10,116,-0.2,12,1.777894089447859,12,0,0,0,0,0
575,11,3,4,7,52,0.15999999999999998,2,3.176288885804705,13,0,1,1,0,0
575,12,1,4,12,65,-0.13999999999999999,1,3.0554091287060565,8,0,0,0,0,0
576,1,3,3,9,96,0.12,3,3.0759450832523862,18,0,0,1,1,0
576,2,1,1,4,87,0.020000000000000004,10,1.0015463865978376,21,0,0,0,1,0
576,3,1,3,6,110,-0.01999999999999999,6,1.7385172740559058,19,0,0,1,1,0
576,4,3,4,8,105,0.13999999999999999,4,2.684288901609832,24,0,0,0,1,0
576,5,1,3,12,109,-0.13999999999999999,6,2.5349132373071903,21,0,1,1,1,0
576,6,4,8,11,95,0.18000000000000002,1,5.434002190724433,9,0,0,0,1,0
576,7,1,3,7,107,-0.04000000000000001,9,1.7192224817001944,22,0,1,1,0,1
576,8,2,3,8,100,0.04000000000000001,8,1.999392816150115,22,0,1,0,0,0
576,9,1,3,7,110,-0.04000000000000001,1,2.2044102926819304,9,0,0,1,0,0
576,10,0,2,9,116,-0.18,13,1.6588338409131442,18,0,1,0,0,1
576,11,2,4,7,52,0.06,3,2.9635823211074768,10,0,0,1,0,0
576,12,1,3,12,65,-0.13999999999999999,2,2.8507975197254822,12,0,0,0,0,0
577,1,3,3,9,96,0.12,4,2.869958242829908,19,0,0,1,1,0
577,2,0,1,4,87,-0.08,11,0.9344758212502602,16,0,0,0,1,0
577,3,1,3,6,110,-0.01999999999999999,7,1.6220939730507975,26,0,0,1,1,0
577,4,2,4,8,105,0.04000000000000001,5,2.5045301040180727,23,0,0,0,1,1
577,5,1,2,12,109,-0.13999999999999999,7,2.365157681090981,25,0,0,1,1,0
577,6,4,8,11,95,0.18000000000000002,2,5.070103320029183,14,0,1,0,1,0
577,7,2,4,8,108,0.04000000000000001,1,2.6040912952180664,14,0,0,1,0,0
577,8,2,3,7,100,0.06,9,1.865499460509744,23,0,1,0,0,1
577,9,1,2,7,110,-0.04000000000000001,2,2.056787529955551,26,0,1,1,0,0
577,10,1,3,10,117,-0.1,1,2.5477467010496833,14,0,0,0,0,0
577,11,2,4,7,52,0.06,4,2.7651200787285046,9,0,1,1,0,0
577,12,1,3,11,65,-0.12,3,2.6598881380951775,16,0,0,0,0,0
578,1,3,3,9,96,0.12,5,2.6777657248933084,16,0,0,1,1,1
578,2,0,1,4,87,-0.08,12,0.8718967710199451,13,0,0,0,1,0
578,3,1,3,6,110,-0.01999999999999999,8,1.513467192229411,19,0,1,1,1,0
578,4,3,5,8,106,0.13999999999999999,1,3.3368092153459736,14,0,0,0,1,0
578,5,1,2,12,109,-0.13999999999999999,8,2.206770146644576,22,0,1,1,1,1
578,6,4,8,11,95,0.18000000000000002,3,4.730573668087528,21,0,0,0,1,0
578,7,1,3,8,108,-0.06,2,2.429703091412272,23,0,1,1,0,0
578,8,2,4,8,101,0.04000000000000001,1,2.7405725423497067,14,0,0,0,0,0
578,9,1,2,7,110,-0.04000000000000001,3,1.9190506220300285,25,0,1,1,0,0
578,10,1,3,9,117,-0.07999999999999999,2,2.377131726158418,23,0,0,0,0,0
578,11,2,4,7,52,0.06,5,2.5799482590145493,8,0,0,1,0,0
578,12,1,2,11,65,-0.12,4,2.4817633866402122,9,0,0,0,0,0
579,1,4,4,9,97,0.22000000000000003,1,3.498443764931931,12,0,0,1,1,0
579,2,0,1,4,87,-0.08,13,0.8135084525760221,16,0,1,0,1,0
579,3,1,3,6,110,-0.01999999999999999,9,1.4121148219586197,24,0,0,1,1,0
579,4,2,5,7,106,0.06,2,3.1133530843818407,19,0,1,0,1,0
579,5,2,3,13,110,-0.06,1,3.058989351557908,12,0,0,1,1,0
579,6,4,8,11,95,0.18000000000000002,4,4.413781301220955,16,0,1,0,1,0
579,7,1,2,8,108,-0.06,3,2.266993143926621,16,0,0,1,0,1
579,8,1,4,8,101,-0.06,2,2.5570445977121805,19,0,0,0,0,1
579,9,1,1,7,110,-0.04000000000000001,4,1.7905375427832486,23,0,0,1,0,0
579,10,1,3,9,117,-0.07999999999999999,3,2.2179423257346436,28,0,0,0,0,0
579,11,2,4,7,52,0.06,6,2.407176842118523,11,0,0,1,0,0
579,12,1,2,11,65,-0.12,5,2.3155671169234355,11,0,0,0,0,0
580,1,4,4,8,97,0.24000000000000002,2,3.264163451717731,16,0,0,1,1,0
580,2,0,1,4,87,-0.08,14,0.759030225147485,16,0,0,0,1,0
580,3,1,2,6,110,-0.01999999999999999,10,1.317549716725517,21,0,0,1,1,0
580,4,2,4,7,106,0.06,3,2.904861142031135,22,0,0,0,1,0
580,5,2,3,13,110,-0.06,2,2.854137985763314,19,0,0,1,1,0
580,6,3,8,11,95,0.07999999999999999,5,4.118203571467411,21,0,1,0,1,0
580,7,2,3,9,109,0.020000000000000018,1,3.1151793948712876,16,0,1,1,0,1
580,8,2,5,9,102,0.020000000000000018,1,3.385806970496428,16,0,1,0,0,0
580,9,1,1,7,110,-0.04000000000000001,5,1.6706306000020188,23,0,1,1,0,0
580,10,1,3,9,117,-0.07999999999999999,4,2.0694133632362988,22,0,0,0,0,0
580,11,1,4,6,52,-0.01999999999999999,7,2.245975410159971,5,0,0,1,0,1
580,12,1,2,11,65,-0.12,6,2.1605005142073335,14,0,0,0,0,0
581,1,4,4,8,97,0.24000000000000002,3,3.0455721902213058,16,0,0,1,1,0
581,2,0,1,4,87,-0.08,15,0.7082002416362144,14,0,0,0,1,0
581,3,0,1,6,110,-0.12,11,1.2293173536948823,16,0,0,1,1,0
581,4,2,4,7,106,0.06,4,2.7103312813483367,13,0,0,0,1,0
581,5,1,3,12,110,-0.13999999999999999,3,2.6630049031155827,11,0,0,1,1,0
581,6,3,8,11,95,0.07999999999999999,6,3.8424197980438026,16,0,1,0,1,0
581,7,3,4,10,110,0.09999999999999998,1,3.9065651499705787,3,0,0,1,0,0
581,8,2,5,9,102,0.020000000000000018,2,3.1590696064484574,19,0,1,0,0,1
581,9,1,1,7,110,-0.04000000000000001,6,1.558753466472815,16,0,0,1,0,1
581,10,1,3,8,117,-0.06,5,1.9308309410266098,21,0,1,0,0,0
581,11,2,5,7,53,0.06,1,3.095569155859666,3,0,0,1,0,0
581,12,1,1,11,65,-0.12,7,2.015818257987679,15,0,1,0,0,0
582,1,3,4,8,97,0.13999999999999999,4,2.8416193315834914,17,0,0,1,1,0
582,2,0,1,4,87,-0.08,16,0.660774190060927,15,0,0,0,1,0
582,3,0,1,5,110,-0.1,12,1.1469936480660476,20,0,0,1,1,0
582,4,2,4,7,106,0.06,5,2.528828503492227,29,0,0,0,1,1
582,5,1,3,12,110,-0.13999999999999999,4,2.484671431231118,25,0,0,1,1,0
582,6,2,7,11,95,-0.01999999999999999,7,3.5851044389090645,21,0,0,0,1,0
582,7,3,4,9,110,0.12,2,3.644954168510486,29,0,1,1,0,0
582,8,3,5,10,103,0.09999999999999998,1,3.947516165377609,11,0,1,0,0,0
582,9,2,2,8,111,0.04000000000000001,1,2.454368409891499,11,0,1,1,0,0
582,10,1,3,8,117,-0.06,6,1.8015289690578866,21,0,1,0,0,0
582,11,2,5,7,53,0.06,2,2.8882681500008136,6,0,0,1,0,0
582,12,1,1,11,65,-0.12,8,1.88082493964476,9,0,0,0,0,1
583,1,2,4,8,97,0.04000000000000001,5,2.6513245857561683,13,0,0,1,1,1
583,2,0,1,4,87,-0.08,17,0.6165241192828577,10,0,0,0,1,0
583,3,0,1,5,110,-0.1,13,1.0701829147287805,18,0,1,1,1,0
583,4,2,5,8,107,0.04000000000000001,1,3.3594804236969003,5,0,0,0,1,0
583,5,1,2,12,110,-0.13999999999999999,5,2.318280418467611,17,0,1,1,1,0
583,6,2,7,10,95,0.0,8,3.345020719607212,17,0,0,0,1,0
583,7,3,4,9,110,0.12,3,3.400862491859895,17,0,0,1,0,0
583,8,3,5,10,103,0.09999999999999998,2,3.6831628169221773,19,0,0,0,0,0
583,9,2,2,8,111,0.04000000000000001,2,2.2900066998145023,19,0,0,1,0,1
583,10,1,2,8,117,-0.06,7,1.6808859633403006,22,0,0,0,0,0
583,11,2,5,7,53,0.06,3,2.6948494723557395,11,0,1,1,0,0
583,12,2,2,11,66,-0.01999999999999999,1,2.754871719993786,5,0,0,0,0,0
584,1,2,5,9,98,0.020000000000000018,1,3.4737733097831645,11,0,0,1,1,1
584,2,0,1,4,87,-0.08,18,0.5752373433690802,17,0,1,0,1,0
584,3,0,1,5,110,-0.1,14,0.9985159664209741,24,0,0,1,1,0
584,4,2,5,7,107,0.06,2,3.13450606973126,24,0,0,0,1,0
584,5,1,2,11,110,-0.12,6,2.1630321140640367,25,0,0,1,1,0
584,6,2,6,10,95,0.0,9,3.1210146887677213,17,0,0,0,1,0
584,7,3,4,9,110,0.12,4,3.1731169045853593,22,0,0,1,0,0
584,8,3,5,10,103,0.09999999999999998,3,3.4365124213900335,18,0,1,0,0,0
584,9,3,3,9,112,0.12,1,3.1366518017672567,11,0,0,1,0,0
584,10,1,1,8,117,-0.06,8,1.568322058807629,23,0,1,0,0,0
584,11,1,5,7,53,-0.04000000000000001,4,2.5143834649334624,10,0,0,1,0,0
584,12,2,2,11,66,-0.01999999999999999,2,2.570386202205952,8,0,0,0,0,1
585,1,3,6,10,99,0.09999999999999998,1,4.241145103147703,5,0,0,1,1,0
585,2,0,1,3,87,-0.06,19,0.5367154193273386,13,0,1,0,1,0
585,3,0,1,5,110,-0.1,15,0.9316483392470277,19,0,0,1,1,0
585,4,2,5,7,107,0.06,3,2.924597575231638,14,0,0,0,1,0
585,5,1,2,11,110,-0.12,7,2.018180324175353,19,0,0,1,1,0
585,6,1,5,9,95,-0.07999999999999999,10,2.9120096716912647,16,0,0,0,1,0
585,7,3,4,9,110,0.12,5,2.9606227579812923,18,0,0,1,0,0
585,8,3,5,10,103,0.09999999999999998,4,3.2063794649829407,12,0,0,0,0,0
585,9,3,3,9,112,0.12,2,2.9265996140122206,15,0,0,1,0,0
585,10,1,1,8,117,-0.06,9,1.4632962222224468,17,0,0,0,0,1
585,11,1,4,7,53,-0.04000000000000001,5,2.346002726157552,13,0,1,1,0,1
585,12,2,3,12,67,-0.03999999999999998,1,3.3982551276491524,5,0,0,0,0,0
586,1,3,6,10,99,0.09999999999999998,2,3.9571283031315834,17,0,0,1,1,1
586,2,0,1,3,87,-0.06,20,0.5007731932989188,12,0,0,0,1,1
586,3,0,1,5,110,-0.1,16,0.8692586370279527,16,0,0,1,1,0
586,4,2,5,7,107,0.06,4,2.7287460246596686,20,0,0,0,1,0
586,5,1,2,11,110,-0.12,8,1.8830288253260532,22,0,0,1,1,0
586,6,0,4,9,95,-0.18,11,2.717001095362217,12,0,0,0,1,0
586,7,3,4,9,110,0.12,6,2.7623587086912385,17,0,0,1,0,0
586,8,3,5,10,103,0.09999999999999998,5,2.991657824215221,11,0,0,0,0,0
586,9,2,3,8,112,0.04000000000000001,3,2.730613992892288,16,0,1,1,0,0
586,10,2,2,9,118,0.020000000000000018,1,2.3653036517247186,8,0,1,0,0,0
586,11,2,4,8,54,0.04000000000000001,1,3.188897941740286,8,0,1,1,0,0
586,12,2,3,11,67,-0.01999999999999999,2,3.170684147755784,13,0,1,0,0,0
587,1,4,7,11,100,0.18000000000000002,1,4.692131258565832,10,0,1,1,1,0
587,2,1,1,3,88,0.04000000000000001,1,1.46723791062513,10,0,1,0,1,0
587,3,0,1,5,110,-0.1,17,0.8110469865253985,24,0,1,1,1,1
587,4,2,4,7,107,0.06,5,2.5460100665323813,15,0,0,0,1,0
587,5,1,2,11,110,-0.12,9,1.7569280180440079,19,0,0,1,1,0
587,6,0,4,9,95,-0.18,12,2.535051660014592,21,0,0,0,1,0
587,7,2,4,9,110,0.020000000000000018,7,2.5773718096679383,18,0,0,1,0,1
587,8,3,5,9,103,0.12,6,2.791315449382024,14,0,0,0,0,0
587,9,2,3,8,112,0.04000000000000001,4,2.547752942520558,19,0,0,1,0,0
587,10,1,2,9,118,-0.07999999999999999,2,2.206906342061649,17,0,0,0,0,0
587,11,2,4,8,54,0.04000000000000001,2,2.975346986287507,12,0,0,1,0,0
587,12,2,3,11,67,-0.01999999999999999,3,2.958352915598912,9,0,0,0,0,0
588,1,4,7,11,100,0.18000000000000002,2,4.377913264863043,21,0,0,1,1,0
588,2,1,1,3,88,0.04000000000000001,2,1.36898137704678,21,0,1,0,1,0
588,3,1,2,6,111,-0.01999999999999999,1,1.7567335961147053,14,0,0,1,1,0
588,4,1,4,7,107,-0.04000000000000001,6,2.375511388859534,19,0,1,0,1,0
588,5,1,2,10,110,-0.1,10,1.6392718045904346,19,0,0,1,1,0
588,6,0,4,9,95,-0.18,13,2.3652868340437645,16,0,1,0,1,0
588,7,3,4,10,111,0.09999999999999998,1,3.4047729298771117,14,0,0,1,0,0
588,8,2,4,8,103,0.04000000000000001,7,2.604389404059818,24,0,1,0,0,1
588,9,2,3,8,112,0.04000000000000001,5,2.37713754965666,25,0,0,1,0,0
588,10,1,2,9,118,-0.07999999999999999,3,2.0591164263753328,27,0,0,0,0,0
588,11,2,4,8,54,0.04000000000000001,3,2.776096899475857,6,0,0,1,0,0
588,12,2,3,11,67,-0.01999999999999999,4,2.760240870862889,16,0,0,0,0,1
589,1,3,7,10,100,0.09999999999999998,3,4.084737510203836,12,0,0,1,1,0
589,2,1,1,3,88,0.04000000000000001,3,1.2773047895841352,11,0,0,0,1,1
589,3,1,2,6,111,-0.01999999999999999,2,1.639090402516117,15,0,0,1,1,0
589,4,1,3,7,107,-0.04000000000000001,7,2.216430497577367,19,0,0,0,1,0
589,5,0,2,10,110,-0.2,11,1.529494675778954,19,0,0,1,1,0
589,6,0,4,9,95,-0.18,14,2.2068906506104775,20,0,0,0,1,0
589,7,3,4,10,111,0.09999999999999998,2,3.176765472266782,25,0,1,1,0,0
589,8,3,4,9,104,0.12,1,3.429981236796695,6,0,0,0,0,0
589,9,2,3,8,112,0.04000000000000001,6,2.2179477592506296,15,0,1,1,0,1
589,10,1,2,8,118,-0.06,4,1.921223559223557,15,0,0,0,0,0
589,11,2,4,8,54,0.04000000000000001,4,2.5901899949140144,9,0,1,1,0,0
589,12,3,4,12,68,0.06,1,3.5753957971033636,6,0,0,0,0,0
590,1,3,7,9,100,0.12,4,3.8111948587880957,21,0,1,1,1,0
590,2,2,2,4,89,0.12000000000000001,1,2.1917675089299777,9,0,0,0,1,0
590,3,1,2,6,111,-0.01999999999999999,3,1.5293254216588825,24,0,1,1,1,1
590,4,1,3,7,107,-0.04000000000000001,8,2.0680027776880254,21,0,0,0,1,0
590,5,0,2,10,110,-0.2,12,1.427068992881657,20,0,0,1,1,0
590,6,0,3,9,95,-0.18,15,2.0591017857337053,22,0,0,0,1,0
590,7,2,4,10,111,0.0,3,2.9640269919999147,22,0,0,1,0,0
590,8,2,4,9,104,0.020000000000000018,2,3.200285654283539,18,0,1,0,0,0
590,9,3,4,9,113,0.12,1,3.0694184328859735,9,0,0,1,0,0
590,10,1,2,7,118,-0.04000000000000001,5,1.792564964873348,20,0,1,0,0,0
590,11,2,3,8,54,0.04000000000000001,5,2.416732719603331,8,0,0,1,0,0
590,12,3,4,12,68,0.06,2,3.3359622364994794,8,0,0,0,0,1
591,1,3,7,9,100,0.12,5,3.5559705404247572,17,0,0,1,1,0
591,2,2,2,4,89,0.12000000000000001,2,2.0449913956101136,16,0,1,0,1,1
591,3,2,2,6,112,0.08000000000000002,1,2.4269110732036765,8,0,0,1,1,0
591,4,1,3,7,107,-0.04000000000000001,9,1.9295148181726856,16,0,1,0,1,1
591,5,0,1,10,110,-0.2,13,1.3315024515577913,19,0,0,1,1,0
591,6,0,3,9,95,-0.18,16,1.9212098990219013,15,0,0,0,1,0
591,7,1,4,10,111,-0.1,4,2.765534971341525,23,0,0,1,0,0
591,8,2,4,9,104,0.020000000000000018,3,2.9859720977884994,14,0,0,0,0,0
591,9,3,4,9,113,0.12,2,2.863868662713819,16,0,0,1,0,0
591,10,1,2,7,118,-0.04000000000000001,6,1.672522251699852,20,0,0,0,0,0
591,11,1,3,8,54,-0.06,6,2.25489135911638,9,0,1,1,0,0
591,12,4,5,12,69,0.16000000000000003,1,4.112562825174928,8,0,0,0,0,0
592,1,3,6,9,100,0.12,6,3.317837831149269,19,0,1,1,1,0
592,2,3,3,5,90,0.19999999999999998,1,2.908044439513135,7,0,0,0,1,1
592,3,2,2,5,112,0.1,2,2.2643880988250302,23,0,1,1,1,1
592,4,2,4,8,108,0.04000000000000001,1,2.80030098301426,7,0,0,0,1,0
592,5,0,1,9,110,-0.18,14,1.242335715615559,17,0,1,1,1,0
592,6,0,2,9,95,-0.18,17,1.7925522194545322,22,0,0,0,1,0
592,7,1,4,10,111,-0.1,5,2.5803353675104423,17,0,0,1,0,0
592,8,1,4,9,104,-0.07999999999999999,4,2.78601047904504,21,0,0,0,0,0
592,9,2,4,9,113,0.020000000000000018,3,2.6720839457403907,24,0,0,1,0,0
592,10,1,2,7,118,-0.04000000000000001,7,1.56051843991539,22,0,0,0,0,0
592,11,1,3,8,54,-0.06,7,2.1038880303868535,10,0,0,1,0,0
592,12,4,5,12,69,0.16000000000000003,2,3.8371567956560275,9,0,0,0,0,0
593,1,3,5,9,100,0.12,7,3.0956521570311955,22,0,1,1,1,0
593,2,4,4,6,91,0.28,1,3.713301402920919,13,0,1,0,1,0
593,3,3,3,6,113,0.18,1,3.112748801847062,13,0,1,1,1,1
593,4,1,3,8,108,-0.06,2,2.6127732033852573,18,0,1,0,1,1
593,5,0,1,8,110,-0.16,15,1.1591402092338055,19,0,0,1,1,0
593,6,0,2,9,95,-0.18,18,1.672510359803606,20,0,0,0,1,0
593,7,1,4,10,111,-0.1,6,2.4075380271164954,23,0,0,1,0,0
593,8,1,4,8,104,-0.06,5,2.5994396917162876,15,0,0,0,0,0
593,9,2,4,9,113,0.020000000000000018,4,2.4931424775316327,21,0,0,1,0,0
593,10,1,2,7,118,-0.04000000000000001,8,1.456015188342608,20,0,0,0,0,0
593,11,1,3,8,54,-0.06,8,1.9629969428503276,8,0,0,1,0,0
593,12,3,5,12,69,0.06,3,3.5801938840467336,12,0,0,0,0,0
594,1,2,4,9,100,0.020000000000000018,8,2.888345592832187,21,0,0,1,1,0
594,2,4,4,6,91,0.28,2,3.464632716445129,20,0,1,0,1,0
594,3,4,4,7,114,0.26,1,3.904297326489977,12,0,1,1,1,1
594,4,2,4,9,109,0.020000000000000018,1,3.437803598161754,12,0,1,0,1,1
594,5,0,1,8,110,-0.16,16,1.0815160570320184,22,0,1,1,1,0
594,6,0,2,9,95,-0.18,19,1.5605073443838606,16,0,0,0,1,0
594,7,1,4,10,111,-0.1,7,2.246312407679127,22,0,0,1,0,0
594,8,1,4,7,104,-0.04000000000000001,6,2.4253629918815642,22,0,0,0,0,0
594,9,1,4,9,113,-0.07999999999999999,5,2.326184184138827,27,0,0,1,0,0
594,10,1,2,7,118,-0.04000000000000001,9,1.3585102069023316,28,0,0,0,0,0
594,11,1,2,7,54,-0.04000000000000001,9,1.8315409099652484,8,0,0,1,0,0
594,12,3,5,12,69,0.06,4,3.3404390099139056,13,0,0,0,0,0
595,1,1,4,8,100,-0.06,9,2.694921729072369,21,0,0,1,1,0
595,2,4,4,6,91,0.28,3,3.232616628001094,20,0,1,0,1,0
595,3,5,5,8,115,0.33999999999999997,1,4.642838214384103,13,0,1,1,1,0
595,4,3,5,10,110,0.09999999999999998,1,4.207584175508861,13,0,1,0,1,0
595,5,0,1,8,110,-0.16,17,1.0090901620876764,22,0,1,1,1,0
595,6,0,1,9,95,-0.18,20,1.4560048358456323,16,0,0,0,1,0
595,7,1,4,9,111,-0.07999999999999999,8,2.0958835856631044,22,0,0,1,0,0
595,8,1,4,7,104,-0.04000000000000001,7,2.262943687877917,22,0,0,0,0,0
595,9,1,4,9,113,-0.07999999999999999,6,2.1704065881926575,27,0,0,1,0,1
595,10,1,2,7,118,-0.04000000000000001,10,1.2675348423793695,28,0,0,0,0,0
595,11,1,2,7,54,-0.04000000000000001,10,1.7088880943469222,8,0,0,1,0,0
595,12,2,4,12,69,-0.03999999999999998,5,3.1167398024662223,13,0,0,0,0,1
596,1,1,4,8,100,-0.06,10,2.514450882833938,16,0,0,1,1,1
596,2,4,4,6,91,0.28,4,3.0161379629154874,13,0,0,0,1,0
596,3,5,5,8,115,0.33999999999999997,2,4.331921228388208,20,0,0,1,1,0
596,4,3,5,10,110,0.09999999999999998,2,3.9258148504179644,20,0,0,0,1,0
596,5,0,1,8,110,-0.16,18,0.9415144126630266,20,0,0,1,1,1
596,6,0,0,9,95,-0.18,21,1.3585005476811085,17,0,0,0,1,0
596,7,1,4,9,111,-0.07999999999999999,9,1.9555285318441369,22,0,0,1,0,0
596,8,1,4,7,104,-0.04000000000000001,8,2.1114011187800683,17,0,1,0,0,0
596,9,2,4,9,114,0.020000000000000018,1,3.025060951832591,5,0,0,1,0,0
596,10,0,2,6,118,-0.12,11,1.1826518258623588,20,0,1,0,0,0
596,11,0,2,7,54,-0.14,11,1.5944489708701428,9,0,1,1,0,0
596,12,3,5,13,70,0.03999999999999998,1,3.9080210617368976,5,0,0,0,0,0
597,1,1,5,9,101,-0.07999999999999999,1,3.3460656292829154,13,0,0,1,1,1
597,2,3,4,6,91,0.18,5,2.8141562264267694,17,0,1,0,1,0
597,3,5,5,8,115,0.33999999999999997,3,4.041825422824852,24,0,0,1,1,0
597,4,3,5,10,110,0.09999999999999998,3,3.6629147741050976,19,0,1,0,1,0
597,5,1,2,8,111,-0.06,1,1.878464009022004,13,0,0,1,1,0
597,6,0,0,9,95,-0.18,22,1.267525830007296,16,0,1,0,1,0
597,7,1,3,9,111,-0.07999999999999999,10,1.824572636102116,16,0,0,1,0,0
597,8,1,4,7,104,-0.04000000000000001,9,1.9700069021895292,19,0,0,0,0,0
597,9,2,4,8,114,0.04000000000000001,2,2.8224816694695445,24,0,0,1,0,1
597,10,0,1,6,118,-0.12,12,1.1034531710308242,28,0,0,0,0,0
597,11,0,2,7,54,-0.14,12,1.4876734931437532,11,0,0,1,0,0
597,12,3,5,13,70,0.03999999999999998,2,3.6463125822212277,12,0,0,0,0,0
598,1,2,6,10,102,0.0,1,4.121989623968329,12,0,0,1,1,0
598,2,3,4,6,91,0.18,6,2.6257006025949017,19,0,1,0,1,1
598,3,4,5,8,115,0.24000000000000002,4,3.771156465527793,24,0,0,1,1,0
598,4,3,4,10,110,0.09999999999999998,4,3.417620329427648,24,0,0,0,1,0
598,5,1,2,7,111,-0.04000000000000001,2,1.7526688938320247,26,0,0,1,1,0
598,6,0,0,9,95,-0.18,23,1.1826434170218822,17,0,0,0,1,0
598,7,0,3,9,111,-0.18,11,1.7023864649385558,22,0,0,1,0,0
598,8,1,3,7,104,-0.04000000000000001,10,1.8380814332980553,18,0,1,0,0,1
598,9,3,5,9,115,0.12,1,3.6334685156229716,12,0,0,1,0,0
598,10,0,1,6,118,-0.12,13,1.0295582131876664,23,0,1,0,0,0
598,11,0,2,7,54,-0.14,13,1.3880484497379282,10,0,0,1,0,0
598,12,3,5,12,70,0.06,3,3.402129936668173,10,0,0,0,0,0
599,1,2,5,10,102,0.0,2,3.8459523099348494,17,0,1,1,1,0
599,2,4,5,7,92,0.26,1,3.449865288119119,8,0,0,0,1,0
599,3,4,5,8,115,0.24000000000000002,5,3.51861339858477,21,0,1,1,1,0
599,4,3,4,10,110,0.09999999999999998,5,3.188752519902888,21,0,0,0,1,0
599,5,1,1,7,111,-0.04000000000000001,3,1.635297901185601,19,0,0,1,1,0
599,6,0,0,8,95,-0.16,24,1.1034453253052388,25,0,0,0,1,0
599,7,0,3,9,111,-0.18,12,1.588382736133391,25,0,1,1,0,0
599,8,1,4,8,105,-0.06,1,2.714990618398347,8,0,0,0,0,1
599,9,3,5,9,115,0.12,2,3.390145998786504,20,0,1,1,0,1
599,10,0,1,6,118,-0.12,14,0.9606117796117785,15,0,0,0,0,0
599,11,0,2,7,54,-0.14,14,1.295094997457007,8,0,0,1,0,0
599,12,2,5,11,70,-0.01999999999999999,4,3.174299472406435,10,0,0,0,0,0
600,1,2,5,10,102,0.0,3,3.588400389046407,19,0,0,1,1,0
600,2,3,5,7,92,0.15999999999999998,2,3.218838130172772,17,0,0,0,1,0
600,3,4,5,8,115,0.24000000000000002,6,3.2829823853430407,20,0,0,1,1,0
600,4,3,4,10,110,0.09999999999999998,6,2.9752113029155245,29,0,0,0,1,0
600,5,1,1,7,111,-0.04000000000000001,4,1.5257868927970637,25,0,0,1,1,0
600,6,0,0,8,95,-0.16,25,1.0295508928668526,21,0,0,0,1,1
600,7,0,2,8,111,-0.16,13,1.4820134959999574,29,0,1,1,0,0
600,8,2,4,9,106,0.020000000000000018,1,3.5331758186785764,12,0,1,0,0,0
600,9,3,6,10,116,0.09999999999999998,1,4.163118062994309,12,0,1,1,0,0
600,10,0,1,5,118,-0.1,15,0.896282482436674,21,0,1,0,0,0
600,11,0,2,7,54,-0.14,15,1.2083663598016652,6,0,0,1,0,0
600,12,2,5,11,70,-0.01999999999999999,5,2.9617261327730855,11,0,0,0,0,1
601,1,2,5,10,102,0.0,4,3.3480959498238128,13,0,0,1,1,0
601,2,3,5,7,92,0.15999999999999998,3,3.003282169867845,17,0,0,0,1,0
601,3,3,5,8,115,0.13999999999999999,7,3.0631308761592613,15,0,0,1,1,1
601,4,3,4,10,110,0.09999999999999998,7,2.7759703024133944,14,0,0,0,1,0
601,5,1,1,7,111,-0.04000000000000001,5,1.4236095090340943,15,0,1,1,1,0
601,6,1,1,9,96,-0.07999999999999999,1,1.9606049495109508,9,0,0,0,1,0
601,7,0,1,7,111,-0.14,14,1.3827674856707626,18,0,1,1,0,0
601,8,2,4,9,106,0.020000000000000018,2,3.296569603727181,18,0,0,0,0,0
601,9,3,6,10,116,0.09999999999999998,2,3.8843265004364995,14,0,0,1,0,1
601,10,0,1,5,118,-0.1,16,0.836261125849926,12,0,0,0,0,0
601,11,0,1,7,54,-0.14,16,1.1274456795581898,13,0,1,1,0,0
601,12,2,6,11,71,-0.01999999999999999,1,3.7633881937740115,9,0,0,0,0,0
602,1,2,5,10,102,0.0,5,3.1238839800163807,24,0,0,1,1,0
602,2,2,5,7,92,0.06,4,2.8021613473809497,22,0,1,0,1,0
602,3,4,6,9,116,0.22000000000000003,1,3.8580021648516376,13,0,0,1,1,0
602,4,2,4,9,110,0.020000000000000018,8,2.590071875678105,28,0,1,0,1,0
602,5,1,1,7,111,-0.04000000000000001,6,1.3282746389943267,25,0,0,1,1,1
602,6,1,1,9,96,-0.07999999999999999,2,1.8293091012640736,16,0,0,0,1,1
602,7,0,1,7,111,-0.14,15,1.2901676837552212,27,0,0,1,0,0
602,8,2,3,9,106,0.020000000000000018,3,3.0758081991748796,20,0,1,0,0,0
602,9,4,6,11,117,0.18000000000000002,1,4.624204774807965,13,0,0,1,0,0
602,10,0,1,4,118,-0.08,17,0.780259219957695,26,0,1,0,0,0
602,11,0,1,7,54,-0.14,17,1.0519440151934265,6,0,0,1,0,0
602,12,2,6,11,71,-0.01999999999999999,2,3.511365344751268,13,0,0,0,0,0
603,1,2,5,10,102,0.0,6,2.914686815088592,21,0,0,1,1,0
603,2,1,5,7,92,-0.04000000000000001,5,2.6145089847156586,20,0,0,0,1,0
603,3,3,6,9,116,0.12,2,3.599643301227003,19,0,0,1,1,0
603,4,2,3,9,110,0.020000000000000018,9,2.4166225104592924,19,0,1,0,1,1
603,5,2,2,7,112,0.06,1,2.2393240600033497,9,0,1,1,1,0
603,6,2,2,10,97,0.0,1,2.7068057431979273,9,0,1,0,1,0
603,7,0,1,7,111,-0.14,16,1.2037690135582477,16,0,1,1,0,0
603,8,2,3,9,106,0.020000000000000018,4,2.8698305254695784,24,0,0,0,0,1
603,9,4,6,10,117,0.2,2,4.314535614517864,22,0,0,1,0,0
603,10,0,1,4,118,-0.08,18,0.728007594171304,23,0,0,0,0,0
603,11,0,1,7,54,-0.14,18,0.9814984714251636,11,0,0,1,0,0
603,12,2,5,11,71,-0.01999999999999999,3,3.2762197119919487,16,0,0,0,0,0
604,1,2,4,9,102,0.020000000000000018,7,2.7194989584749982,16,0,0,1,1,0
604,2,1,5,7,92,-0.04000000000000001,6,2.439423139409112,15,0,0,0,1,0
604,3,2,6,9,116,0.020000000000000018,3,3.3585859578092596,21,0,1,1,1,1
604,4,2,4,10,111,0.0,1,3.2547885303490234,15,0,0,0,1,0
604,5,2,2,7,112,0.06,2,2.0893632267252746,22,0,1,1,1,1
604,6,2,2,10,97,0.0,2,2.5255390600849736,21,0,0,0,1,0
604,7,0,1,7,111,-0.14,17,1.1231562038395635,24,0,1,1,0,0
604,8,3,4,10,107,0.09999999999999998,1,3.6776465603825286,15,0,0,0,0,0
604,9,4,5,10,117,0.2,3,4.0256040715057,27,0,1,1,0,0
604,10,0,1,4,118,-0.08,19,0.6792551034511658,23,0,0,0,0,0
604,11,0,1,7,54,-0.14,19,0.915770454982624,8,0,0,1,0,0
604,12,2,5,10,71,0.0,4,3.0568210788117054,11,0,0,0,0,0
605,1,2,3,9,102,0.020000000000000018,8,2.53738224870716,25,0,0,1,1,0
605,2,1,5,7,92,-0.04000000000000001,7,2.276062269386994,20,0,1,0,1,0
605,3,2,7,10,117,0.0,1,4.133671503548287,13,0,0,1,1,0
605,4,1,4,10,111,-0.1,2,3.0368250792912383,23,0,1,0,1,1
605,5,3,3,7,113,0.15999999999999998,1,2.9494448218384797,13,0,0,1,1,0
605,6,2,2,10,97,0.0,3,2.35641126447414,16,0,1,0,1,1
605,7,0,1,7,111,-0.14,18,1.0479417928315522,21,0,0,1,0,0
605,8,3,4,10,107,0.09999999999999998,2,3.431365572048761,20,0,0,0,0,0
605,9,4,5,10,117,0.2,4,3.7560214095797155,26,0,0,1,0,0
605,10,0,1,4,118,-0.08,20,0.6337674211896848,31,0,0,0,0,0
605,11,0,1,6,54,-0.12,20,0.8544440471734609,7,0,0,1,0,0
605,12,2,4,10,71,0.0,5,2.8521149157564563,15,0,0,0,0,0
606,1,2,3,9,102,0.020000000000000018,9,2.367461350183633,17,0,0,1,1,0
606,2,1,5,6,92,-0.01999999999999999,8,2.1236411881302018,20,0,0,0,1,0
606,3,2,7,10,117,0.0,2,3.856851888986111,20,0,1,1,1,0
606,4,2,5,11,112,-0.01999999999999999,1,3.8334579885051063,10,0,0,0,1,0
606,5,3,3,7,113,0.15999999999999998,2,2.7519293254927026,19,0,1,1,1,0
606,6,3,3,11,98,0.07999999999999999,1,3.198609451383338,10,0,0,0,1,1
606,7,0,1,7,111,-0.14,19,0.9777642659220684,17,0,1,1,0,0
606,8,3,4,10,107,0.09999999999999998,3,3.201577284745064,27,0,0,0,0,0
606,9,3,5,10,117,0.09999999999999998,5,3.5044918920564583,24,0,0,1,0,0
606,10,0,0,4,118,-0.08,21,0.5913259129311794,20,0,0,0,0,1
606,11,0,0,6,54,-0.12,21,0.7972244854350712,12,0,0,1,0,0
606,12,1,4,9,71,-0.07999999999999999,6,2.661117312054996,14,0,0,0,0,0
607,1,1,2,9,102,-0.07999999999999999,10,2.208919545909604,18,0,0,1,1,0
607,2,1,4,6,92,-0.01999999999999999,9,1.9814272907119022,20,0,0,0,1,1
607,3,2,7,10,117,0.0,3,3.598570055895098,20,0,0,1,1,0
607,4,2,5,11,112,-0.01999999999999999,2,3.5767427749455916,25,0,0,0,1,0
607,5,2,3,6,113,0.08000000000000002,3,2.567640851062325,27,0,1,1,1,0
607,6,4,4,12,99,0.16000000000000003,1,3.984408145182102,6,0,0,0,1,0
607,7,0,1,7,111,-0.14,20,0.912286318051058,23,0,1,1,0,0
607,8,3,4,10,107,0.09999999999999998,4,2.9871772316219762,20,0,0,0,0,0
607,9,3,5,9,117,0.12,6,3.2698065538619234,22,0,1,1,0,1
607,10,1,1,5,119,0.0,1,1.551726585515412,6,0,0,0,0,0
607,11,0,0,6,54,-0.12,22,0.7438367465718764,15,0,1,1,0,0
607,12,1,4,9,71,-0.07999999999999999,7,2.482910246497061,16,0,0,0,0,0
608,1,0,2,9,102,-0.18,11,2.060994811984164,22,0,1,1,1,0
608,2,2,5,7,93,0.06,1,2.848737032565597,10,0,0,0,1,1
608,3,2,6,10,117,0.0,4,3.3575845845065793,26,0,1,1,1,0
608,4,2,5,11,112,-0.01999999999999999,3,3.337219011265147,22,0,0,0,1,0
608,5,2,3,6,113,0.08000000000000002,4,2.3956936244587954,20,0,0,1,1,0
608,6,4,4,12,99,0.16000000000000003,2,3.717584251202879,22,0,0,0,1,0
608,7,0,0,6,111,-0.12,21,0.8511932324692779,22,0,0,1,0,0
608,8,3,4,10,107,0.09999999999999998,5,2.787134908670891,20,0,1,0,0,0
608,9,3,6,10,118,0.09999999999999998,1,4.050837390696449,10,0,0,1,0,0
608,10,1,1,5,119,0.0,2,1.4478120981306406,20,0,1,0,0,0
608,11,0,0,6,54,-0.12,23,0.6940242248689639,8,0,0,1,0,1
608,12,1,4,8,71,-0.06,8,2.316637175006545,9,0,0,0,0,0
609,1,0,2,9,102,-0.18,12,1.9229761549674245,17,0,1,1,1,0
609,2,2,6,8,94,0.04000000000000001,1,3.6579656355963666,6,0,0,0,1,0
609,3,2,6,10,117,0.0,5,3.1327371892200424,16,0,1,1,1,0
609,4,2,5,11,112,-0.01999999999999999,4,3.1137354374942268,12,0,0,0,1,1
609,5,2,3,6,113,0.08000000000000002,5,2.2352611892344467,11,0,0,1,1,0
609,6,4,4,12,99,0.16000000000000003,3,3.468628755189944,20,0,0,0,1,0
609,7,0,0,5,111,-0.1,22,0.7941913680666955,12,0,0,1,0,0
609,8,2,3,10,107,0.0,6,2.600488821653868,11,0,0,0,0,0
609,9,3,6,9,118,0.12,2,3.7795649288706628,13,0,0,1,0,0
609,10,1,1,5,119,0.0,3,1.3508564531020133,15,0,1,0,0,0
609,11,1,1,7,55,-0.04000000000000001,1,1.6475474987285033,6,0,0,1,0,1
609,12,1,3,8,71,-0.06,9,2.161498913701735,10,0,1,0,0,0
610,1,0,2,9,102,-0.18,13,1.7942001945232033,16,0,0,1,1,0
610,2,2,5,8,94,0.04000000000000001,2,3.413002619919317,13,0,0,0,1,1
610,3,2,6,9,117,0.020000000000000018,6,2.9229471513565857,16,0,1,1,1,0
610,4,3,6,11,113,0.07999999999999999,1,3.9052178900994083,6,0,0,0,1,0
610,5,2,3,6,113,0.08000000000000002,6,2.0855724342575375,14,0,1,1,1,1
610,6,4,4,12,99,0.16000000000000003,4,3.236345063985466,17,0,0,0,1,0
610,7,0,0,5,111,-0.1,23,0.7410067479999787,11,0,0,1,0,0
610,8,1,3,10,107,-0.1,7,2.4263418647257358,18,0,0,0,0,0
610,9,2,5,9,118,0.020000000000000018,3,3.5264587722917953,18,0,0,1,0,0
610,10,1,1,5,119,0.0,4,1.2603936375745723,23,0,1,0,0,0
610,11,2,2,8,56,0.04000000000000001,1,2.53721617143764,6,0,0,1,0,0
610,12,1,3,8,71,-0.06,10,2.0167497976546893,11,0,1,0,0,0
611,1,0,2,9,102,-0.18,14,1.6740479749119062,23,0,1,1,1,0
611,2,3,6,9,95,0.12,1,4.184444044586281,8,0,0,0,1,0
611,3,2,5,8,117,0.04000000000000001,7,2.7272061247342245,26,0,1,1,1,0
611,4,3,6,11,113,0.07999999999999999,2,3.64369713060251,17,0,1,0,1,0
611,5,3,4,7,114,0.15999999999999998,1,2.9459078874020115,8,0,0,1,1,0
611,6,3,4,12,99,0.06,5,3.0196167166957397,22,0,1,0,1,1
611,7,0,0,5,111,-0.1,24,0.6913837428353813,16,0,0,1,0,1
611,8,1,3,10,107,-0.1,8,2.263857008536049,20,0,0,0,0,0
611,9,2,5,9,118,0.020000000000000018,4,3.290302377842631,23,0,0,1,0,0
611,10,1,1,5,119,0.0,5,1.175988846180162,25,0,0,0,0,0
611,11,2,2,8,56,0.04000000000000001,2,2.3673063946120263,10,0,0,1,0,0
611,12,0,2,7,71,-0.14,11,1.8816940968870057,11,0,0,0,0,0
612,1,0,2,9,102,-0.18,15,1.5619419900081901,17,0,0,1,1,0
612,2,3,5,9,95,0.12,2,3.904224344838716,22,0,0,0,1,0
612,3,1,5,8,117,-0.06,8,2.544573289098277,21,0,0,1,1,0
612,4,3,5,11,113,0.07999999999999999,3,3.3996896340201412,18,0,0,0,1,1
612,5,3,4,7,114,0.15999999999999998,2,2.7486292489745754,16,0,1,1,1,0
612,6,4,5,12,100,0.16000000000000003,1,3.8174020184731785,10,0,1,0,1,0
612,7,1,1,6,112,-0.01999999999999999,1,1.6450838418776106,10,0,1,1,0,0
612,8,1,3,9,107,-0.07999999999999999,9,2.1122532770859577,28,0,1,0,0,0
612,9,1,5,9,118,-0.07999999999999999,5,3.0699606706591807,22,0,0,1,0,0
612,10,1,1,5,119,0.0,6,1.097236391165395,20,0,0,0,0,0
612,11,2,2,8,56,0.04000000000000001,3,2.208774967249073,10,0,0,1,0,0
612,12,0,2,7,71,-0.14,12,1.755682672375634,18,0,0,0,0,1
613,1,0,2,9,102,-0.18,16,1.4573434075442957,14,0,0,1,1,1
613,2,3,4,9,95,0.12,3,3.6427701200956992,11,0,0,0,1,0
613,3,1,4,8,117,-0.06,9,2.374170828112019,21,0,1,1,1,0
613,4,4,6,12,114,0.16000000000000003,1,4.172022589526486,6,0,0,0,1,0
613,5,2,4,6,114,0.08000000000000002,3,2.5645617707963164,17,0,1,1,1,0
613,6,3,5,12,100,0.06,2,3.561762025194677,19,0,0,0,1,1
613,7,1,1,6,112,-0.01999999999999999,2,1.5349174983159313,17,0,0,1,0,0
613,8,1,3,9,107,-0.07999999999999999,10,1.970801994002936,21,0,0,0,0,0
613,9,1,5,9,118,-0.07999999999999999,6,2.8643745884454788,20,0,0,1,0,0
613,10,1,1,4,119,0.020000000000000004,7,1.023757752472099,22,0,0,0,0,0
613,11,2,2,8,56,0.04000000000000001,4,2.0608599153240164,12,0,1,1,0,0
613,12,1,3,8,72,-0.06,1,2.6381098559959746,6,0,0,0,0,0
614,1,1,3,10,103,-0.1,1,2.359749479237499,9,0,0,1,1,0
614,2,3,4,9,95,0.12,4,3.3988247026337857,23,0,1,0,1,1
614,3,1,3,8,117,-0.06,10,2.215179710172776,19,0,0,1,1,0
614,4,3,5,12,114,0.06,2,3.8926347174650355,19,0,0,0,1,0
614,5,2,4,6,114,0.08000000000000002,4,2.3928207409870192,22,0,1,1,1,0
614,6,4,6,12,101,0.16000000000000003,1,4.323241477509587,9,0,0,0,1,0
614,7,1,1,6,112,-0.01999999999999999,3,1.432128665215906,19,0,1,1,0,0
614,8,0,3,9,107,-0.18,11,1.8388232801912645,19,0,0,0,0,0
614,9,1,5,9,118,-0.07999999999999999,7,2.6725559911392964,21,0,0,1,0,1
614,10,1,1,3,119,0.04000000000000001,8,0.955199758398041,16,0,0,0,0,0
614,11,2,2,8,56,0.04000000000000001,5,1.9228502919330586,14,0,0,1,0,0
614,12,1,3,8,72,-0.06,2,2.4614435309426606,14,0,0,0,0,0
615,1,1,3,10,103,-0.1,2,2.201724115890387,22,0,1,1,1,0
615,2,4,5,10,96,0.2,1,4.171215580007601,11,0,0,0,1,0
615,3,0,2,8,117,-0.16,11,2.066835751774143,26,0,1,1,1,0
615,4,3,4,12,114,0.06,3,3.631956615396437,22,0,0,0,1,0
615,5,1,4,6,114,-0.01999999999999999,5,2.232580694174439,21,0,0,1,1,0
615,6,4,6,11,101,0.18000000000000002,2,4.033726928896777,22,0,0,0,1,0
615,7,1,1,6,112,-0.01999999999999999,4,1.3362232927720117,22,0,0,1,0,0
615,8,0,3,9,107,-0.18,12,1.7156827860243806,20,0,1,0,0,1
615,9,2,6,10,119,0.0,1,3.493582911462315,11,0,0,1,0,0
615,10,1,1,3,119,0.04000000000000001,9,0.8912328880933599,20,0,1,0,0,0
615,11,2,2,7,56,0.06,6,1.7940827601597251,9,0,0,1,0,0
615,12,1,3,8,72,-0.06,3,2.296608021174353,9,0,0,0,0,1
616,1,1,3,10,103,-0.1,3,2.0542812383879405,12,0,0,1,1,0
616,2,4,5,10,96,0.2,2,3.8918817509594312,12,0,0,0,1,0
616,3,0,2,8,117,-0.16,12,1.9284259444930552,16,0,0,1,1,0
616,4,2,4,12,114,-0.03999999999999998,4,3.3887353459952356,21,0,0,0,1,0
616,5,1,4,6,114,-0.01999999999999999,6,2.083071443932899,19,0,0,1,1,0
616,6,3,6,10,101,0.09999999999999998,3,3.7636003035111387,21,0,0,0,1,1
616,7,1,1,6,112,-0.01999999999999999,5,1.2467404162162332,25,0,1,1,0,0
616,8,1,4,10,108,-0.1,1,2.600788642372532,7,0,0,0,0,0
616,9,2,5,10,119,0.0,2,3.259628115063553,17,0,1,1,0,0
616,10,1,1,3,119,0.04000000000000001,10,0.8315496877337363,15,0,0,0,0,0
616,11,2,2,6,56,0.08000000000000002,7,1.673938404776441,9,0,1,1,0,0
616,12,2,3,9,73,0.020000000000000018,1,3.1428110523837343,7,0,0,0,0,1
617,1,1,2,10,103,-0.1,4,1.9167121693110376,14,0,0,1,1,0
617,2,4,5,9,96,0.22000000000000003,3,3.631254072805186,17,0,0,0,1,0
617,3,0,2,8,117,-0.16,13,1.7992850279475485,15,0,0,1,1,0
617,4,2,4,11,114,-0.01999999999999999,5,3.161801877400453,16,0,0,0,1,0
617,5,1,3,6,114,-0.01999999999999999,7,1.9435743809176096,16,0,1,1,1,0
617,6,3,7,11,102,0.07999999999999999,1,4.511563250133834,10,0,0,0,1,1
617,7,1,1,6,112,-0.01999999999999999,6,1.1632499402120764,19,0,1,1,0,0
617,8,1,4,10,108,-0.1,2,2.4266216073477955,19,0,0,0,0,0
617,9,2,5,10,119,0.0,3,3.0413405714952315,14,0,0,1,0,0
617,10,0,1,3,119,-0.06,11,0.775863292757706,13,0,0,0,0,0
617,11,2,2,6,56,0.08000000000000002,8,1.5618397574569138,13,0,1,1,0,0
617,12,3,4,10,74,0.09999999999999998,1,3.9323463980405373,10,0,0,0,0,1
618,1,1,1,10,103,-0.1,5,1.7883556892472812,14,0,0,1,1,0
618,2,3,5,9,96,0.12,4,3.3880798505796386,17,0,0,0,1,0
618,3,0,2,8,117,-0.16,14,1.6787922922532894,15,0,0,1,1,0
618,4,2,4,11,114,-0.01999999999999999,6,2.9500654643176385,16,0,0,0,1,0
618,5,1,3,6,114,-0.01999999999999999,8,1.8134190189018558,16,0,1,1,1,1
618,6,4,8,12,103,0.16000000000000003,1,5.209437355779893,11,0,0,0,1,0
618,7,1,1,5,112,0.0,7,1.085350571621086,19,0,1,1,0,0
618,8,1,4,9,108,-0.07999999999999999,3,2.26411801763157,19,0,0,0,0,0
618,9,1,4,10,119,-0.1,4,2.8376710917044594,14,0,0,1,0,0
618,10,0,1,3,119,-0.06,12,0.7239060490653203,13,0,0,0,0,0
618,11,2,2,6,56,0.08000000000000002,9,1.457248021201146,13,0,1,1,0,1
618,12,4,5,11,75,0.18000000000000002,1,4.669008923522751,11,0,0,0,0,0
619,1,1,1,10,103,-0.1,6,1.66859485867026,20,0,0,1,1,0
619,2,2,4,9,96,0.020000000000000018,5,3.1611902785518997,14,0,0,0,1,1
619,3,0,2,8,117,-0.16,15,1.566368594610021,16,0,0,1,1,1
619,4,2,4,10,114,0.0,7,2.752508405401707,16,0,1,0,1,0
619,5,2,4,7,115,0.06,1,2.691979772115741,5,0,0,1,1,0
619,6,4,8,12,103,0.16000000000000003,2,4.860576920286909,16,0,1,0,1,0
619,7,1,1,5,112,0.0,8,1.0126678907058058,10,0,0,1,0,0
619,8,1,3,8,108,-0.06,4,2.11249680718317,15,0,0,0,0,0
619,9,1,4,10,119,-0.1,5,2.64764074769053,16,0,0,1,0,0
619,10,0,1,3,119,-0.06,13,0.6754282265510066,26,0,1,0,0,0
619,11,2,3,7,57,0.06,1,2.359660480632398,5,0,0,1,0,0
619,12,4,5,11,75,0.18000000000000002,2,4.356339363426482,13,0,1,0,0,0
620,1,1,1,10,103,-0.1,7,1.556854052648049,22,0,1,1,1,0
620,2,3,5,10,97,0.09999999999999998,1,3.9494948224143527,14,0,1,0,1,0
620,3,1,3,9,118,-0.07999999999999999,1,2.4614735756782924,14,0,1,1,1,0
620,4,1,4,10,114,-0.1,8,2.568181151722162,20,0,1,0,1,0
620,5,2,4,7,115,0.06,2,2.511705939933723,21,0,0,1,1,0
620,6,4,8,11,103,0.18000000000000002,3,4.5350786245300565,20,0,0,0,1,1
620,7,1,1,5,112,0.0,9,0.9448525514985067,23,0,0,1,0,0
620,8,1,2,8,108,-0.06,5,1.971029215618067,16,0,0,0,0,0
620,9,1,3,10,119,-0.1,6,2.4703361673324444,24,0,0,1,0,1
620,10,0,1,3,119,-0.06,14,0.6301968187872862,20,0,0,0,0,0
620,11,1,3,6,57,-0.01999999999999999,2,2.201641077255627,9,0,0,1,0,0
620,12,4,5,11,75,0.18000000000000002,3,4.064608348407361,12,0,0,0,0,0
621,1,1,1,10,103,-0.1,8,1.4525961941284113,21,0,0,1,1,0
621,2,2,5,10,97,0.0,2,3.6850089692163954,24,0,0,0,1,0
621,3,1,3,8,118,-0.06,2,2.2966360539039194,20,0,0,1,1,0
621,4,1,4,10,114,-0.1,9,2.3961977427997723,25,0,0,0,1,0
621,5,1,4,6,115,-0.01999999999999999,3,2.3435045069971303,22,0,1,1,1,0
621,6,5,8,12,104,0.26,1,5.231377975899909,10,0,0,0,1,0
621,7,1,1,5,112,0.0,10,0.8815786026858371,23,0,1,1,0,0
621,8,1,2,8,108,-0.06,6,1.8390352854545722,24,0,1,0,0,1
621,9,2,4,11,120,-0.01999999999999999,1,3.304905144307762,10,0,0,1,0,1
621,10,0,1,3,119,-0.06,15,0.587994423090081,19,0,1,0,0,0
621,11,1,3,6,57,-0.01999999999999999,3,2.054203760602137,10,0,0,1,0,0
621,12,4,4,11,75,0.18000000000000002,4,3.7924136867400025,16,0,0,0,0,0
622,1,1,1,9,103,-0.07999999999999999,9,1.3553201725026127,19,0,0,1,1,0
622,2,2,5,10,97,0.0,3,3.4382349423879406,19,0,0,0,1,0
622,3,1,2,8,118,-0.06,3,2.1428372078452624,21,0,0,1,1,1
622,4,1,4,10,114,-0.1,10,2.235731548278217,30,0,0,0,1,0
622,5,1,4,6,115,-0.01999999999999999,4,2.1865670208435235,25,0,0,1,1,0
622,6,4,8,11,104,0.18000000000000002,2,4.88104824271366,22,0,0,0,1,0
622,7,0,1,5,112,-0.1,11,0.8225419209388052,29,0,1,1,0,1
622,8,2,3,9,109,0.020000000000000018,1,2.715880593929426,13,0,1,0,0,0
622,9,3,4,12,121,0.06,1,4.083585533538855,13,0,1,1,0,0
622,10,0,1,3,119,-0.06,16,0.5486181955826975,21,0,1,0,0,0
622,11,1,3,6,57,-0.01999999999999999,4,1.9166398799807718,6,0,0,1,0,0
622,12,4,4,11,75,0.18000000000000002,5,3.5384470872841574,12,0,0,0,0,0
623,1,1,1,8,103,-0.06,10,1.2645584350402945,21,0,0,1,1,1
623,2,2,5,10,97,0.0,4,3.207986633902603,23,0,1,0,1,1
623,3,2,3,9,119,0.020000000000000018,1,2.9993378104122446,15,0,0,1,1,0
623,4,0,4,9,114,-0.18,11,2.0860112947632428,21,0,1,0,1,0
623,5,1,3,6,115,-0.01999999999999999,5,2.0401391686533574,20,0,0,1,1,0
623,6,4,7,11,104,0.18000000000000002,3,4.554179043734603,17,0,1,0,1,0
623,7,1,2,6,113,-0.01999999999999999,1,1.7674587491579654,15,0,0,1,0,0
623,8,2,3,9,109,0.020000000000000018,2,2.5340061952107336,24,0,1,0,0,0
623,9,3,4,12,121,0.06,2,3.8101200265541877,26,0,0,1,0,0
623,10,0,1,3,119,-0.06,17,0.5118788762360496,27,0,0,0,0,0
623,11,1,3,6,57,-0.01999999999999999,5,1.788288240917207,6,0,0,1,0,0
623,12,3,4,11,75,0.07999999999999999,6,3.30148787124344,17,0,0,0,0,0
624,1,1,2,8,104,-0.06,1,2.1798747396187492,11,0,1,1,1,1
624,2,3,6,11,98,0.07999999999999999,1,3.9931573658402386,11,0,1,0,1,0
624,3,2,3,9,119,0.020000000000000018,2,2.798481129878394,26,0,1,1,1,0
624,4,0,3,9,114,-0.18,12,1.9463173587325173,16,0,0,0,1,0
624,5,1,3,6,115,-0.01999999999999999,6,1.9035171516800573,21,0,0,1,1,0
624,6,3,7,11,104,0.07999999999999999,4,4.249199297169934,22,0,0,0,1,0
624,7,1,2,6,113,-0.01999999999999999,2,1.6490973241447602,18,0,0,1,0,0
624,8,2,2,9,109,0.020000000000000018,3,2.364311380890274,15,0,0,0,0,0
624,9,3,4,12,121,0.06,3,3.554967686490154,23,0,0,1,0,0
624,10,0,1,3,119,-0.06,18,0.4775998791990205,17,0,0,0,0,0
624,11,1,3,5,57,0.0,6,1.6685319271530765,13,0,0,1,0,1
624,12,3,4,11,75,0.07999999999999999,7,3.080397105028753,9,0,0,0,0,0
625,1,2,3,9,105,0.020000000000000018,1,3.0338950494820005,8,0,0,1,1,0
625,2,2,6,11,98,-0.01999999999999999,2,3.7257475627271557,17,0,1,0,1,0
625,3,2,2,9,119,0.020000000000000018,3,2.611075220369743,15,0,0,1,1,0
625,4,0,3,9,114,-0.18,13,1.815978307698218,15,0,0,0,1,1
625,5,1,2,6,115,-0.01999999999999999,7,1.7760443024736667,18,0,0,1,1,1
625,6,3,7,10,104,0.09999999999999998,5,3.964643131874563,16,0,0,0,1,0
625,7,1,2,6,113,-0.01999999999999999,3,1.5386622096821299,12,0,0,1,0,0
625,8,2,2,9,109,0.020000000000000018,4,2.2059805206365724,10,0,0,0,0,0
625,9,2,4,12,121,-0.03999999999999998,4,3.3169021353425916,15,0,0,1,0,0
625,10,0,1,3,119,-0.06,19,0.44561644404667994,18,0,1,0,0,0
625,11,2,4,6,58,0.08000000000000002,1,2.556795335466309,8,0,0,1,0,0
625,12,3,4,10,75,0.09999999999999998,8,2.8741121260262985,11,0,1,0,0,0
626,1,2,3,9,105,0.020000000000000018,2,2.8307241740269014,22,0,0,1,1,0
626,2,2,6,11,98,-0.01999999999999999,3,3.4762453941622873,15,0,0,0,1,1
626,3,2,2,9,119,0.020000000000000018,4,2.43621932398921,26,0,1,1,1,0
626,4,1,3,10,115,-0.1,1,2.6943676729976174,11,0,1,0,1,0
626,5,2,3,7,116,0.06,1,2.657107928638908,11,0,1,1,1,0
626,6,3,6,9,104,0.12,6,3.6991428417087806,19,0,1,0,1,0
626,7,1,2,6,113,-0.01999999999999999,4,1.435622604464352,15,0,0,1,0,1
626,8,1,2,9,109,-0.07999999999999999,5,2.058252604441465,27,0,0,0,0,0
626,9,2,4,11,121,-0.01999999999999999,5,3.094779121973523,28,0,0,1,0,0
626,10,0,1,3,119,-0.06,20,0.41577484386686814,33,0,0,0,0,0
626,11,2,4,6,58,0.08000000000000002,2,2.3855744005974855,11,0,0,1,0,0
626,12,2,4,10,75,0.0,9,2.681641434958531,13,0,0,0,0,0
627,1,2,3,9,105,0.020000000000000018,3,2.641159044307878,20,0,1,1,1,0
627,2,3,7,12,99,0.06,1,4.243451639431287,10,0,0,0,1,0
627,3,2,2,9,119,0.020000000000000018,5,2.2730730039014313,29,0,1,1,1,0
627,4,1,3,10,115,-0.1,2,2.5139339302370334,15,0,0,0,1,0
627,5,2,3,7,116,0.06,2,2.47916935949413,15,0,0,1,1,0
627,6,2,5,9,104,0.020000000000000018,7,3.4514223117215104,23,0,1,0,1,1
627,7,2,3,6,114,0.08000000000000002,1,2.3394832533612373,10,0,0,1,0,1
627,8,1,2,9,109,-0.07999999999999999,6,1.920417584860445,24,0,1,0,0,0
627,9,2,4,11,121,-0.01999999999999999,6,2.8875310223206103,24,0,0,1,0,0
627,10,0,0,2,119,-0.04,21,0.387931646378853,21,0,0,0,0,0
627,11,2,4,6,58,0.08000000000000002,3,2.225819619523098,9,0,0,1,0,0
627,12,1,4,10,75,-0.1,10,2.5020599302884152,13,0,0,0,0,0
628,1,2,3,9,105,0.020000000000000018,4,2.4642885242350747,18,0,0,1,1,0
628,2,3,6,12,99,0.06,2,3.9592803775803436,23,0,0,0,1,0
628,3,2,2,9,119,0.020000000000000018,6,2.1208521048117097,22,0,0,1,1,0
628,4,1,3,9,115,-0.07999999999999999,3,2.345583295454943,18,0,0,0,1,0
628,5,2,3,7,116,0.06,3,2.313146804015199,16,0,1,1,1,1
628,6,2,6,10,105,0.0,1,4.220290884562404,11,0,1,0,1,1
628,7,3,4,7,115,0.15999999999999998,1,3.182815058533898,11,0,1,1,0,0
628,8,1,2,8,109,-0.06,7,1.7918129642022318,28,0,1,0,0,0
628,9,2,3,11,121,-0.01999999999999999,7,2.694161707911135,23,0,0,1,0,0
628,10,0,0,2,119,-0.04,22,0.36195302453266015,20,0,0,0,0,0
628,11,2,4,6,58,0.08000000000000002,4,2.0767631382249547,10,0,0,1,0,0
628,12,0,4,10,75,-0.2,11,2.3345044617613757,20,0,0,0,0,0
629,1,2,3,8,105,0.04000000000000001,5,2.299262493776876,22,0,0,1,1,0
629,2,3,5,12,99,0.06,3,3.6941392150267682,21,0,0,0,1,1
629,3,2,2,9,119,0.020000000000000018,7,1.9788249839596042,20,0,0,1,1,0
629,4,1,3,9,115,-0.07999999999999999,4,2.1885065990570887,21,0,1,0,1,0
629,5,2,4,7,117,0.06,1,3.1582422824141063,10,0,1,1,1,0
629,6,3,7,11,106,0.07999999999999999,1,4.937670629178779,10,0,1,0,1,0
629,7,3,4,7,115,0.15999999999999998,2,2.9696714555722816,18,0,1,1,0,0
629,8,1,2,8,109,-0.06,8,1.6718206102640427,24,0,0,0,0,0
629,9,2,3,11,121,-0.01999999999999999,8,2.5137417580162404,23,0,0,1,0,1
629,10,0,0,2,119,-0.04,23,0.3377141132755033,24,0,0,0,0,0
629,11,1,3,6,58,-0.01999999999999999,5,1.9376885235713979,12,0,0,1,0,0
629,12,0,4,10,75,-0.2,12,2.178169681713241,18,0,0,0,0,0
630,1,2,3,8,105,0.04000000000000001,6,2.1452877628970186,23,0,1,1,1,0
630,2,3,6,13,100,0.03999999999999998,1,4.446753762949859,12,0,0,0,1,1
630,3,1,2,9,119,-0.07999999999999999,8,1.8463089945116045,27,0,1,1,1,0
630,4,1,2,9,115,-0.07999999999999999,5,2.04194885911628,22,0,0,0,1,0
630,5,2,4,7,117,0.06,2,2.946744244758868,21,0,0,1,1,0
630,6,3,7,11,106,0.07999999999999999,2,4.607009598366107,23,0,0,0,1,0
630,7,3,4,6,115,0.18,3,2.770801442074071,23,0,0,1,0,1
630,8,1,2,7,109,-0.04000000000000001,9,1.5598637853075508,21,0,1,0,0,0
630,9,3,4,12,122,0.06,1,3.345403992432886,12,0,0,1,0,0
630,10,0,0,2,119,-0.04,24,0.3150984093936431,20,0,1,0,0,0
630,11,1,2,6,58,-0.01999999999999999,6,1.8079273198143608,9,0,0,1,0,0
630,12,0,4,10,75,-0.2,13,2.0323041742036807,9,0,0,0,0,0
631,1,2,3,8,105,0.04000000000000001,7,2.0016242591231106,20,0,1,1,1,0
631,2,4,6,14,101,0.12,1,5.148967966072663,11,0,0,0,1,1
631,3,1,2,9,119,-0.07999999999999999,9,1.7226672044504772,29,0,1,1,1,0
631,4,1,2,9,115,-0.07999999999999999,6,1.9052056525864336,15,0,0,0,1,0
631,5,2,3,7,117,0.06,3,2.749409597981237,15,0,0,1,1,0
631,6,2,7,11,106,-0.01999999999999999,3,4.298491947602314,24,0,1,0,1,0
631,7,4,5,6,116,0.28,1,3.5852491584528705,11,0,0,1,0,0
631,8,1,2,7,109,-0.04000000000000001,10,1.4554043739954323,24,0,1,0,0,0
631,9,2,4,12,122,-0.03999999999999998,2,3.1213722949588347,25,0,0,1,0,0
631,10,0,0,2,119,-0.04,25,0.2939972115450405,21,0,0,0,0,1
631,11,1,2,5,58,0.0,7,1.6868558356875154,9,0,0,1,0,0
631,12,0,4,10,75,-0.2,14,1.8962068433700012,13,0,0,0,0,0
632,1,2,3,8,105,0.04000000000000001,8,1.8675814704222817,21,0,1,1,1,1
632,2,5,7,15,102,0.2,1,5.804156984711967,8,0,0,0,1,0
632,3,1,2,9,119,-0.07999999999999999,10,1.6073053351907778,27,0,1,1,1,0
632,4,1,2,9,115,-0.07999999999999999,7,1.7776197295255556,22,0,0,0,1,0
632,5,2,3,7,117,0.06,4,2.5652898621644447,26,0,0,1,1,0
632,6,2,6,11,106,-0.01999999999999999,4,4.010634800968265,19,0,0,0,1,1
632,7,4,4,6,116,0.28,2,3.345155747716103,25,0,0,1,0,0
632,8,0,2,6,109,-0.12,11,1.3579402969647127,16,0,0,0,0,0
632,9,1,4,11,122,-0.12,3,2.9123433300655517,25,0,1,1,0,0
632,10,1,1,3,120,0.04000000000000001,1,1.2743090977913487,8,0,0,0,0,0
632,11,1,2,5,58,0.0,8,1.5738921466628437,14,0,1,1,0,0
632,12,0,4,10,75,-0.2,15,1.7692235436420787,11,0,0,0,0,0
633,1,3,4,9,106,0.12,1,2.7425151262868113,10,0,0,1,1,0
633,2,5,7,15,102,0.2,2,5.415469954795062,24,0,1,0,1,0
633,3,0,2,9,119,-0.18,11,1.4996689052061223,19,0,0,1,1,0
633,4,1,1,8,115,-0.06,8,1.6585778540540796,19,0,0,0,1,1
633,5,2,3,7,117,0.06,5,2.393500074254336,23,0,1,1,1,0
633,6,3,7,12,107,0.06,1,4.742054586309048,10,0,0,0,1,0
633,7,3,4,6,116,0.18,3,3.1211406744481014,20,0,1,1,0,0
633,8,0,2,6,109,-0.12,12,1.2670030976053666,19,0,0,0,0,0
633,9,1,4,11,122,-0.12,4,2.717312409633329,22,0,0,1,0,0
633,10,1,1,3,120,0.04000000000000001,2,1.188972429654832,16,0,0,0,0,1
633,11,1,2,5,58,0.0,9,1.4684932979571208,15,0,0,1,0,0
633,12,0,3,9,75,-0.18,16,1.65074393562172,16,0,0,0,0,0
634,1,2,3,8,106,0.04000000000000001,2,2.558857092614329,19,0,0,1,1,0
634,2,4,7,15,102,0.10000000000000003,3,5.0528121325001365,15,0,0,0,1,1
634,3,0,2,9,119,-0.18,12,1.399240564939197,26,0,1,1,1,0
634,4,2,2,9,116,0.020000000000000018,1,2.547507856864776,16,0,0,0,1,0
634,5,2,3,7,117,0.06,6,2.2332145345250938,29,0,1,1,1,0
634,6,3,6,12,107,0.06,2,4.424493376694769,16,0,0,0,1,1
634,7,3,4,6,116,0.18,4,2.9121272204875206,22,0,0,1,0,0
634,8,0,2,6,109,-0.12,13,1.1821556904451367,23,0,0,0,0,0
634,9,1,4,10,122,-0.1,5,2.535342126500276,28,0,1,1,0,0
634,10,2,2,4,121,0.12000000000000001,1,2.1093505028956345,16,0,0,0,0,0
634,11,1,2,5,58,0.0,10,1.3701526948446847,14,0,1,1,0,0
634,12,0,3,9,75,-0.18,17,1.5401985525143764,13,0,0,0,0,0
635,1,1,3,7,106,-0.04000000000000001,3,2.3874980880371246,21,0,1,1,1,0
635,2,5,7,16,103,0.18,1,5.714440419660078,14,0,0,0,1,0
635,3,0,2,9,119,-0.18,13,1.3055376101848715,21,0,1,1,1,0
635,4,2,2,9,116,0.020000000000000018,2,2.376908876654063,17,0,0,0,1,1
635,5,2,3,7,117,0.06,7,2.0836628378914273,18,0,1,1,1,0
635,6,4,7,13,108,0.14,1,5.1281982912923105,14,0,0,0,1,0
635,7,3,4,6,116,0.18,5,2.7171107722672394,22,0,1,1,0,0
635,8,0,2,6,109,-0.12,14,1.102990260318286,20,0,0,0,0,0
635,9,1,3,10,122,-0.1,6,2.3655578488578435,22,0,0,1,0,0
635,10,2,2,4,121,0.12000000000000001,2,1.968093609916383,14,0,0,0,0,0
635,11,0,2,5,58,-0.1,11,1.2783976677331546,13,0,0,1,0,1
635,12,0,3,8,75,-0.16,18,1.4370560630131493,15,0,0,0,0,0
636,1,1,3,7,106,-0.04000000000000001,4,2.2276144833696865,17,0,0,1,1,0
636,2,5,7,16,103,0.18,2,5.331761439714292,13,0,0,0,1,1
636,3,0,2,9,119,-0.18,14,1.218109661994605,16,0,1,1,1,0
636,4,2,3,10,117,0.0,1,3.217734399794933,7,0,0,0,1,0
636,5,1,3,7,117,-0.04000000000000001,8,1.9441261709919122,16,0,1,1,1,0
636,6,4,7,13,108,0.14,2,4.784778192918409,17,0,0,0,1,1
636,7,3,4,6,116,0.18,6,2.5351539921853874,11,0,0,1,0,0
636,8,0,1,6,109,-0.12,15,1.0291263022207322,18,0,0,0,0,0
636,9,1,3,10,122,-0.1,7,2.2071435163732085,18,0,0,1,0,0
636,10,2,2,3,121,0.14,3,1.8362962684847575,24,0,1,0,0,0
636,11,1,3,5,59,0.0,1,2.192787200298743,7,0,0,1,0,0
636,12,0,2,8,75,-0.16,19,1.3408207174792655,12,0,1,0,0,0
637,1,1,3,6,106,-0.01999999999999999,5,2.078437805409138,21,0,1,1,1,0
637,2,5,8,16,104,0.18,1,5.974709326257221,15,0,0,0,1,0
637,3,0,2,9,119,-0.18,15,1.1365365019507156,21,0,1,1,1,1
637,4,2,3,10,117,0.0,2,3.0022523530115595,17,0,0,0,1,0
637,5,1,3,7,117,-0.04000000000000001,9,1.8139338572455825,18,0,1,1,1,1
637,6,5,7,14,109,0.21999999999999997,1,5.4643559111787425,15,0,0,0,1,0
637,7,2,4,6,116,0.08000000000000002,7,2.365382313335212,22,0,1,1,0,0
637,8,0,1,6,109,-0.12,16,0.9602087924302223,20,0,0,0,0,0
637,9,1,3,10,122,-0.1,8,2.059337717832763,22,0,0,1,0,0
637,10,2,2,3,121,0.14,4,1.7133250007322098,14,0,0,0,0,0
637,11,1,3,5,59,0.0,2,2.0459428012983567,13,0,0,1,0,0
637,12,0,1,8,75,-0.16,20,1.2510299651442076,15,0,0,0,0,0
638,1,1,3,6,106,-0.01999999999999999,6,1.939251043304085,25,0,0,1,1,0
638,2,5,8,16,104,0.18,2,5.574600916240638,22,0,1,0,1,0
638,3,1,3,9,120,-0.07999999999999999,1,2.060426052405855,14,0,0,1,1,0
638,4,2,3,10,117,0.0,3,2.8012004942787945,24,0,1,0,1,0
638,5,2,4,8,118,0.04000000000000001,1,2.692460133275746,14,0,0,1,1,0
638,6,4,6,14,109,0.12,2,5.098424342628939,17,0,1,0,1,0
638,7,1,4,5,116,0.0,8,2.2069797359394068,22,0,0,1,0,1
638,8,0,1,6,109,-0.12,17,0.8959064821011157,20,0,0,0,0,0
638,9,1,3,10,122,-0.1,9,1.9214300314540849,26,0,0,1,0,0
638,10,2,2,3,121,0.14,5,1.5985887509079766,31,0,0,0,0,0
638,11,1,3,5,59,0.0,3,1.9089321324086017,8,0,0,1,0,1
638,12,0,0,8,75,-0.16,21,1.1672522308806879,15,0,0,0,0,0
639,1,1,3,6,106,-0.01999999999999999,7,1.8093852022748853,17,0,0,1,1,0
639,2,5,8,16,104,0.18,3,5.20128656950383,17,0,0,0,1,0
639,3,1,3,9,120,-0.07999999999999999,2,1.9224454835166094,18,0,0,1,1,0
639,4,2,3,10,117,0.0,4,2.613612477071327,15,0,0,0,1,0
639,5,1,3,8,118,-0.06,2,2.5121541327438606,12,0,0,1,1,0
639,6,3,6,14,109,0.019999999999999962,3,4.75699811652716,18,0,1,0,1,0
639,7,2,5,6,117,0.08000000000000002,1,3.059184905284658,4,0,0,1,0,1
639,8,0,1,5,109,-0.1,18,0.8359103051320211,19,0,1,0,0,1
639,9,1,3,10,122,-0.1,10,1.7927576102762668,16,0,0,1,0,0
639,10,2,2,3,121,0.14,6,1.4915360444967576,22,0,1,0,0,0
639,11,2,3,6,60,0.08000000000000002,1,2.7810966581419345,4,0,0,1,0,0
639,12,0,0,7,75,-0.14,22,1.0890848408566205,15,0,1,0,0,0
640,1,1,3,6,106,-0.01999999999999999,8,1.6882160881209676,16,0,0,1,1,1
640,2,4,7,15,104,0.10000000000000003,4,4.852971967784377,19,0,0,0,1,0
640,3,1,2,9,120,-0.07999999999999999,3,1.7937050605519262,23,0,0,1,1,0
640,4,2,3,10,117,0.0,5,2.4385866681997856,23,0,0,0,1,0
640,5,1,3,8,118,-0.06,3,2.343922685675558,19,0,0,1,1,0
640,6,3,6,14,109,0.019999999999999962,4,4.438436183398294,23,0,1,0,1,0
640,7,3,6,7,118,0.15999999999999998,1,3.8543204438419894,17,0,1,1,0,0
640,8,1,2,6,110,-0.01999999999999999,1,1.7799318926537753,17,0,1,0,0,0
640,9,0,3,9,122,-0.18,11,1.672701996216443,26,0,1,1,0,0
640,10,2,2,3,121,0.14,7,1.3916523375817864,22,0,0,0,0,0
640,11,2,3,6,60,0.08000000000000002,2,2.594854934699187,7,0,0,1,0,1
640,12,0,0,7,75,-0.14,23,1.0161520871018404,16,0,0,0,0,0
641,1,2,4,7,107,0.06,1,2.575161307060073,9,0,0,1,1,0
641,2,3,7,15,104,0.0,5,4.527982952946124,17,0,1,0,1,0
641,3,1,2,8,120,-0.06,4,1.673585998581474,15,0,0,1,1,0
641,4,2,3,10,117,0.0,6,2.275281814152222,16,0,0,0,1,0
641,5,1,3,8,118,-0.06,4,2.186957195346854,18,0,0,1,1,1
641,6,3,5,14,109,0.019999999999999962,5,4.141207389941321,17,0,0,0,1,0
641,7,2,6,7,118,0.06,2,3.5962081340593666,13,0,0,1,0,0
641,8,1,2,6,110,-0.01999999999999999,2,1.6607351785345235,10,0,0,0,0,1
641,9,0,2,9,122,-0.18,12,1.5606861474794174,15,0,0,1,0,0
641,10,2,2,3,121,0.14,8,1.2984575437131252,18,0,1,0,0,0
641,11,3,4,7,61,0.15999999999999998,1,3.4210852623264296,9,0,0,1,0,0
641,12,0,0,6,75,-0.12,24,0.9481034216850006,11,0,1,0,0,0
642,1,2,4,7,107,0.06,2,2.402710458016095,20,0,0,1,1,0
642,2,2,7,14,104,-0.08000000000000002,6,4.22475748021499,16,0,0,0,1,0
642,3,1,2,8,120,-0.06,5,1.5615109508505878,22,0,0,1,1,0
642,4,2,3,9,117,0.020000000000000018,7,2.122912997647742,26,0,1,0,1,0
642,5,2,4,9,119,0.020000000000000018,1,3.0405032143374213,13,0,0,1,1,0
642,6,3,5,14,109,0.019999999999999962,6,3.8638831196112844,22,0,1,0,1,0
642,7,2,6,7,118,0.06,3,3.3553808335104107,24,0,1,1,0,0
642,8,2,2,7,111,0.06,1,2.5495207117784804,13,0,0,0,0,0
642,9,0,1,9,122,-0.18,13,1.4561716650327758,26,0,1,1,0,0
642,10,1,2,3,121,0.04000000000000001,9,1.2115037263941921,26,0,0,0,0,1
642,11,3,4,7,61,0.15999999999999998,2,3.1919854166109123,8,0,0,1,0,0
642,12,0,0,6,75,-0.12,25,0.8846117718210393,14,0,0,0,0,1
643,1,1,4,7,107,-0.04000000000000001,3,2.24180812643953,15,0,0,1,1,0
643,2,2,7,13,104,-0.06,7,3.9418381102824966,12,0,0,0,1,0
643,3,1,1,7,120,-0.04000000000000001,6,1.4569412337896086,21,0,0,1,1,0
643,4,2,3,9,117,0.020000000000000018,8,1.9807478649676442,22,0,0,0,1,0
643,5,2,4,9,119,0.020000000000000018,2,2.836889809850523,25,0,0,1,1,0
643,6,2,5,14,109,-0.08000000000000002,7,3.6051304260394885,17,0,0,0,1,1
643,7,2,5,7,118,0.06,4,3.130681016835485,23,0,0,1,0,1
643,8,2,2,7,111,0.06,2,2.378786936695726,15,0,0,0,0,0
643,9,0,1,9,122,-0.18,14,1.3586562048166646,18,0,1,1,0,0
643,10,2,3,4,122,0.12000000000000001,1,2.130372946095563,8,0,0,0,0,0
643,11,3,4,7,61,0.15999999999999998,3,2.978227702202342,14,0,1,1,0,0
643,12,1,1,7,76,-0.04000000000000001,1,1.82537196781086,8,0,0,0,0,0
644,1,1,3,7,107,-0.04000000000000001,4,2.0916809426634004,19,0,0,1,1,0
644,2,2,6,13,104,-0.06,8,3.6778650041906737,26,0,0,0,1,1
644,3,1,1,6,120,-0.01999999999999999,7,1.3593742378560456,22,0,0,1,1,0
644,4,1,3,8,117,-0.06,9,1.8481031059309054,18,0,0,0,1,0
644,5,2,4,9,119,0.020000000000000018,3,2.646911785945118,17,0,1,1,1,0
644,6,3,6,15,110,0.0,1,4.363705626287989,12,0,1,0,1,0
644,7,3,6,8,119,0.13999999999999999,1,3.9210286746855068,12,0,1,1,0,0
644,8,2,2,7,111,0.06,3,2.2194866917738914,29,0,1,0,0,0
644,9,0,1,9,122,-0.18,15,1.267671063250138,23,0,0,1,0,1
644,10,1,3,4,122,0.020000000000000004,2,1.9877082429846251,20,0,0,0,0,0
644,11,3,4,7,61,0.15999999999999998,4,2.778784702463643,11,0,0,1,0,0
644,12,1,1,7,76,-0.04000000000000001,2,1.7031322677939955,20,0,0,0,0,0
645,1,1,2,7,107,-0.04000000000000001,5,1.9516073272737617,23,0,1,1,1,0
645,2,2,7,14,105,-0.08000000000000002,1,4.431569387328556,13,0,0,0,1,0
645,3,1,1,5,120,0.0,8,1.2683410117648939,27,0,1,1,1,0
645,4,1,3,7,117,-0.04000000000000001,10,1.724341169595178,22,0,0,0,1,0
645,5,2,4,9,119,0.020000000000000018,4,2.4696560219744073,21,0,0,1,1,0
645,6,2,6,15,110,-0.09999999999999998,2,4.07148131468148,25,0,0,0,1,0
645,7,3,6,8,119,0.13999999999999999,2,3.6584491142434215,24,0,0,1,0,1
645,8,2,2,7,111,0.06,4,2.070854307701926,21,0,1,0,0,1
645,9,1,2,10,123,-0.1,1,2.1827789244289217,13,0,0,1,0,0
645,10,1,3,4,122,0.020000000000000004,3,1.854597368254316,21,0,1,0,0,0
645,11,3,3,7,61,0.15999999999999998,5,2.59269780377637,9,0,0,1,0,0
645,12,1,1,7,76,-0.04000000000000001,3,1.5890785948026986,9,0,0,0,0,0
646,1,1,2,7,107,-0.04000000000000001,6,1.8209140228713911,16,0,0,1,1,1
646,2,2,7,14,105,-0.08000000000000002,2,4.1348004426621,19,0,0,0,1,0
646,3,1,1,5,120,0.0,9,1.18340400849582,23,0,0,1,1,0
646,4,0,2,7,117,-0.14,11,1.6088671998974664,23,0,0,0,1,0
646,5,2,3,9,119,0.020000000000000018,5,2.3042705462496724,20,0,0,1,1,1
646,6,2,6,15,110,-0.09999999999999998,3,3.798826391023475,24,0,1,0,1,0
646,7,4,7,9,120,0.22000000000000003,1,4.413453721447723,18,0,1,1,0,0
646,8,3,3,8,112,0.13999999999999999,1,2.932175389752012,18,0,1,0,0,0
646,9,1,2,9,123,-0.07999999999999999,2,2.036604749723412,26,0,1,1,0,0
646,10,1,3,4,122,0.020000000000000004,4,1.7304005305986145,22,0,0,0,0,0
646,11,2,3,7,61,0.06,6,2.419072588008377,7,0,0,1,0,0
646,12,1,1,6,76,-0.01999999999999999,4,1.4826627550958682,16,0,0,0,0,0
647,1,2,3,7,108,0.06,1,2.6989728580910164,14,0,0,1,1,0
647,2,1,6,14,105,-0.18000000000000002,3,3.8579052264247347,19,0,1,0,1,0
647,3,1,1,5,120,0.0,10,1.1041549822435044,26,0,0,1,1,0
647,4,0,2,7,117,-0.14,12,1.5011261765057797,20,0,1,0,1,0
647,5,3,4,9,120,0.12,1,3.1499604410774853,14,0,0,1,1,1
647,6,1,6,15,110,-0.19999999999999998,4,3.5444303519456066,20,0,1,0,1,0
647,7,4,6,9,120,0.22000000000000003,2,4.117897928731625,16,0,0,1,0,1
647,8,3,3,8,112,0.13999999999999999,2,2.735816375610924,20,0,0,0,0,0
647,9,1,2,9,123,-0.07999999999999999,3,1.900219422212506,25,0,0,1,0,0
647,10,1,3,4,122,0.020000000000000004,5,1.6145207836213042,28,0,0,0,0,0
647,11,2,3,7,61,0.06,7,2.257074533534143,14,0,0,1,0,0
647,12,1,1,6,76,-0.01999999999999999,5,1.3833732658273028,12,0,0,0,0,0
648,1,2,3,6,108,0.08000000000000002,2,2.5182307198613083,23,0,0,1,1,0
648,2,1,6,14,105,-0.18000000000000002,4,3.5995528544765545,19,0,0,0,1,0
648,3,0,1,5,120,-0.1,11,1.0302130262029274,29,0,0,1,1,0
648,4,0,2,7,117,-0.14,13,1.4006002471393972,19,0,1,0,1,0
648,5,3,5,10,121,0.09999999999999998,1,3.9390170135611275,8,0,0,1,1,1
648,6,1,5,15,110,-0.19999999999999998,5,3.3070704545696685,22,0,1,0,1,0
648,7,5,6,10,121,0.3,1,4.842134623287691,8,0,0,1,0,1
648,8,3,3,8,112,0.13999999999999999,3,2.5526069372316464,31,0,1,0,0,0
648,9,1,2,8,123,-0.06,4,1.7729674120832781,26,0,0,1,0,0
648,10,1,3,4,122,0.020000000000000004,6,1.506401156640536,32,0,0,0,0,0
648,11,2,3,7,61,0.06,8,2.1059250041449054,9,0,0,1,0,0
648,12,1,1,6,76,-0.01999999999999999,6,1.2907328966268914,16,0,0,0,0,0
649,1,2,3,6,108,0.08000000000000002,3,2.3495923419320843,23,0,0,1,1,0
649,2,1,6,13,105,-0.16,5,3.358501568007114,19,0,0,0,1,0
649,3,0,1,5,120,-0.1,12,0.9612227417583047,29,0,0,1,1,0
649,4,0,2,7,117,-0.14,14,1.3068062385356636,19,0,1,0,1,0
649,5,4,5,11,122,0.18000000000000002,1,4.67523282787732,9,0,0,1,1,1
649,6,1,4,15,110,-0.19999999999999998,6,3.0856058394501273,22,0,1,0,1,0
649,7,5,7,11,122,0.28,1,5.517871352990067,9,0,0,1,0,0
649,8,3,3,7,112,0.15999999999999998,4,2.3816664868628505,31,0,1,0,0,0
649,9,1,2,8,123,-0.06,5,1.6542370883933326,26,0,0,1,0,0
649,10,1,3,4,122,0.020000000000000004,7,1.405521977634826,32,0,0,0,0,1
649,11,1,3,7,61,-0.04000000000000001,9,1.9648975065694847,9,0,0,1,0,0
649,12,1,1,6,76,-0.01999999999999999,7,1.2042963758147573,16,0,0,0,0,0
650,1,2,3,6,108,0.08000000000000002,4,2.192247171684866,24,0,0,1,1,0
650,2,1,5,13,105,-0.16,6,3.133592765078736,16,0,0,0,1,0
650,3,0,1,5,120,-0.1,13,0.8968525302759631,27,0,0,1,1,0
650,4,0,2,7,117,-0.14,15,1.2192933340998928,27,0,1,0,1,0
650,5,5,6,12,123,0.26,1,5.362146471525463,19,0,0,1,1,0
650,6,1,4,15,110,-0.19999999999999998,7,2.878972047085594,16,0,1,0,1,1
650,7,4,7,11,122,0.18000000000000002,2,5.148356015395573,23,0,0,1,0,0
650,8,2,3,6,112,0.08000000000000002,5,2.222173407080604,21,0,0,0,0,0
650,9,1,1,7,123,-0.04000000000000001,6,1.5434577792947692,26,0,1,1,0,0
650,10,2,4,5,123,0.1,1,2.3113983754633516,19,0,0,0,0,0
650,11,1,3,7,61,-0.04000000000000001,10,1.83331419861774,13,0,1,1,0,0
650,12,1,1,6,76,-0.01999999999999999,8,1.1236482502233782,15,0,0,0,0,1
651,1,1,3,6,108,-0.01999999999999999,5,2.0454389367852355,15,0,0,1,1,0
651,2,1,4,13,105,-0.16,7,2.9237454318595093,19,0,0,0,1,0
651,3,0,1,5,120,-0.1,14,0.836792999290737,15,0,0,1,1,1
651,4,0,2,7,117,-0.14,16,1.137640907076111,16,0,0,0,1,0
651,5,5,6,12,123,0.26,2,5.003059563385939,17,0,1,1,1,0
651,6,2,5,15,111,-0.09999999999999998,1,3.6861759016431184,12,0,0,0,1,0
651,7,4,6,11,122,0.18000000000000002,3,4.803586014541049,21,0,1,1,0,0
651,8,2,3,6,112,0.08000000000000002,6,2.0733611017219555,19,0,0,0,0,0
651,9,1,1,7,123,-0.04000000000000001,7,1.440097029126156,15,0,0,1,0,0
651,10,2,4,5,123,0.1,2,2.1566109408918877,14,0,0,0,0,0
651,11,0,3,7,61,-0.14,11,1.7105426311632146,13,0,1,1,0,1
651,12,2,2,6,77,0.08000000000000002,1,2.0484008883410176,12,0,0,0,0,0
652,1,1,3,6,108,-0.01999999999999999,6,1.908462010194595,21,0,0,1,1,0
652,2,1,3,13,105,-0.16,8,2.727950946779953,20,0,1,0,1,0
652,3,1,2,5,121,0.0,1,1.7807554754252939,4,0,0,1,1,0
652,4,0,2,7,117,-0.14,17,1.061456498823871,20,0,1,0,1,0
652,5,4,6,12,123,0.16000000000000003,3,4.668019631262816,19,0,0,1,1,0
652,6,2,5,15,111,-0.09999999999999998,2,3.439323728840967,14,0,0,0,1,0
652,7,4,6,11,122,0.18000000000000002,4,4.481904229251605,19,0,0,1,0,1
652,8,1,3,6,112,-0.01999999999999999,7,1.934514311275687,11,0,0,0,0,0
652,9,1,1,6,123,-0.01999999999999999,8,1.3436580391888462,16,0,0,1,0,0
652,10,2,3,5,123,0.1,3,2.012189157761367,21,0,1,0,0,0
652,11,1,4,8,62,-0.06,1,2.595992708305456,4,0,0,1,0,0
652,12,2,2,6,77,0.08000000000000002,2,1.9112256087154735,14,0,1,0,0,1
653,1,1,2,6,108,-0.01999999999999999,7,1.780658018606212,14,0,0,1,1,0
653,2,1,3,13,105,-0.16,9,2.5452682326397658,15,0,0,0,1,0
653,3,1,2,5,121,0.0,2,1.6615036084316117,23,0,0,1,1,0
653,4,0,2,7,117,-0.14,18,0.9903739324838221,14,0,0,0,1,0
653,5,4,6,11,123,0.18000000000000002,4,4.35541632110969,16,0,0,1,1,1
653,6,2,4,14,111,-0.08000000000000002,3,3.2090025075840147,24,0,1,0,1,1
653,7,5,7,12,123,0.26,1,5.181764510800094,10,0,0,1,0,0
653,8,1,3,6,112,-0.01999999999999999,8,1.804965675020321,25,0,1,0,0,0
653,9,1,1,6,123,-0.01999999999999999,9,1.25367727990685,18,0,0,1,0,0
653,10,1,3,5,123,0.0,4,1.877438869404017,22,0,0,0,0,0
653,11,1,4,8,62,-0.06,2,2.422146842637978,10,0,1,1,0,0
653,12,2,3,7,78,0.06,1,2.783236547201554,10,0,0,0,0,0
654,1,1,2,6,108,-0.01999999999999999,8,1.661412678004158,24,0,0,1,1,0
654,2,1,3,13,105,-0.16,10,2.374819233363483,23,0,0,0,1,0
654,3,1,2,5,121,0.0,3,1.550237682224147,21,0,0,1,1,1
654,4,0,1,6,117,-0.12,19,0.9240515529654527,21,0,1,0,1,0
654,5,5,7,12,124,0.26,1,5.06374711947321,11,0,1,1,1,1
654,6,2,5,15,112,-0.09999999999999998,1,3.99410520950023,11,0,1,0,1,0
654,7,4,7,12,123,0.16000000000000003,2,4.834757242951073,21,0,1,1,0,0
654,8,1,3,5,112,0.0,9,1.684092523385463,25,0,0,0,0,0
654,9,1,1,6,123,-0.01999999999999999,10,1.1697222628932158,23,0,0,1,0,0
654,10,1,2,5,123,0.0,5,1.7517124047475114,25,0,0,0,0,0
654,11,1,4,8,62,-0.06,3,2.2599429145279455,12,0,0,1,0,0
654,12,2,3,7,78,0.06,2,2.5968515217900405,19,0,0,0,0,0
655,1,1,2,6,108,-0.01999999999999999,9,1.5501528411353982,26,0,0,1,1,0
655,2,0,2,13,105,-0.26,11,2.215784693664278,22,0,1,0,1,0
655,3,2,3,5,122,0.1,1,2.4464229022386825,15,0,0,1,1,0
655,4,0,1,6,117,-0.12,20,0.862170584797589,24,0,1,0,1,0
655,5,6,8,12,125,0.36,1,5.724643123267981,15,0,0,1,1,0
655,6,2,4,15,112,-0.09999999999999998,2,3.7266319321327463,18,0,1,0,1,0
655,7,4,7,12,123,0.16000000000000003,3,4.510988013744887,24,0,0,1,0,0
655,8,1,3,5,112,0.0,10,1.5713138851191093,21,0,0,0,0,0
655,9,0,1,6,123,-0.12,11,1.091389462214461,26,0,0,1,0,0
655,10,1,2,5,123,0.0,6,1.6344054653137055,32,0,0,0,0,1
655,11,1,4,8,62,-0.06,4,2.1086012982444204,9,0,0,1,0,0
655,12,2,3,7,78,0.06,3,2.4229481439526723,15,0,0,0,0,1
656,1,1,2,6,108,-0.01999999999999999,10,1.446343742703842,15,0,0,1,1,0
656,2,0,2,13,105,-0.26,12,2.06740022133105,12,0,0,0,1,0
656,3,2,3,5,122,0.1,2,2.2825932790399164,21,0,0,1,1,0
656,4,0,0,5,117,-0.1,21,0.8044335999487332,22,0,0,0,1,0
656,5,6,8,12,125,0.36,2,5.341280898783337,26,0,0,1,1,1
656,6,2,4,14,112,-0.08000000000000002,3,3.477070539994409,18,0,0,0,1,1
656,7,3,7,12,123,0.06,4,4.208900641251073,24,0,0,1,0,0
656,8,0,3,5,112,-0.1,11,1.466087694876006,15,0,0,0,0,0
656,9,0,1,6,123,-0.12,12,1.0183023748617062,18,0,1,1,0,0
656,10,2,3,6,124,0.08000000000000002,1,2.5249542206857543,9,0,0,0,0,0
656,11,1,3,8,62,-0.06,5,1.9673945772593875,14,0,1,1,0,0
656,12,3,4,8,79,0.13999999999999999,1,3.260690555090717,9,0,0,0,0,0
657,1,0,2,6,108,-0.12,11,1.3494864290455082,24,0,0,1,1,0
657,2,0,1,13,105,-0.26,13,1.9289526132123673,23,0,0,0,1,0
657,3,2,3,5,122,0.1,3,2.129734835604424,22,0,0,1,1,0
657,4,0,0,5,117,-0.1,22,0.7505630882528899,21,0,1,0,1,0
657,5,6,9,13,126,0.33999999999999997,1,5.983591295630224,12,0,1,1,1,0
657,6,3,4,14,113,0.019999999999999962,1,4.244221527715486,12,0,1,0,1,0
657,7,3,7,12,123,0.06,5,3.927043156387676,21,0,1,1,0,1
657,8,0,3,5,112,-0.1,12,1.367908187805462,25,0,0,0,0,1
657,9,0,1,6,123,-0.12,13,0.9501097111062532,23,0,0,1,0,0
657,10,2,3,5,124,0.1,2,2.3558655900199175,25,0,0,0,0,0
657,11,1,3,8,62,-0.06,6,1.835644047953619,12,0,0,1,0,0
657,12,3,4,8,79,0.13999999999999999,2,3.042331863092105,19,0,0,0,0,0
658,1,0,2,6,108,-0.12,12,1.2591153599306542,16,0,0,1,1,1
658,2,0,1,12,105,-0.24,14,1.7997764272382772,19,0,0,0,1,0
658,3,2,2,5,122,0.1,4,1.9871128648441463,23,0,0,1,1,0
658,4,0,0,5,117,-0.1,23,0.7003001235696986,23,0,0,0,1,0
658,5,5,8,13,126,0.24,2,5.582888086695469,22,0,0,1,1,0
658,6,3,4,14,113,0.019999999999999962,2,3.959998708749299,24,0,1,0,1,0
658,7,3,8,13,124,0.03999999999999998,1,4.66406082409854,19,0,1,1,0,1
658,8,1,4,6,113,-0.01999999999999999,1,2.276303468615823,19,0,1,0,0,0
658,9,0,1,5,123,-0.1,14,0.8864837060416393,26,0,1,1,0,0
658,10,2,3,5,124,0.1,3,2.1981003191149093,22,0,0,0,0,0
658,11,1,3,8,62,-0.06,7,1.7127164574588998,7,0,0,1,0,0
658,12,3,4,8,79,0.13999999999999999,3,2.838595999468575,17,0,0,0,0,0
659,1,1,3,7,109,-0.04000000000000001,1,2.174796170966042,10,0,0,1,1,0
659,2,0,1,11,105,-0.22,15,1.679250784003557,22,0,1,0,1,0
659,3,2,2,5,122,0.1,5,1.8540418608068094,27,0,0,1,1,0
659,4,0,0,5,117,-0.1,24,0.6534031192678318,17,0,0,0,1,0
659,5,4,8,13,126,0.14,3,5.209018772944677,23,0,0,1,1,0
659,6,3,4,14,113,0.019999999999999962,3,3.6948094417062527,22,0,1,0,1,0
659,7,3,8,14,125,0.019999999999999962,1,5.351722623418288,10,0,0,1,0,0
659,8,1,4,6,113,-0.01999999999999999,2,2.1238662349682325,26,0,1,0,0,1
659,9,0,1,5,123,-0.1,15,0.8271185441966665,25,0,0,1,0,0
659,10,2,3,5,124,0.1,4,2.050900116441795,24,0,0,0,0,0
659,11,1,2,7,62,-0.04000000000000001,8,1.5980209599572004,13,0,0,1,0,1
659,12,3,4,8,79,0.13999999999999999,4,2.6485037171485786,15,0,0,0,0,0
660,1,1,3,7,109,-0.04000000000000001,2,2.0291565773792404,16,0,0,1,1,0
660,2,0,1,11,105,-0.22,16,1.566796382539368,14,0,0,0,1,0
660,3,2,2,5,122,0.1,6,1.7298822238230465,12,0,0,1,1,0
660,4,0,0,4,117,-0.08,25,0.6096466670499464,22,0,0,0,1,0
660,5,3,8,13,126,0.03999999999999998,4,4.860186368691961,18,0,0,1,1,0
660,6,3,4,14,113,0.019999999999999962,4,3.447379106553626,19,0,0,0,1,0
660,7,3,7,14,125,0.019999999999999962,2,4.9933337692031765,23,0,1,1,0,0
660,8,2,4,7,114,0.06,1,2.981637266836426,4,0,0,0,0,0
660,9,0,1,5,123,-0.1,16,0.7717288896473848,16,0,1,1,0,1
660,10,1,3,5,124,0.0,5,1.9135574709868746,16,0,1,0,0,0
660,11,2,3,7,63,0.06,1,2.4910062768073873,4,0,0,1,0,1
660,12,3,4,8,79,0.13999999999999999,5,2.4711413463074927,13,0,1,0,0,0
661,1,1,2,7,109,-0.04000000000000001,3,1.8932700316887419,21,0,0,1,1,1
661,2,0,1,10,105,-0.2,17,1.4618727159297547,19,0,0,0,1,0
661,3,2,2,5,122,0.1,7,1.614037186299962,17,0,0,1,1,0
661,4,0,0,4,117,-0.08,26,0.5688204535380555,22,0,0,0,1,0
661,5,3,8,12,126,0.06,5,4.534714227007073,18,0,0,1,1,0
661,6,2,4,14,113,-0.08000000000000002,5,3.216518440749216,17,0,0,0,1,0
661,7,3,7,14,125,0.019999999999999962,3,4.658945144421402,17,0,0,1,0,1
661,8,2,4,7,114,0.06,2,2.7819659387540208,17,0,1,0,0,0
661,9,1,2,6,124,-0.01999999999999999,1,1.7200485145630782,4,0,0,1,0,0
661,10,1,3,5,124,0.0,6,1.785412251632491,21,0,1,0,0,0
661,11,3,3,8,64,0.13999999999999999,1,3.324191038386561,4,0,0,1,0,0
661,12,2,4,8,79,0.04000000000000001,6,2.3056564028555737,11,0,1,0,0,0
662,1,2,3,8,110,0.04000000000000001,1,2.7664834014535327,11,0,0,1,1,0
662,2,0,1,10,105,-0.2,18,1.3639754733899765,22,0,1,0,1,0
662,3,1,2,5,122,0.0,8,1.505949944385105,27,0,0,1,1,0
662,4,0,0,4,117,-0.08,27,0.5307282494119355,17,0,0,0,1,0
662,5,3,7,12,126,0.06,6,4.231037980988931,23,0,0,1,1,1
662,6,2,4,13,113,-0.06,6,3.0011178231055484,22,0,1,0,1,0
662,7,4,8,14,126,0.12,1,5.346949525505384,11,0,0,1,0,0
662,8,2,3,7,114,0.06,3,2.5956660021891667,26,0,1,0,0,0
662,9,1,2,6,124,-0.01999999999999999,2,1.6048620111312306,25,0,0,1,0,0
662,10,1,3,5,124,0.0,7,1.6658485342671303,24,0,0,0,0,0
662,11,2,3,8,64,0.04000000000000001,2,3.1015799089856593,13,0,0,1,0,0
662,12,2,4,8,79,0.04000000000000001,7,2.1512534910123304,15,0,0,0,0,1
663,1,2,3,8,110,0.04000000000000001,2,2.581220284095112,19,0,0,1,1,0
663,2,0,1,10,105,-0.2,19,1.2726341163198829,12,0,0,0,1,0
663,3,1,2,5,122,0.0,9,1.4051009817143232,23,0,0,1,1,0
663,4,0,0,3,117,-0.06,28,0.49518696624191105,17,0,1,0,1,1
663,5,4,8,13,127,0.14,1,4.947698024707956,8,0,0,1,1,0
663,6,2,4,13,113,-0.06,7,2.800141940446601,24,0,1,0,1,0
663,7,3,8,14,126,0.019999999999999962,2,4.988880311378601,19,0,0,1,0,0
663,8,2,3,7,114,0.06,4,2.4218420150529436,20,0,0,0,0,0
663,9,1,2,6,124,-0.01999999999999999,3,1.4973892032495493,18,0,0,1,0,0
663,10,1,2,5,124,0.0,8,1.5542916413744665,28,0,0,0,0,0
663,11,2,3,8,64,0.04000000000000001,3,2.8938763809713484,11,0,1,1,0,0
663,12,2,4,8,80,0.04000000000000001,1,3.007190480273235,8,0,0,0,0,1
664,1,2,3,7,110,0.06,3,2.40836368348475,14,0,0,1,1,0
664,2,0,1,10,105,-0.2,20,1.1874096166817416,11,0,0,0,1,0
664,3,1,2,5,122,0.0,10,1.3110055723802199,21,0,1,1,1,0
664,4,1,1,4,118,0.020000000000000004,1,1.4620257764827262,7,0,0,0,1,0
664,5,3,8,13,127,0.03999999999999998,2,4.616365489214017,19,0,1,1,1,1
664,6,1,3,12,113,-0.13999999999999999,8,2.612624811422573,22,0,0,0,1,0
664,7,3,7,14,126,0.019999999999999962,3,4.654789921344656,18,0,0,1,0,0
664,8,2,3,7,114,0.06,5,2.259658500334378,22,0,0,0,0,0
664,9,1,2,6,124,-0.01999999999999999,4,1.3971135278028435,20,0,0,1,0,1
664,10,1,2,5,124,0.0,9,1.4502053798722732,25,0,0,0,0,0
664,11,2,3,8,64,0.04000000000000001,4,2.700082136875407,13,0,1,1,0,0
664,12,3,5,9,81,0.12,1,3.805807929930345,7,0,0,0,0,0
665,1,2,3,7,110,0.06,4,2.2470827723103812,26,0,0,1,1,0
665,2,0,0,9,105,-0.18,21,1.107892346832139,21,0,0,0,1,0
665,3,0,2,5,122,-0.1,11,1.223211451119341,28,0,0,1,1,1
665,4,1,1,4,118,0.020000000000000004,2,1.3641182839356019,26,0,1,0,1,0
665,5,3,9,14,128,0.019999999999999962,1,5.307221302428632,14,0,0,1,1,0
665,6,1,3,12,113,-0.13999999999999999,9,2.4376651435648906,22,0,1,0,1,0
665,7,3,7,14,126,0.019999999999999962,4,4.343072565287585,22,0,0,1,0,0
665,8,2,3,7,114,0.06,6,2.1083359304185607,26,0,1,0,0,1
665,9,2,2,6,125,0.08000000000000002,1,2.3035530143624294,14,0,0,1,0,0
665,10,1,2,5,124,0.0,10,1.3530894639249993,32,0,1,0,0,0
665,11,2,3,8,64,0.04000000000000001,5,2.5192657135639567,9,0,0,1,0,0
665,12,3,5,9,81,0.12,2,3.550944358077414,13,0,0,0,0,0
666,1,2,3,7,110,0.06,5,2.0966023612795777,19,0,0,1,1,1
666,2,0,0,9,105,-0.18,22,1.033700110665525,22,0,1,0,1,0
666,3,1,3,6,123,-0.01999999999999999,1,2.141296639519958,9,0,0,1,1,1
666,4,1,1,4,118,0.020000000000000004,3,1.2727673632704906,28,0,1,0,1,0
666,5,3,9,14,128,0.019999999999999962,2,4.951812568552858,28,0,0,1,1,0
666,6,1,3,12,113,-0.13999999999999999,10,2.274422001265351,19,0,0,0,1,0
666,7,3,6,14,126,0.019999999999999962,5,4.052229988051712,34,0,1,1,0,0
666,8,3,3,7,115,0.15999999999999998,1,2.967146980322968,9,0,0,0,0,0
666,9,2,2,6,125,0.08000000000000002,2,2.149290960154208,26,0,1,1,0,0
666,10,0,2,5,124,-0.1,11,1.2624771103428771,21,0,0,0,0,0
666,11,2,3,8,64,0.04000000000000001,6,2.3505580252026883,8,0,0,1,0,0
666,12,2,5,8,81,0.04000000000000001,3,3.3131482371977174,15,0,0,0,0,0
667,1,3,3,8,111,0.13999999999999999,1,2.9561991732078186,13,0,0,1,1,0
667,2,0,0,9,105,-0.18,23,0.9644763066061837,25,0,1,0,1,1
667,3,2,4,7,124,0.06,1,2.997900409339019,13,0,0,1,1,1
667,4,1,1,4,118,0.020000000000000004,4,1.1875339404826804,22,0,1,0,1,0
667,5,2,8,14,128,-0.08000000000000002,3,4.620204494366435,29,0,0,1,1,0
667,6,0,3,11,113,-0.22,11,2.1221107638577426,17,0,0,0,1,0
667,7,3,6,14,126,0.019999999999999962,6,3.78086426814705,26,0,0,1,0,0
667,8,3,3,7,115,0.15999999999999998,2,2.7684460233801436,16,0,0,0,0,0
667,9,2,2,6,125,0.08000000000000002,3,2.005359374235698,25,0,0,1,0,0
667,10,0,2,5,124,-0.1,12,1.1779327950099587,23,0,0,0,0,0
667,11,2,3,8,64,0.04000000000000001,7,2.1931481860357147,13,0,0,1,0,0
667,12,2,5,7,81,0.06,4,3.091276611157486,13,0,0,0,0,0
668,1,3,3,8,111,0.13999999999999999,2,2.7582313581567277,24,0,1,1,1,0
668,2,1,1,10,106,-0.1,1,1.8998882136191386,15,0,1,0,1,0
668,3,3,5,8,125,0.13999999999999999,1,3.7971399872550045,15,0,1,1,1,0
668,4,1,1,4,118,0.020000000000000004,5,1.1080083450400482,20,0,1,0,1,0
668,5,2,7,14,128,-0.08000000000000002,4,4.310803220890517,23,0,0,1,1,1
668,6,0,3,10,113,-0.2,12,1.979999354374649,22,0,0,0,1,0
668,7,2,5,14,126,-0.08000000000000002,7,3.527671098703864,26,0,0,1,0,0
668,8,2,3,7,115,0.06,3,2.5830514751025535,17,0,0,0,0,0
668,9,2,2,6,125,0.08000000000000002,4,1.8710664560495134,26,0,0,1,0,0
668,10,0,2,5,124,-0.1,13,1.0990501595574547,21,0,0,0,0,0
668,11,2,3,8,64,0.04000000000000001,8,2.0462796129004257,10,0,0,1,0,0
668,12,2,5,6,81,0.08000000000000002,5,2.8842630641760336,12,0,0,0,0,1
669,1,2,3,8,111,0.04000000000000001,3,2.573520855451603,19,0,0,1,1,0
669,2,1,1,10,106,-0.1,2,1.7726583835385858,12,0,0,0,1,0
669,3,3,5,8,125,0.13999999999999999,2,3.5428568815925714,23,0,0,1,1,1
669,4,1,1,4,118,0.020000000000000004,6,1.0338083408204632,18,0,1,0,1,0
669,5,3,7,14,129,0.019999999999999962,1,5.022121625113984,9,0,0,1,1,0
669,6,0,3,10,113,-0.2,13,1.8474047208531261,24,0,1,0,1,0
669,7,1,4,14,126,-0.18000000000000002,8,3.2914335183816026,19,0,0,1,0,0
669,8,2,3,7,115,0.06,4,2.410072245108499,20,0,0,0,0,0
669,9,2,2,6,125,0.08000000000000002,5,1.7457667328520499,19,0,0,1,0,0
669,10,0,2,5,124,-0.1,14,1.0254500582208974,28,0,0,0,0,0
669,11,2,3,7,64,0.06,9,1.9092463887452644,11,0,1,1,0,1
669,12,3,6,7,82,0.15999999999999998,1,3.6911125951472834,9,0,0,0,0,0
670,1,2,3,8,111,0.04000000000000001,4,2.401179862544373,22,0,0,1,1,0
670,2,1,1,9,106,-0.07999999999999999,3,1.653948754565808,21,0,1,0,1,1
670,3,4,6,8,126,0.24000000000000002,1,4.305602354819081,5,0,0,1,1,0
670,4,1,1,4,118,0.020000000000000004,7,0.9645772889114201,20,0,1,0,1,0
670,5,3,6,14,129,0.019999999999999962,2,4.685805163741794,20,0,0,1,1,0
670,6,0,3,10,113,-0.2,14,1.7236895532768128,14,0,0,0,1,0
670,7,1,4,14,126,-0.18000000000000002,9,3.071016062100106,19,0,0,1,0,0
670,8,1,3,7,115,-0.04000000000000001,5,2.2486769166734124,13,0,0,0,0,0
670,9,2,2,6,125,0.08000000000000002,6,1.6288579572783866,17,0,0,1,0,1
670,10,0,1,5,124,-0.1,15,0.9567787354934373,21,0,1,0,0,0
670,11,2,4,8,65,0.04000000000000001,1,2.78138986967184,5,0,0,1,0,0
670,12,3,6,7,82,0.15999999999999998,2,3.4439298267494585,14,0,1,0,0,0
671,1,2,3,8,111,0.04000000000000001,5,2.2403800303677164,23,0,1,1,1,0
671,2,2,2,10,107,0.0,1,2.543188754321113,14,0,0,0,1,0
671,3,4,6,8,126,0.24000000000000002,2,4.0172690454847695,28,0,1,1,1,0
671,4,1,1,4,118,0.020000000000000004,8,0.8999824334414857,22,0,0,0,1,0
671,5,3,6,14,129,0.019999999999999962,3,4.3720108096846255,22,0,0,1,1,1
671,6,0,2,9,113,-0.18,15,1.6082592203746078,25,0,0,0,1,0
671,7,1,4,14,126,-0.18000000000000002,10,2.865359303478848,24,0,0,1,0,1
671,8,1,3,7,115,-0.04000000000000001,6,2.0980897505635583,21,0,1,0,0,0
671,9,2,3,6,126,0.08000000000000002,1,2.519778212667986,14,0,0,1,0,0
671,10,0,1,5,124,-0.1,16,0.8927061258162455,21,0,1,0,0,0
671,11,1,4,8,65,-0.06,2,2.595128510730088,10,0,0,1,0,0
671,12,3,5,7,82,0.15999999999999998,3,3.213300148894886,9,0,0,0,0,0
672,1,1,3,8,111,-0.06,6,2.090348481913314,25,0,0,1,1,0
672,2,2,2,10,107,0.0,2,2.3728790114869946,19,0,0,0,1,0
672,3,4,5,8,126,0.24000000000000002,3,3.7482445553168695,30,0,0,1,1,0
672,4,1,1,4,118,0.020000000000000004,9,0.839713302204485,19,0,1,0,1,0
672,5,4,7,15,130,0.10000000000000003,1,5.079230324791306,10,0,0,1,1,0
672,6,0,2,9,113,-0.18,16,1.500558911552774,24,0,1,0,1,0
672,7,1,5,15,127,-0.19999999999999998,1,3.6734747627526922,10,0,0,1,0,1
672,8,1,3,6,115,-0.01999999999999999,7,1.9575869564810309,32,0,1,0,0,0
672,9,2,3,5,126,0.1,2,2.3510362037748807,27,0,0,1,0,0
672,10,0,1,5,124,-0.1,17,0.8329242671335652,33,0,0,0,0,1
672,11,1,3,8,65,-0.06,3,2.4213405177889538,9,0,0,1,0,0
672,12,3,5,7,82,0.15999999999999998,4,2.9981150506290644,19,0,0,0,0,0
673,1,1,3,8,111,-0.06,7,1.950364097434003,21,0,0,1,1,1
673,2,2,2,10,107,0.0,3,2.213974402642613,19,0,0,0,1,0
673,3,4,5,7,126,0.26,4,3.497235830458849,28,0,0,1,1,0
673,4,1,1,4,118,0.020000000000000004,10,0.7834802143891019,24,0,0,0,1,0
673,5,3,7,15,130,0.0,2,4.739089464644502,29,0,0,1,1,1
673,6,0,2,9,113,-0.18,17,1.4000709702233003,18,0,1,0,1,0
673,7,2,5,15,128,-0.09999999999999998,1,4.427473147226108,15,0,0,1,0,0
673,8,1,3,6,115,-0.01999999999999999,8,1.8264932141989303,27,0,1,0,0,0
673,9,2,3,5,126,0.1,3,2.193594342419416,26,0,1,1,0,0
673,10,1,2,6,125,-0.01999999999999999,1,1.7771458206872333,15,0,0,0,0,0
673,11,1,3,8,65,-0.06,4,2.25919058684191,12,0,1,1,0,0
673,12,2,4,7,82,0.06,5,2.7973402546599626,19,0,0,0,0,0
674,1,2,4,8,112,0.04000000000000001,1,2.819754048414833,15,0,0,1,1,0
674,2,2,2,9,107,0.020000000000000018,4,2.0657111600835534,19,0,1,0,1,0
674,3,4,5,7,126,0.26,5,3.263036409002731,28,0,0,1,1,0
674,4,0,1,4,118,-0.08,11,0.7310128882413629,20,0,1,0,1,1
674,5,4,7,16,131,0.08000000000000002,1,5.4217268203578275,15,0,0,1,1,0
674,6,0,1,9,113,-0.18,18,1.3063124057112863,22,0,1,0,1,1
674,7,2,5,15,128,-0.09999999999999998,2,4.130978515505259,21,0,0,1,0,0
674,8,1,3,6,115,-0.01999999999999999,9,1.7041784276657066,20,0,0,0,0,0
674,9,2,3,5,126,0.1,4,2.0466958915258036,26,0,0,1,0,0
674,10,1,2,6,125,-0.01999999999999999,2,1.658135681472944,29,0,0,0,0,0
674,11,1,3,8,65,-0.06,5,2.1078993516929025,14,0,0,1,0,0
674,12,1,4,7,82,-0.04000000000000001,6,2.6100107461517195,14,0,0,0,0,0
675,1,2,4,7,112,0.06,2,2.6309235551905155,19,0,0,1,1,1
675,2,2,2,9,107,0.020000000000000018,5,1.9273766633437266,22,0,0,0,1,0
675,3,4,4,7,126,0.26,6,3.0445206221853396,20,0,1,1,1,0
675,4,1,2,5,119,0.0,1,1.6820591419678008,11,0,0,0,1,0
675,5,3,6,16,131,-0.020000000000000018,2,5.058649994493806,23,0,1,1,1,0
675,6,1,2,10,114,-0.1,1,2.2188325717824453,11,0,0,0,1,0
675,7,2,5,15,128,-0.09999999999999998,3,3.854339242296151,20,0,1,1,0,0
675,8,1,3,6,115,-0.01999999999999999,10,1.590054696477427,27,0,0,0,0,0
675,9,1,3,5,126,0.0,5,1.9096347904364135,25,0,0,1,0,0
675,10,1,2,6,125,-0.01999999999999999,3,1.5470952952586237,22,0,0,0,0,0
675,11,1,3,7,65,-0.04000000000000001,6,1.9667396379685258,14,0,0,1,0,0
675,12,1,4,7,82,-0.04000000000000001,7,2.435226134425154,19,0,0,0,0,1
676,1,3,5,8,113,0.13999999999999999,1,3.4547384752040595,6,0,0,1,1,0
676,2,2,2,9,107,0.020000000000000018,6,1.7983060140178273,15,0,1,0,1,0
676,3,3,4,7,126,0.15999999999999998,7,2.8406381839130894,21,0,0,1,1,0
676,4,1,2,4,119,0.020000000000000004,2,1.5694166731720527,16,0,0,0,1,0
676,5,3,6,15,131,0.0,3,4.719887337500211,24,0,0,1,1,1
676,6,1,2,10,114,-0.1,2,2.070243992169483,22,0,0,0,1,0
676,7,2,5,15,128,-0.09999999999999998,4,3.5962256736372895,21,0,0,1,0,1
676,8,0,3,6,115,-0.12,11,1.4835734901614839,14,0,0,0,0,0
676,9,1,3,5,126,0.0,6,1.7817522612636512,17,0,0,1,0,0
676,10,1,1,6,125,-0.01999999999999999,4,1.443490951527674,19,0,0,0,0,0
676,11,1,3,7,65,-0.04000000000000001,7,1.8350329679877913,15,0,1,1,0,0
676,12,2,4,8,83,0.04000000000000001,1,3.2721463252713168,6,0,0,0,0,0
677,1,2,5,8,113,0.04000000000000001,2,3.2233849744969523,26,0,0,1,1,0
677,2,2,2,8,107,0.04000000000000001,7,1.6778788399576854,19,0,0,0,1,0
677,3,2,4,7,126,0.06,8,2.6504091426101137,30,0,0,1,1,0
677,4,1,2,4,119,0.020000000000000004,3,1.4643175335374643,19,0,1,0,1,0
677,5,4,6,16,132,0.08000000000000002,1,5.403810602224518,11,0,0,1,1,0
677,6,1,1,10,114,-0.1,3,1.9316059452249956,24,0,1,0,1,0
677,7,3,6,15,129,0.0,1,4.355397198515271,11,0,0,1,0,0
677,8,0,3,6,115,-0.12,12,1.3842230116900716,32,0,1,0,0,1
677,9,1,3,5,126,0.0,7,1.6624336425042956,27,0,0,1,0,1
677,10,1,1,6,125,-0.01999999999999999,5,1.3468246807601782,34,0,0,0,0,0
677,11,1,3,7,65,-0.04000000000000001,8,1.7121462996903154,9,0,0,1,0,0
677,12,2,4,8,83,0.04000000000000001,2,3.053020474614068,19,0,0,0,0,0
678,1,2,5,8,113,0.04000000000000001,3,3.007524525629687,19,0,0,1,1,0
678,2,1,2,8,107,-0.06,8,1.5655163134820274,22,0,0,0,1,0
678,3,1,4,7,126,-0.04000000000000001,9,2.4729191711260192,22,0,0,1,1,1
678,4,1,2,4,119,0.020000000000000004,4,1.3662565688762596,30,0,0,0,1,0
678,5,4,6,16,132,0.08000000000000002,2,5.041933571891859,27,0,0,1,1,0
678,6,1,1,9,114,-0.07999999999999999,4,1.8022520735435603,22,0,0,0,1,1
678,7,3,5,14,129,0.019999999999999962,2,4.063729277461733,32,0,1,1,0,0
678,8,1,3,7,116,-0.04000000000000001,1,2.2915257375512765,14,0,1,0,0,0
678,9,2,4,6,127,0.08000000000000002,1,2.5511054346972144,14,0,1,1,0,0
678,10,1,1,6,125,-0.01999999999999999,6,1.2566318609652747,21,0,1,0,0,0
678,11,1,3,7,65,-0.04000000000000001,9,1.59748898394873,8,0,0,1,0,0
678,12,2,4,8,83,0.04000000000000001,3,2.8485688266522877,12,0,0,0,0,0
679,1,2,4,8,113,0.04000000000000001,4,2.8061196052685844,23,0,0,1,1,0
679,2,1,2,8,107,-0.06,9,1.4606783692678105,30,0,1,0,1,0
679,3,2,5,8,127,0.04000000000000001,1,3.307315172064432,8,0,0,1,1,0
679,4,1,2,4,119,0.020000000000000004,5,1.2747624536654307,24,0,1,0,1,1
679,5,3,6,15,132,0.0,3,4.704290363712122,27,0,1,1,1,0
679,6,2,2,9,115,0.020000000000000018,1,2.6815606436817623,8,0,0,0,1,0
679,7,3,4,14,129,0.019999999999999962,3,3.79159348454583,27,0,1,1,0,1
679,8,1,3,7,116,-0.04000000000000001,2,2.1380691140910564,21,0,0,0,0,0
679,9,2,4,6,127,0.08000000000000002,2,2.3802655354613496,23,0,0,1,0,0
679,10,1,1,6,125,-0.01999999999999999,7,1.1724789844968957,19,0,0,0,0,0
679,11,1,3,7,65,-0.04000000000000001,10,1.4905099256407786,12,0,0,1,0,0
679,12,1,4,8,83,-0.06,4,2.6578086939298773,20,0,0,0,0,0
680,1,2,4,8,113,0.04000000000000001,5,2.6182021699138325,20,0,0,1,1,0
680,2,1,2,7,107,-0.04000000000000001,10,1.3628611085510507,18,0,0,0,1,0
680,3,1,5,8,127,-0.06,2,3.0858341689463478,28,0,1,1,1,0
680,4,2,3,5,120,0.1,1,2.1893954256422576,9,0,0,0,1,1
680,5,3,6,15,132,0.0,4,4.389258111112097,22,0,1,1,1,0
680,6,2,2,9,115,0.020000000000000018,2,2.5019845493617616,23,0,1,0,1,0
680,7,4,5,15,130,0.10000000000000003,1,4.537681811577263,9,0,0,1,0,0
680,8,1,2,7,116,-0.04000000000000001,3,1.9948890216328299,34,0,1,0,0,1
680,9,2,4,5,127,0.1,3,2.220866273203464,28,0,0,1,0,0
680,10,1,1,6,125,-0.01999999999999999,8,1.0939615744191766,31,0,0,0,0,0
680,11,0,2,7,65,-0.14,11,1.3906949348359199,11,0,0,1,0,0
680,12,1,4,8,83,-0.06,5,2.4798231966299285,17,0,0,0,0,0
681,1,2,4,8,113,0.04000000000000001,6,2.4428690030428637,16,0,0,1,1,0
681,2,0,2,6,107,-0.12,11,1.2715943771605565,15,0,0,0,1,0
681,3,1,5,8,127,-0.06,3,2.879185086038509,22,0,1,1,1,0
681,4,3,4,6,121,0.18,1,3.0427781636439972,16,0,0,0,1,1
681,5,3,6,15,132,0.0,5,4.095322626038117,24,0,1,1,1,1
681,6,2,2,9,115,0.020000000000000018,3,2.3344341288698756,23,0,0,0,1,0
681,7,4,5,14,130,0.12,2,4.233806835298093,28,0,1,1,0,0
681,8,2,3,8,117,0.04000000000000001,1,2.8612972716380143,16,0,0,0,0,0
681,9,1,3,5,127,0.0,4,2.0721415026902283,29,0,1,1,0,0
681,10,1,1,6,125,-0.01999999999999999,9,1.0207022404066401,24,0,0,0,0,0
681,11,0,1,7,65,-0.14,12,1.2975642553650437,11,0,0,1,0,0
681,12,1,4,8,83,-0.06,6,2.313756855633991,14,0,0,0,0,0
682,1,2,3,8,113,0.04000000000000001,7,2.279277373841621,24,0,0,1,1,1
682,2,0,2,5,107,-0.1,12,1.1864395057434973,15,0,0,0,1,0
682,3,1,5,8,127,-0.06,4,2.68637467401467,28,0,1,1,1,0
682,4,4,5,7,122,0.26,1,3.839012412607632,12,0,1,0,1,1
682,5,3,7,16,133,-0.020000000000000018,1,4.821071121080719,12,0,1,1,1,0
682,6,2,2,9,115,0.020000000000000018,4,2.178104058805081,23,0,1,0,1,0
682,7,3,4,14,130,0.019999999999999962,3,3.950281457127163,20,0,0,1,0,0
682,8,2,3,8,117,0.04000000000000001,2,2.6696847530325214,29,0,0,0,0,0
682,9,1,3,5,127,0.0,5,1.9333763851426393,29,0,0,1,0,0
682,10,1,1,5,125,0.0,10,0.9523488648349291,35,0,0,0,0,0
682,11,0,1,7,65,-0.14,13,1.2106702588944767,12,0,0,1,0,0
682,12,1,4,8,83,-0.06,7,2.1588114807009795,16,0,0,0,0,0
683,1,3,4,8,114,0.13999999999999999,1,3.126640986657606,10,0,0,1,1,0
683,2,0,2,5,107,-0.1,13,1.1069872013213065,18,0,1,0,1,0
683,3,1,5,8,127,-0.06,5,2.5064761984846236,26,0,1,1,1,1
683,4,5,6,8,123,0.33999999999999997,1,4.581925235882235,10,0,0,0,1,0
683,5,3,6,16,133,-0.020000000000000018,2,4.498218410513653,27,0,1,1,1,0
683,6,2,2,8,115,0.04000000000000001,5,2.032242945865367,21,0,0,0,1,0
683,7,2,4,14,130,-0.08000000000000002,4,3.685742925355736,20,0,0,1,0,1
683,8,2,3,8,117,0.04000000000000001,3,2.4909039515821365,23,0,0,0,0,0
683,9,1,3,5,127,0.0,6,1.8039039523962555,27,0,0,1,0,0
683,10,0,1,5,125,-0.1,11,0.8885729103436165,26,0,0,0,0,0
683,11,0,1,7,65,-0.14,14,1.1295952934209548,16,0,0,1,0,0
683,12,1,3,8,83,-0.06,8,2.01424233400244,13,0,0,0,0,0
684,1,2,4,8,114,0.04000000000000001,2,2.9172591932427414,24,0,0,1,1,0
684,2,0,2,5,107,-0.1,14,1.0328555800417767,26,0,1,0,1,0
684,3,2,6,9,128,0.020000000000000018,1,3.338624985687913,16,0,0,1,1,1
684,4,5,5,7,123,0.36,2,4.275087409833193,22,0,1,0,1,1
684,5,2,6,16,133,-0.12,3,4.196986180147497,26,0,0,1,1,0
684,6,2,2,8,115,0.04000000000000001,6,1.8961497153103375,20,0,1,0,1,0
684,7,3,5,15,131,0.0,1,4.438919747680286,16,0,0,1,0,0
684,8,2,3,8,117,0.04000000000000001,4,2.3240955655755355,28,0,1,0,0,0
684,9,1,3,5,127,0.0,7,1.6831019011493489,26,0,0,1,0,0
684,10,0,1,4,125,-0.08,12,0.8290678407364719,28,0,0,0,0,0
684,11,0,1,7,65,-0.14,15,1.0539496758464513,9,0,0,1,0,0
684,12,1,2,8,83,-0.06,9,1.8793545505743776,18,0,0,0,0,0
685,1,2,4,8,114,0.04000000000000001,3,2.721899072159528,23,0,0,1,1,0
685,2,0,2,4,107,-0.08,15,0.9636883316718633,22,0,1,0,1,0
685,3,3,7,10,129,0.09999999999999998,1,4.115047258015924,14,0,1,1,1,1
685,4,5,6,8,124,0.33999999999999997,1,4.988797595078006,14,0,1,0,1,1
685,5,2,5,16,133,-0.12,4,3.915926571101657,27,0,1,1,1,0
685,6,1,2,7,115,-0.04000000000000001,7,1.76917024127767,19,0,0,0,1,0
685,7,3,5,15,131,0.0,2,4.141658571369947,25,0,0,1,0,0
685,8,2,3,8,117,0.04000000000000001,5,2.16845783816637,25,0,0,0,0,0
685,9,1,2,5,127,0.0,8,1.570389601890665,28,0,0,1,0,0
685,10,0,1,4,125,-0.08,13,0.7735476476293117,29,0,0,0,0,0
685,11,0,1,7,65,-0.14,16,0.9833698189842629,12,0,0,1,0,0
685,12,1,2,8,83,-0.06,10,1.7534997984807237,15,0,0,0,0,0
686,1,1,4,8,114,-0.06,4,2.539621633958265,23,0,0,1,1,1
686,2,0,2,4,107,-0.08,16,0.8991530070089137,22,0,1,0,1,0
686,3,4,7,11,130,0.18000000000000002,1,4.839474853461934,15,0,1,1,1,0
686,4,6,7,8,125,0.43999999999999995,1,5.654712744307263,15,0,1,0,1,0
686,5,2,5,16,133,-0.12,5,3.6536886832734514,27,0,1,1,1,0
686,6,1,2,7,115,-0.04000000000000001,8,1.6506942027571998,19,0,0,0,1,0
686,7,3,5,15,131,0.0,3,3.864304086769362,25,0,0,1,0,0
686,8,2,2,8,117,0.04000000000000001,6,2.0232427037658067,25,0,0,0,0,0
686,9,1,2,5,127,0.0,9,1.465225308130343,28,0,0,1,0,0
686,10,0,1,4,125,-0.08,14,0.7217454757638369,29,0,0,0,0,0
686,11,0,1,6,65,-0.12,17,0.9175164839938956,12,0,0,1,0,0
686,12,0,2,8,83,-0.16,11,1.6360731626356586,15,0,0,0,0,1
687,1,2,4,9,115,0.020000000000000018,1,3.369550770503675,7,0,0,1,1,1
687,2,0,2,3,107,-0.06,17,0.8389394199788427,15,0,1,0,1,0
687,3,4,6,11,130,0.18000000000000002,2,4.515389699992741,21,0,0,1,1,0
687,4,6,7,8,125,0.43999999999999995,2,5.2760335481023155,17,0,0,0,1,0
687,5,1,5,16,133,-0.22,6,3.409012082298807,24,0,0,1,1,0
687,6,1,2,6,115,-0.01999999999999999,9,1.5401521501110154,22,0,0,0,1,0
687,7,2,5,15,131,-0.09999999999999998,4,3.6055232022863284,21,0,0,1,0,0
687,8,2,2,8,117,0.04000000000000001,7,1.8877521924996292,14,0,0,0,0,1
687,9,1,2,5,127,0.0,10,1.3671035525202944,17,0,0,1,0,0
687,10,0,1,4,125,-0.08,15,0.673412340380089,19,0,0,0,0,0
687,11,0,1,6,65,-0.12,18,0.8560731498451577,15,0,1,1,0,0
687,12,1,3,9,84,-0.07999999999999999,1,2.5265102373070345,7,0,0,0,0,0
688,1,3,5,10,116,0.09999999999999998,1,4.143902035538199,8,0,0,1,1,0
688,2,0,1,3,107,-0.06,18,0.7827581567410137,19,0,1,0,1,0
688,3,4,5,10,130,0.2,3,4.213007559738714,22,0,0,1,1,0
688,4,6,7,8,125,0.43999999999999995,3,4.922713364834459,26,0,0,0,1,1
688,5,1,5,15,133,-0.19999999999999998,7,3.180720741332377,28,0,0,1,1,1
688,6,1,2,6,115,-0.01999999999999999,10,1.4370127680399267,22,0,0,0,1,0
688,7,2,5,15,131,-0.09999999999999998,5,3.3640720994845825,30,0,1,1,0,0
688,8,2,3,9,118,0.020000000000000018,1,2.761335075448096,8,0,0,0,0,0
688,9,0,2,5,127,-0.1,11,1.2755527173486072,26,0,1,1,0,0
688,10,0,1,4,125,-0.08,16,0.6283159304826372,18,0,0,0,0,0
688,11,0,1,6,65,-0.12,19,0.798744491974365,13,0,0,1,0,0
688,12,1,3,9,84,-0.07999999999999999,2,2.3573174048629517,14,0,0,0,0,0
689,1,3,5,10,116,0.09999999999999998,2,3.866397312853671,25,0,0,1,1,0
689,2,0,1,3,107,-0.06,19,0.7303391846339052,15,0,0,0,1,0
689,3,3,5,10,130,0.09999999999999998,4,3.9308750468301974,30,0,1,1,1,0
689,4,7,8,9,126,0.52,1,5.593053977269719,13,0,1,0,1,1
689,5,2,5,16,134,-0.12,1,3.9677173885285195,13,0,1,1,1,1
689,6,0,2,6,115,-0.12,11,1.3407803218408811,23,0,1,0,1,0
689,7,2,5,14,131,-0.08000000000000002,6,3.1387902547276085,20,0,0,1,0,0
689,8,2,3,9,118,0.020000000000000018,2,2.576416726080853,29,0,0,0,0,0
689,9,0,2,5,127,-0.1,12,1.1901327677306748,29,0,0,1,0,0
689,10,0,1,4,125,-0.08,17,0.5862394922484477,35,0,0,0,0,0
689,11,0,1,5,65,-0.1,20,0.7452549628203893,12,0,0,1,0,0
689,12,1,2,9,84,-0.07999999999999999,3,2.199454910261063,16,0,0,0,0,0
